2026-01-13 12:21:15,Nitro Tap,11.2%,UPDATE
2026-01-13 12:21:29,Wisco Tap,54.4%,UPDATE
2026-01-13 12:21:36,Wisco Tap,54.5%,UPDATE
2026-01-13 12:23:21,Wisco Tap,54.6%,UPDATE
2026-01-13 12:23:22,Wisco Tap,54.7%,UPDATE
2026-01-13 12:23:30,Wisco Tap,54.8%,UPDATE
2026-01-13 12:24:06,Law Tap,29.8%,UPDATE
2026-01-13 12:24:25,Wisco Tap,54.9%,UPDATE
2026-01-13 12:25:22,Wisco Tap,55.0%,UPDATE
2026-01-13 12:25:45,Nitro Tap,11.3%,UPDATE
2026-01-13 12:27:00,Wisco Tap,55.1%,UPDATE
2026-01-13 12:28:38,Nitro Tap,11.4%,UPDATE
2026-01-13 12:32:45,Wisco Tap,55.2%,UPDATE
2026-01-13 12:32:59,Law Tap,29.9%,UPDATE
2026-01-13 12:33:49,Nitro Tap,11.5%,UPDATE
2026-01-13 12:36:47,Nitro Tap,11.6%,UPDATE
2026-01-13 12:40:36,Wisco Tap,55.1%,UPDATE
2026-01-13 12:41:14,Nitro Tap,11.7%,UPDATE
2026-01-13 12:46:35,Nitro Tap,11.8%,UPDATE
2026-01-13 12:51:48,Nitro Tap,11.9%,UPDATE
2026-01-13 13:00:16,Nitro Tap,11.8%,UPDATE
2026-01-13 13:00:33,Nitro Tap,11.7%,UPDATE
2026-01-13 13:00:44,Nitro Tap,11.6%,UPDATE
2026-01-13 13:00:58,Nitro Tap,11.5%,UPDATE
2026-01-13 13:01:16,Nitro Tap,11.4%,UPDATE
2026-01-13 13:01:42,Nitro Tap,11.3%,UPDATE
2026-01-13 13:02:29,Nitro Tap,11.2%,UPDATE
2026-01-13 13:02:55,Nitro Tap,11.1%,UPDATE
2026-01-13 13:03:29,Nitro Tap,11.0%,UPDATE
2026-01-13 13:04:29,Nitro Tap,10.9%,UPDATE
2026-01-13 13:05:40,Wisco Tap,55.2%,UPDATE
2026-01-13 13:06:56,Wisco Tap,55.1%,UPDATE
2026-01-13 13:07:21,Nitro Tap,10.8%,UPDATE
2026-01-13 13:08:53,Nitro Tap,10.7%,UPDATE
2026-01-13 13:09:35,Nitro Tap,10.6%,UPDATE
2026-01-13 13:10:30,Nitro Tap,10.5%,UPDATE
2026-01-13 13:10:58,Nitro Tap,10.4%,UPDATE
2026-01-13 13:11:09,Wisco Tap,55.2%,UPDATE
2026-01-13 13:12:42,Nitro Tap,10.3%,UPDATE
2026-01-13 13:13:08,Nitro Tap,10.2%,UPDATE
2026-01-13 13:13:19,Wisco Tap,55.1%,UPDATE
2026-01-13 13:13:58,Nitro Tap,10.1%,UPDATE
2026-01-13 13:15:58,Nitro Tap,11.84 pts,POUR
2026-01-13 13:26:57,Nitro Tap,10.0%,UPDATE
2026-01-13 13:29:31,Nitro Tap,10.1%,UPDATE
2026-01-13 13:32:32,Nitro Tap,10.2%,UPDATE
2026-01-13 13:33:33,Nitro Tap,10.3%,UPDATE
2026-01-13 13:34:00,Nitro Tap,10.4%,UPDATE
2026-01-13 13:41:01,Nitro Tap,10.5%,UPDATE
2026-01-13 13:45:56,Nitro Tap,10.6%,UPDATE
2026-01-13 13:48:33,Nitro Tap,10.7%,UPDATE
2026-01-13 13:53:02,Nitro Tap,10.8%,UPDATE
2026-01-13 13:54:58,Nitro Tap,10.9%,UPDATE
2026-01-13 13:57:13,Law Tap,30.0%,UPDATE
2026-01-13 13:59:03,Nitro Tap,11.0%,UPDATE
2026-01-13 14:02:38,Nitro Tap,11.1%,UPDATE
2026-01-13 14:05:52,Nitro Tap,11.2%,UPDATE
2026-01-13 14:09:03,Wisco Tap,55.0%,UPDATE
2026-01-13 14:09:27,Nitro Tap,11.3%,UPDATE
2026-01-13 14:13:37,Nitro Tap,11.4%,UPDATE
2026-01-13 14:17:28,Nitro Tap,11.5%,UPDATE
2026-01-13 14:20:52,Law Tap,30.1%,UPDATE
2026-01-13 14:21:09,Nitro Tap,11.6%,UPDATE
2026-01-13 14:25:40,Nitro Tap,11.7%,UPDATE
2026-01-13 14:31:52,Nitro Tap,11.8%,UPDATE
2026-01-13 14:38:00,Nitro Tap,11.9%,UPDATE
2026-01-13 14:45:45,Nitro Tap,11.8%,UPDATE
2026-01-13 14:45:52,Nitro Tap,11.7%,UPDATE
2026-01-13 14:46:01,Nitro Tap,11.6%,UPDATE
2026-01-13 14:46:12,Nitro Tap,11.5%,UPDATE
2026-01-13 14:46:30,Nitro Tap,11.4%,UPDATE
2026-01-13 14:46:47,Nitro Tap,11.3%,UPDATE
2026-01-13 14:47:50,Nitro Tap,11.2%,UPDATE
2026-01-13 14:48:15,Nitro Tap,11.1%,UPDATE
2026-01-13 14:49:00,Nitro Tap,11.0%,UPDATE
2026-01-13 14:50:05,Nitro Tap,10.9%,UPDATE
2026-01-13 14:51:03,Nitro Tap,10.8%,UPDATE
2026-01-13 14:53:14,Nitro Tap,10.7%,UPDATE
2026-01-13 14:54:41,Nitro Tap,10.6%,UPDATE
2026-01-13 14:55:42,Nitro Tap,10.5%,UPDATE
2026-01-13 14:56:37,Nitro Tap,10.4%,UPDATE
2026-01-13 14:57:24,Wisco Tap,55.1%,UPDATE
2026-01-13 14:59:28,Nitro Tap,10.1%,UPDATE
2026-01-13 15:09:56,Law Tap,30.2%,UPDATE
2026-01-13 15:11:59,Nitro Tap,10.0%,UPDATE
2026-01-13 15:13:02,Nitro Tap,10.1%,UPDATE
2026-01-13 15:15:05,Nitro Tap,10.2%,UPDATE
2026-01-13 15:17:22,Nitro Tap,10.3%,UPDATE
2026-01-13 15:19:32,Nitro Tap,10.4%,UPDATE
2026-01-13 15:21:22,Nitro Tap,10.5%,UPDATE
2026-01-13 15:27:23,Nitro Tap,10.6%,UPDATE
2026-01-13 15:32:34,Nitro Tap,10.7%,UPDATE
2026-01-13 15:34:08,Nitro Tap,10.7%,UPDATE
2026-01-13 15:34:32,Nitro Tap,10.8%,UPDATE
2026-01-13 15:38:06,Nitro Tap,10.9%,UPDATE
2026-01-13 15:42:07,Nitro Tap,11.0%,UPDATE
2026-01-13 15:43:36,Wisco Tap,55.2%,UPDATE
2026-01-13 15:45:05,Nitro Tap,11.1%,UPDATE
2026-01-13 15:48:52,Wisco Tap,55.3%,UPDATE
2026-01-13 15:49:06,Nitro Tap,11.2%,UPDATE
2026-01-13 15:52:24,Nitro Tap,11.3%,UPDATE
2026-01-13 15:56:57,Wisco Tap,55.2%,UPDATE
2026-01-13 15:57:28,Nitro Tap,11.4%,UPDATE
2026-01-13 16:00:44,Nitro Tap,11.5%,UPDATE
2026-01-13 16:06:28,Nitro Tap,11.6%,UPDATE
2026-01-13 16:08:33,Nitro Tap,11.7%,UPDATE
2026-01-13 16:14:34,Nitro Tap,11.8%,UPDATE
2026-01-13 16:19:30,Nitro Tap,11.9%,UPDATE
2026-01-13 16:20:51,Law Tap,30.3%,UPDATE
2026-01-13 16:29:08,Nitro Tap,11.8%,UPDATE
2026-01-13 16:29:15,Nitro Tap,11.7%,UPDATE
2026-01-13 16:29:30,Nitro Tap,11.6%,UPDATE
2026-01-13 16:30:04,Nitro Tap,11.5%,UPDATE
2026-01-13 16:30:15,Nitro Tap,11.4%,UPDATE
2026-01-13 16:30:40,Nitro Tap,11.3%,UPDATE
2026-01-13 16:31:30,Nitro Tap,11.2%,UPDATE
2026-01-13 16:32:02,Nitro Tap,11.1%,UPDATE
2026-01-13 16:32:37,Nitro Tap,11.0%,UPDATE
2026-01-13 16:33:37,Nitro Tap,10.9%,UPDATE
2026-01-13 16:36:01,Nitro Tap,10.8%,UPDATE
2026-01-13 16:37:09,Nitro Tap,10.7%,UPDATE
2026-01-13 16:38:55,Nitro Tap,10.6%,UPDATE
2026-01-13 16:39:37,Nitro Tap,10.5%,UPDATE
2026-01-13 16:41:26,Nitro Tap,10.4%,UPDATE
2026-01-13 16:42:15,Nitro Tap,10.3%,UPDATE
2026-01-13 16:43:05,Nitro Tap,10.2%,UPDATE
2026-01-13 16:43:43,Nitro Tap,10.1%,UPDATE
2026-01-13 16:44:34,Nitro Tap,10.0%,UPDATE
2026-01-13 16:46:02,Nitro Tap,12.21 pts,POUR
2026-01-13 16:48:32,Nitro Tap,10.1%,UPDATE
2026-01-13 16:48:43,Nitro Tap,10.2%,UPDATE
2026-01-13 16:50:20,Law Tap,30.2%,UPDATE
2026-01-13 16:50:44,Wisco Tap,55.1%,UPDATE
2026-01-13 16:50:46,Wisco Tap,55.0%,UPDATE
2026-01-13 16:50:56,Wisco Tap,54.9%,UPDATE
2026-01-13 16:51:06,Wisco Tap,54.8%,UPDATE
2026-01-13 16:51:17,Wisco Tap,54.7%,UPDATE
2026-01-13 16:51:23,Wisco Tap,54.6%,UPDATE
2026-01-13 16:51:50,Wisco Tap,54.5%,UPDATE
2026-01-13 16:52:24,Wisco Tap,54.4%,UPDATE
2026-01-13 16:53:21,Wisco Tap,54.3%,UPDATE
2026-01-13 16:53:41,Nitro Tap,10.3%,UPDATE
2026-01-13 16:53:53,Wisco Tap,54.2%,UPDATE
2026-01-13 16:54:20,Wisco Tap,54.1%,UPDATE
2026-01-13 16:54:36,Nitro Tap,10.4%,UPDATE
2026-01-13 16:54:56,Wisco Tap,54.0%,UPDATE
2026-01-13 16:55:09,Law Tap,30.1%,UPDATE
2026-01-13 16:55:42,Law Tap,30.0%,UPDATE
2026-01-13 16:56:43,Nitro Tap,10.5%,UPDATE
2026-01-13 16:57:20,Wisco Tap,53.9%,UPDATE
2026-01-13 16:57:34,Law Tap,29.9%,UPDATE
2026-01-13 16:58:24,Law Tap,29.8%,UPDATE
2026-01-13 17:00:45,Law Tap,2.84 pts,POUR
2026-01-13 17:01:59,Nitro Tap,10.6%,UPDATE
2026-01-13 17:03:33,Wisco Tap,53.8%,UPDATE
2026-01-13 17:05:25,Wisco Tap,8.79 pts,POUR
2026-01-13 17:06:38,Law Tap,29.7%,UPDATE
2026-01-13 17:07:38,Nitro Tap,10.7%,UPDATE
2026-01-13 17:10:59,Nitro Tap,10.8%,UPDATE
2026-01-13 17:15:05,Nitro Tap,10.9%,UPDATE
2026-01-13 17:18:06,Nitro Tap,11.0%,UPDATE
2026-01-13 17:19:34,Wisco Tap,53.9%,UPDATE
2026-01-13 17:23:02,Nitro Tap,11.1%,UPDATE
2026-01-13 17:26:15,Nitro Tap,11.2%,UPDATE
2026-01-13 17:30:00,Nitro Tap,11.3%,UPDATE
2026-01-13 17:34:06,Nitro Tap,11.4%,UPDATE
2026-01-13 17:39:17,Nitro Tap,11.5%,UPDATE
2026-01-13 17:45:00,Nitro Tap,11.6%,UPDATE
2026-01-13 17:50:09,Nitro Tap,11.7%,UPDATE
2026-01-13 17:56:41,Nitro Tap,11.6%,UPDATE
2026-01-13 17:56:59,Nitro Tap,11.5%,UPDATE
2026-01-13 17:57:14,Nitro Tap,11.4%,UPDATE
2026-01-13 17:58:16,Law Tap,29.6%,UPDATE
2026-01-13 17:59:17,Nitro Tap,11.3%,UPDATE
2026-01-13 17:59:21,Nitro Tap,11.2%,UPDATE
2026-01-13 17:59:48,Nitro Tap,11.1%,UPDATE
2026-01-13 18:00:20,Nitro Tap,11.0%,UPDATE
2026-01-13 18:00:54,Nitro Tap,10.9%,UPDATE
2026-01-13 18:03:13,Nitro Tap,10.8%,UPDATE
2026-01-13 18:06:47,Nitro Tap,10.7%,UPDATE
2026-01-13 18:07:08,Wisco Tap,54.0%,UPDATE
2026-01-13 18:07:20,Nitro Tap,10.6%,UPDATE
2026-01-13 18:07:26,Nitro Tap,10.5%,UPDATE
2026-01-13 18:09:07,Nitro Tap,10.4%,UPDATE
2026-01-13 18:09:49,Nitro Tap,10.3%,UPDATE
2026-01-13 18:10:14,Nitro Tap,10.2%,UPDATE
2026-01-13 18:11:03,Nitro Tap,9.64 pts,POUR
2026-01-13 18:13:09,Nitro Tap,10.1%,UPDATE
2026-01-13 18:15:02,Wisco Tap,54.1%,UPDATE
2026-01-13 18:24:29,Wisco Tap,54.2%,UPDATE
2026-01-13 18:24:50,Wisco Tap,54.3%,UPDATE
2026-01-13 18:25:04,Wisco Tap,54.4%,UPDATE
2026-01-13 18:25:16,Wisco Tap,54.5%,UPDATE
2026-01-13 18:25:38,Wisco Tap,54.6%,UPDATE
2026-01-13 18:26:39,Law Tap,29.7%,UPDATE
2026-01-13 18:26:53,Wisco Tap,54.7%,UPDATE
2026-01-13 18:27:05,Wisco Tap,54.8%,UPDATE
2026-01-13 18:27:46,Wisco Tap,54.9%,UPDATE
2026-01-13 18:28:00,Law Tap,29.8%,UPDATE
2026-01-13 18:28:24,Nitro Tap,10.2%,UPDATE
2026-01-13 18:29:29,Nitro Tap,10.3%,UPDATE
2026-01-13 18:29:41,Wisco Tap,55.0%,UPDATE
2026-01-13 18:30:07,Wisco Tap,55.1%,UPDATE
2026-01-13 18:30:21,Nitro Tap,10.4%,UPDATE
2026-01-13 18:31:34,Law Tap,29.9%,UPDATE
2026-01-13 18:33:43,Wisco Tap,55.2%,UPDATE
2026-01-13 18:36:28,Wisco Tap,55.3%,UPDATE
2026-01-13 18:36:50,Nitro Tap,10.5%,UPDATE
2026-01-13 18:38:41,Law Tap,30.0%,UPDATE
2026-01-13 18:41:22,Nitro Tap,10.6%,UPDATE
2026-01-13 18:43:57,Nitro Tap,10.7%,UPDATE
2026-01-13 18:46:59,Nitro Tap,10.8%,UPDATE
2026-01-13 18:50:26,Nitro Tap,10.9%,UPDATE
2026-01-13 18:53:26,Nitro Tap,11.0%,UPDATE
2026-01-13 18:56:59,Nitro Tap,11.1%,UPDATE
2026-01-13 19:01:04,Nitro Tap,11.2%,UPDATE
2026-01-13 19:05:36,Nitro Tap,11.3%,UPDATE
2026-01-13 19:08:01,Nitro Tap,11.4%,UPDATE
2026-01-13 19:11:43,Nitro Tap,11.5%,UPDATE
2026-01-13 19:15:03,Nitro Tap,11.6%,UPDATE
2026-01-13 19:19:26,Nitro Tap,11.7%,UPDATE
2026-01-13 19:19:50,Wisco Tap,55.2%,UPDATE
2026-01-13 19:23:46,Nitro Tap,11.8%,UPDATE
2026-01-13 19:29:19,Wisco Tap,55.1%,UPDATE
2026-01-13 19:29:32,Nitro Tap,11.9%,UPDATE
2026-01-13 19:38:18,Law Tap,30.1%,UPDATE
2026-01-13 19:41:18,Nitro Tap,11.8%,UPDATE
2026-01-13 19:41:29,Nitro Tap,11.7%,UPDATE
2026-01-13 19:41:37,Nitro Tap,11.6%,UPDATE
2026-01-13 19:41:51,Nitro Tap,11.5%,UPDATE
2026-01-13 19:42:09,Nitro Tap,11.4%,UPDATE
2026-01-13 19:42:27,Nitro Tap,11.3%,UPDATE
2026-01-13 19:43:15,Nitro Tap,11.2%,UPDATE
2026-01-13 19:43:47,Nitro Tap,11.1%,UPDATE
2026-01-13 19:44:13,Nitro Tap,11.0%,UPDATE
2026-01-13 19:45:03,Wisco Tap,55.0%,UPDATE
2026-01-13 19:45:17,Nitro Tap,10.9%,UPDATE
2026-01-13 19:46:17,Nitro Tap,10.8%,UPDATE
2026-01-13 19:49:07,Nitro Tap,10.7%,UPDATE
2026-01-13 19:50:17,Nitro Tap,10.6%,UPDATE
2026-01-13 19:51:15,Nitro Tap,10.5%,UPDATE
2026-01-13 19:51:48,Nitro Tap,10.4%,UPDATE
2026-01-13 19:52:44,Nitro Tap,10.3%,UPDATE
2026-01-13 19:53:42,Nitro Tap,10.2%,UPDATE
2026-01-13 19:54:17,Nitro Tap,10.1%,UPDATE
2026-01-13 19:58:17,Nitro Tap,11.33 pts,POUR
2026-01-13 20:07:18,Nitro Tap,10.0%,UPDATE
2026-01-13 20:09:18,Nitro Tap,10.1%,UPDATE
2026-01-13 20:13:00,Nitro Tap,10.2%,UPDATE
2026-01-13 20:14:26,Nitro Tap,10.3%,UPDATE
2026-01-13 20:16:26,Nitro Tap,10.4%,UPDATE
2026-01-13 20:20:18,Nitro Tap,10.5%,UPDATE
2026-01-13 20:24:39,Law Tap,30.2%,UPDATE
2026-01-13 20:25:51,Nitro Tap,10.6%,UPDATE
2026-01-13 20:28:53,Nitro Tap,10.7%,UPDATE
2026-01-13 20:31:20,Wisco Tap,55.1%,UPDATE
2026-01-13 20:32:29,Nitro Tap,10.8%,UPDATE
2026-01-13 20:35:52,Nitro Tap,10.9%,UPDATE
2026-01-13 20:38:52,Nitro Tap,11.0%,UPDATE
2026-01-13 20:41:55,Nitro Tap,11.1%,UPDATE
2026-01-13 20:46:23,Nitro Tap,11.2%,UPDATE
2026-01-13 20:50:36,Nitro Tap,11.3%,UPDATE
2026-01-13 20:53:36,Nitro Tap,11.4%,UPDATE
2026-01-13 20:57:56,Nitro Tap,11.5%,UPDATE
2026-01-13 21:00:21,Wisco Tap,55.0%,UPDATE
2026-01-13 21:01:53,Nitro Tap,11.6%,UPDATE
2026-01-13 21:06:04,Nitro Tap,11.7%,UPDATE
2026-01-13 21:13:38,Nitro Tap,11.8%,UPDATE
2026-01-13 21:18:33,Nitro Tap,11.9%,UPDATE
2026-01-13 21:24:21,Nitro Tap,11.8%,UPDATE
2026-01-13 21:24:31,Nitro Tap,11.7%,UPDATE
2026-01-13 21:24:43,Nitro Tap,11.6%,UPDATE
2026-01-13 21:24:56,Nitro Tap,11.5%,UPDATE
2026-01-13 21:25:14,Nitro Tap,11.4%,UPDATE
2026-01-13 21:25:30,Nitro Tap,11.3%,UPDATE
2026-01-13 21:26:06,Nitro Tap,11.2%,UPDATE
2026-01-13 21:26:20,Law Tap,30.3%,UPDATE
2026-01-13 21:26:39,Nitro Tap,11.1%,UPDATE
2026-01-13 21:27:24,Nitro Tap,11.0%,UPDATE
2026-01-13 21:28:25,Nitro Tap,10.9%,UPDATE
2026-01-13 21:29:25,Nitro Tap,10.8%,UPDATE
2026-01-13 21:30:53,Wisco Tap,55.1%,UPDATE
2026-01-13 21:31:33,Nitro Tap,10.7%,UPDATE
2026-01-13 21:33:07,Nitro Tap,10.6%,UPDATE
2026-01-13 21:35:06,Nitro Tap,10.5%,UPDATE
2026-01-13 21:35:54,Nitro Tap,10.4%,UPDATE
2026-01-13 21:36:34,Nitro Tap,10.3%,UPDATE
2026-01-13 21:37:48,Nitro Tap,10.2%,UPDATE
2026-01-13 21:41:21,Nitro Tap,10.1%,UPDATE
2026-01-13 21:42:02,Nitro Tap,10.2%,UPDATE
2026-01-13 21:42:45,Nitro Tap,10.1%,UPDATE
2026-01-13 21:44:20,Nitro Tap,10.2%,UPDATE
2026-01-13 21:45:11,Nitro Tap,10.3%,UPDATE
2026-01-13 21:45:43,Nitro Tap,10.4%,UPDATE
2026-01-13 21:47:41,Nitro Tap,10.5%,UPDATE
2026-01-13 21:51:15,Wisco Tap,55.2%,UPDATE
2026-01-13 21:51:50,Nitro Tap,10.6%,UPDATE
2026-01-13 21:56:43,Nitro Tap,7.61 pts,POUR
2026-01-13 21:57:42,Nitro Tap,10.7%,UPDATE
2026-01-13 22:01:57,Nitro Tap,10.8%,UPDATE
2026-01-13 22:06:18,Nitro Tap,10.9%,UPDATE
2026-01-13 22:10:30,Nitro Tap,11.0%,UPDATE
2026-01-13 22:14:59,Nitro Tap,11.1%,UPDATE
2026-01-13 22:19:48,Nitro Tap,11.2%,UPDATE
2026-01-13 22:24:13,Nitro Tap,11.3%,UPDATE
2026-01-13 22:29:13,Nitro Tap,11.4%,UPDATE
2026-01-13 22:32:48,Nitro Tap,11.5%,UPDATE
2026-01-13 22:38:31,Nitro Tap,11.6%,UPDATE
2026-01-13 22:39:52,Nitro Tap,11.6%,UPDATE
2026-01-13 22:41:50,Wisco Tap,55.1%,UPDATE
2026-01-13 22:42:02,Wisco Tap,55.0%,UPDATE
2026-01-13 22:42:09,Wisco Tap,54.9%,UPDATE
2026-01-13 22:42:24,Wisco Tap,54.8%,UPDATE
2026-01-13 22:42:40,Wisco Tap,54.7%,UPDATE
2026-01-13 22:43:03,Wisco Tap,54.6%,UPDATE
2026-01-13 22:43:22,Wisco Tap,54.5%,UPDATE
2026-01-13 22:44:10,Law Tap,29.9%,UPDATE
2026-01-13 22:44:28,Nitro Tap,11.7%,UPDATE
2026-01-13 22:44:38,Wisco Tap,54.4%,UPDATE
2026-01-13 22:45:03,Wisco Tap,54.3%,UPDATE
2026-01-13 22:45:55,Nitro Tap,11.6%,UPDATE
2026-01-13 22:46:06,Nitro Tap,11.5%,UPDATE
2026-01-13 22:46:26,Nitro Tap,11.4%,UPDATE
2026-01-13 22:46:58,Wisco Tap,54.2%,UPDATE
2026-01-13 22:47:08,Nitro Tap,11.3%,UPDATE
2026-01-13 22:47:22,Wisco Tap,54.1%,UPDATE
2026-01-13 22:47:33,Nitro Tap,11.2%,UPDATE
2026-01-13 22:48:08,Nitro Tap,11.1%,UPDATE
2026-01-13 22:49:08,Wisco Tap,54.0%,UPDATE
2026-01-13 22:49:22,Nitro Tap,11.0%,UPDATE
2026-01-13 22:50:02,Law Tap,29.8%,UPDATE
2026-01-13 22:50:37,Nitro Tap,10.9%,UPDATE
2026-01-13 22:51:15,Wisco Tap,53.9%,UPDATE
2026-01-13 22:52:24,Nitro Tap,10.8%,UPDATE
2026-01-13 22:53:00,Wisco Tap,7.91 pts,POUR
2026-01-13 22:54:23,Nitro Tap,10.7%,UPDATE
2026-01-13 22:55:19,Nitro Tap,10.6%,UPDATE
2026-01-13 22:56:15,Wisco Tap,53.8%,UPDATE
2026-01-13 22:57:54,Nitro Tap,10.5%,UPDATE
2026-01-13 22:58:20,Nitro Tap,10.4%,UPDATE
2026-01-13 22:58:51,Nitro Tap,10.3%,UPDATE
2026-01-13 22:59:55,Nitro Tap,10.2%,UPDATE
2026-01-13 23:01:53,Nitro Tap,10.1%,UPDATE
2026-01-13 23:03:19,Nitro Tap,10.52 pts,POUR
2026-01-13 23:03:30,Nitro Tap,10.2%,UPDATE
2026-01-13 23:03:37,Nitro Tap,10.3%,UPDATE
2026-01-13 23:04:23,Nitro Tap,10.2%,UPDATE
2026-01-13 23:05:14,Wisco Tap,53.9%,UPDATE
2026-01-13 23:07:20,Nitro Tap,10.3%,UPDATE
2026-01-13 23:07:51,Nitro Tap,10.4%,UPDATE
2026-01-13 23:08:52,Nitro Tap,10.5%,UPDATE
2026-01-13 23:12:07,Wisco Tap,54.0%,UPDATE
2026-01-13 23:13:21,Nitro Tap,10.6%,UPDATE
2026-01-13 23:15:03,Law Tap,29.7%,UPDATE
2026-01-13 23:17:53,Nitro Tap,10.7%,UPDATE
2026-01-13 23:22:17,Wisco Tap,54.1%,UPDATE
2026-01-13 23:23:20,Nitro Tap,10.8%,UPDATE
2026-01-13 23:26:56,Nitro Tap,10.9%,UPDATE
2026-01-13 23:31:22,Nitro Tap,11.0%,UPDATE
2026-01-13 23:34:03,Nitro Tap,11.1%,UPDATE
2026-01-13 23:37:10,Wisco Tap,54.0%,UPDATE
2026-01-13 23:37:58,Nitro Tap,11.2%,UPDATE
2026-01-13 23:42:26,Nitro Tap,11.3%,UPDATE
2026-01-13 23:43:44,Wisco Tap,54.1%,UPDATE
2026-01-13 23:46:23,Nitro Tap,11.4%,UPDATE
2026-01-13 23:51:20,Nitro Tap,11.5%,UPDATE
2026-01-13 23:56:44,Law Tap,29.6%,UPDATE
2026-01-13 23:56:56,Nitro Tap,11.6%,UPDATE
2026-01-14 00:00:54,Nitro Tap,11.7%,UPDATE
2026-01-14 00:04:01,Wisco Tap,54.2%,UPDATE
2026-01-14 00:06:41,Nitro Tap,11.8%,UPDATE
2026-01-14 00:08:50,Nitro Tap,11.7%,UPDATE
2026-01-14 00:09:05,Nitro Tap,11.6%,UPDATE
2026-01-14 00:09:16,Nitro Tap,11.5%,UPDATE
2026-01-14 00:09:40,Nitro Tap,11.4%,UPDATE
2026-01-14 00:10:25,Nitro Tap,11.3%,UPDATE
2026-01-14 00:10:55,Nitro Tap,11.2%,UPDATE
2026-01-14 00:11:21,Nitro Tap,11.1%,UPDATE
2026-01-14 00:12:01,Nitro Tap,11.0%,UPDATE
2026-01-14 00:13:38,Nitro Tap,10.9%,UPDATE
2026-01-14 00:15:46,Nitro Tap,10.8%,UPDATE
2026-01-14 00:16:49,Wisco Tap,54.3%,UPDATE
2026-01-14 00:17:08,Wisco Tap,54.4%,UPDATE
2026-01-14 00:17:20,Wisco Tap,54.5%,UPDATE
2026-01-14 00:17:39,Wisco Tap,54.6%,UPDATE
2026-01-14 00:18:06,Wisco Tap,54.7%,UPDATE
2026-01-14 00:18:28,Nitro Tap,10.7%,UPDATE
2026-01-14 00:18:41,Wisco Tap,54.8%,UPDATE
2026-01-14 00:19:03,Law Tap,29.7%,UPDATE
2026-01-14 00:19:17,Wisco Tap,54.9%,UPDATE
2026-01-14 00:19:29,Nitro Tap,10.6%,UPDATE
2026-01-14 00:20:04,Nitro Tap,10.5%,UPDATE
2026-01-14 00:20:13,Nitro Tap,10.4%,UPDATE
2026-01-14 00:20:27,Wisco Tap,55.0%,UPDATE
2026-01-14 00:20:42,Law Tap,29.8%,UPDATE
2026-01-14 00:21:01,Nitro Tap,10.3%,UPDATE
2026-01-14 00:21:54,Wisco Tap,55.1%,UPDATE
2026-01-14 00:22:15,Nitro Tap,10.2%,UPDATE
2026-01-14 00:22:39,Law Tap,29.9%,UPDATE
2026-01-14 00:23:55,Nitro Tap,10.11 pts,POUR
2026-01-14 00:24:20,Wisco Tap,55.2%,UPDATE
2026-01-14 00:25:09,Wisco Tap,55.3%,UPDATE
2026-01-14 00:29:40,Law Tap,30.0%,UPDATE
2026-01-14 00:30:31,Nitro Tap,10.1%,UPDATE
2026-01-14 00:32:29,Wisco Tap,55.4%,UPDATE
2026-01-14 00:36:00,Nitro Tap,10.2%,UPDATE
2026-01-14 00:36:06,Nitro Tap,10.3%,UPDATE
2026-01-14 00:36:24,Nitro Tap,10.4%,UPDATE
2026-01-14 00:36:41,Nitro Tap,10.3%,UPDATE
2026-01-14 00:36:51,Nitro Tap,10.2%,UPDATE
2026-01-14 00:40:42,Nitro Tap,10.3%,UPDATE
2026-01-14 00:43:17,Nitro Tap,10.4%,UPDATE
2026-01-14 00:46:28,Nitro Tap,10.5%,UPDATE
2026-01-14 00:47:18,Nitro Tap,10.6%,UPDATE
2026-01-14 00:51:18,Nitro Tap,10.7%,UPDATE
2026-01-14 00:55:18,Nitro Tap,10.8%,UPDATE
2026-01-14 00:57:19,Nitro Tap,10.9%,UPDATE
2026-01-14 01:01:14,Nitro Tap,11.0%,UPDATE
2026-01-14 01:05:32,Nitro Tap,11.1%,UPDATE
2026-01-14 01:06:49,Nitro Tap,11.2%,UPDATE
2026-01-14 01:12:04,Nitro Tap,11.3%,UPDATE
2026-01-14 01:14:43,Nitro Tap,11.4%,UPDATE
2026-01-14 01:18:21,Nitro Tap,11.5%,UPDATE
2026-01-14 01:22:41,Nitro Tap,11.6%,UPDATE
2026-01-14 01:27:40,Nitro Tap,11.7%,UPDATE
2026-01-14 01:31:42,Nitro Tap,11.8%,UPDATE
2026-01-14 01:35:22,Nitro Tap,11.9%,UPDATE
2026-01-14 01:37:30,Law Tap,30.1%,UPDATE
2026-01-14 01:41:18,Wisco Tap,55.3%,UPDATE
2026-01-14 01:44:17,Nitro Tap,12.0%,UPDATE
2026-01-14 01:51:49,Nitro Tap,11.9%,UPDATE
2026-01-14 01:51:53,Nitro Tap,11.8%,UPDATE
2026-01-14 01:51:58,Nitro Tap,11.7%,UPDATE
2026-01-14 01:52:08,Nitro Tap,11.6%,UPDATE
2026-01-14 01:52:21,Nitro Tap,11.5%,UPDATE
2026-01-14 01:52:29,Nitro Tap,11.4%,UPDATE
2026-01-14 01:52:51,Nitro Tap,11.3%,UPDATE
2026-01-14 01:53:43,Nitro Tap,11.2%,UPDATE
2026-01-14 01:54:37,Nitro Tap,11.1%,UPDATE
2026-01-14 01:55:06,Nitro Tap,11.0%,UPDATE
2026-01-14 01:56:19,Nitro Tap,10.9%,UPDATE
2026-01-14 01:59:07,Nitro Tap,10.8%,UPDATE
2026-01-14 01:59:58,Nitro Tap,10.7%,UPDATE
2026-01-14 02:02:42,Nitro Tap,10.6%,UPDATE
2026-01-14 02:02:58,Nitro Tap,10.5%,UPDATE
2026-01-14 02:03:24,Nitro Tap,10.4%,UPDATE
2026-01-14 02:03:54,Nitro Tap,10.3%,UPDATE
2026-01-14 02:04:30,Nitro Tap,10.2%,UPDATE
2026-01-14 02:05:49,Nitro Tap,10.1%,UPDATE
2026-01-14 02:06:45,Nitro Tap,12.17 pts,POUR
2026-01-14 02:17:33,Nitro Tap,10.0%,UPDATE
2026-01-14 02:17:58,Nitro Tap,10.1%,UPDATE
2026-01-14 02:18:00,Nitro Tap,10.2%,UPDATE
2026-01-14 02:18:13,Nitro Tap,10.3%,UPDATE
2026-01-14 02:18:23,Nitro Tap,10.4%,UPDATE
2026-01-14 02:18:32,Nitro Tap,10.3%,UPDATE
2026-01-14 02:18:43,Nitro Tap,10.2%,UPDATE
2026-01-14 02:19:49,Nitro Tap,10.1%,UPDATE
2026-01-14 02:20:45,Nitro Tap,10.2%,UPDATE
2026-01-14 02:21:40,Law Tap,30.2%,UPDATE
2026-01-14 02:22:25,Nitro Tap,10.3%,UPDATE
2026-01-14 02:25:21,Nitro Tap,10.4%,UPDATE
2026-01-14 02:27:25,Nitro Tap,10.5%,UPDATE
2026-01-14 02:28:50,Nitro Tap,10.6%,UPDATE
2026-01-14 02:33:21,Nitro Tap,10.7%,UPDATE
2026-01-14 02:36:52,Nitro Tap,10.8%,UPDATE
2026-01-14 02:40:28,Nitro Tap,10.9%,UPDATE
2026-01-14 02:44:23,Nitro Tap,11.0%,UPDATE
2026-01-14 02:47:27,Nitro Tap,11.1%,UPDATE
2026-01-14 02:52:29,Nitro Tap,11.2%,UPDATE
2026-01-14 02:55:29,Nitro Tap,11.3%,UPDATE
2026-01-14 02:58:25,Nitro Tap,11.4%,UPDATE
2026-01-14 03:02:29,Nitro Tap,11.5%,UPDATE
2026-01-14 03:05:36,Law Tap,30.3%,UPDATE
2026-01-14 03:06:29,Nitro Tap,11.6%,UPDATE
2026-01-14 03:10:54,Nitro Tap,11.7%,UPDATE
2026-01-14 03:14:45,Wisco Tap,55.4%,UPDATE
2026-01-14 03:16:29,Nitro Tap,11.8%,UPDATE
2026-01-14 03:21:30,Nitro Tap,11.9%,UPDATE
2026-01-14 03:29:00,Nitro Tap,12.0%,UPDATE
2026-01-14 03:33:57,Nitro Tap,11.9%,UPDATE
2026-01-14 03:34:07,Nitro Tap,11.8%,UPDATE
2026-01-14 03:34:15,Nitro Tap,11.7%,UPDATE
2026-01-14 03:34:23,Nitro Tap,11.6%,UPDATE
2026-01-14 03:34:38,Nitro Tap,11.5%,UPDATE
2026-01-14 03:35:00,Nitro Tap,11.4%,UPDATE
2026-01-14 03:35:19,Nitro Tap,11.3%,UPDATE
2026-01-14 03:35:47,Nitro Tap,11.2%,UPDATE
2026-01-14 03:36:51,Nitro Tap,11.1%,UPDATE
2026-01-14 03:37:31,Nitro Tap,11.0%,UPDATE
2026-01-14 03:38:32,Nitro Tap,10.9%,UPDATE
2026-01-14 03:39:58,Nitro Tap,10.8%,UPDATE
2026-01-14 03:42:26,Nitro Tap,10.7%,UPDATE
2026-01-14 03:43:48,Nitro Tap,10.6%,UPDATE
2026-01-14 03:44:16,Nitro Tap,10.5%,UPDATE
2026-01-14 03:45:56,Nitro Tap,10.4%,UPDATE
2026-01-14 03:46:37,Nitro Tap,10.3%,UPDATE
2026-01-14 03:47:30,Nitro Tap,10.2%,UPDATE
2026-01-14 03:48:59,Nitro Tap,10.1%,UPDATE
2026-01-14 03:50:27,Nitro Tap,11.73 pts,POUR
2026-01-14 03:59:33,Nitro Tap,10.0%,UPDATE
2026-01-14 04:02:14,Nitro Tap,10.1%,UPDATE
2026-01-14 04:05:30,Nitro Tap,10.2%,UPDATE
2026-01-14 04:07:53,Nitro Tap,10.3%,UPDATE
2026-01-14 04:08:33,Nitro Tap,10.4%,UPDATE
2026-01-14 04:10:19,Wisco Tap,55.5%,UPDATE
2026-01-14 04:15:55,Nitro Tap,10.5%,UPDATE
2026-01-14 04:20:16,Nitro Tap,10.6%,UPDATE
2026-01-14 04:23:13,Nitro Tap,10.7%,UPDATE
2026-01-14 04:26:32,Law Tap,30.4%,UPDATE
2026-01-14 04:27:50,Nitro Tap,10.8%,UPDATE
2026-01-14 04:28:50,Law Tap,30.3%,UPDATE
2026-01-14 04:31:49,Nitro Tap,10.9%,UPDATE
2026-01-14 04:32:15,Law Tap,30.4%,UPDATE
2026-01-14 04:36:32,Nitro Tap,11.0%,UPDATE
2026-01-14 04:38:57,Nitro Tap,11.1%,UPDATE
2026-01-14 04:41:30,Nitro Tap,11.2%,UPDATE
2026-01-14 04:49:04,Nitro Tap,11.3%,UPDATE
2026-01-14 04:51:12,Law Tap,30.3%,UPDATE
2026-01-14 04:52:15,Nitro Tap,11.4%,UPDATE
2026-01-14 04:53:10,Nitro Tap,11.5%,UPDATE
2026-01-14 04:54:48,Law Tap,30.4%,UPDATE
2026-01-14 04:59:05,Nitro Tap,11.6%,UPDATE
2026-01-14 05:02:01,Nitro Tap,11.7%,UPDATE
2026-01-14 05:10:04,Nitro Tap,11.8%,UPDATE
2026-01-14 05:14:00,Nitro Tap,11.9%,UPDATE
2026-01-14 05:18:35,Wisco Tap,55.6%,UPDATE
2026-01-14 05:18:54,Law Tap,30.3%,UPDATE
2026-01-14 05:21:37,Nitro Tap,11.8%,UPDATE
2026-01-14 05:21:43,Nitro Tap,11.7%,UPDATE
2026-01-14 05:21:55,Nitro Tap,11.6%,UPDATE
2026-01-14 05:22:02,Nitro Tap,11.5%,UPDATE
2026-01-14 05:22:19,Nitro Tap,11.4%,UPDATE
2026-01-14 05:22:30,Nitro Tap,11.3%,UPDATE
2026-01-14 05:23:55,Nitro Tap,11.2%,UPDATE
2026-01-14 05:24:20,Nitro Tap,11.1%,UPDATE
2026-01-14 05:26:09,Nitro Tap,11.0%,UPDATE
2026-01-14 05:26:34,Nitro Tap,10.9%,UPDATE
2026-01-14 05:28:32,Wisco Tap,55.7%,UPDATE
2026-01-14 05:29:09,Nitro Tap,10.8%,UPDATE
2026-01-14 05:30:19,Nitro Tap,10.7%,UPDATE
2026-01-14 05:30:31,Law Tap,30.2%,UPDATE
2026-01-14 05:32:09,Nitro Tap,10.6%,UPDATE
2026-01-14 05:33:08,Nitro Tap,10.5%,UPDATE
2026-01-14 05:34:57,Nitro Tap,10.4%,UPDATE
2026-01-14 05:35:22,Nitro Tap,10.3%,UPDATE
2026-01-14 05:35:54,Nitro Tap,10.2%,UPDATE
2026-01-14 05:36:54,Nitro Tap,10.1%,UPDATE
2026-01-14 05:39:10,Nitro Tap,10.0%,UPDATE
2026-01-14 05:39:36,Nitro Tap,10.1%,UPDATE
2026-01-14 05:39:40,Nitro Tap,10.2%,UPDATE
2026-01-14 05:39:49,Nitro Tap,10.3%,UPDATE
2026-01-14 05:40:06,Nitro Tap,10.2%,UPDATE
2026-01-14 05:41:57,Law Tap,30.3%,UPDATE
2026-01-14 05:43:36,Nitro Tap,10.3%,UPDATE
2026-01-14 05:44:02,Nitro Tap,10.4%,UPDATE
2026-01-14 05:45:27,Nitro Tap,10.5%,UPDATE
2026-01-14 05:48:36,Nitro Tap,10.6%,UPDATE
2026-01-14 05:49:27,Nitro Tap,8.42 pts,POUR
2026-01-14 05:55:38,Nitro Tap,10.7%,UPDATE
2026-01-14 06:00:12,Law Tap,30.2%,UPDATE
2026-01-14 06:01:24,Nitro Tap,10.8%,UPDATE
2026-01-14 06:05:48,Nitro Tap,10.9%,UPDATE
2026-01-14 06:07:32,Wisco Tap,55.6%,UPDATE
2026-01-14 06:07:42,Wisco Tap,55.5%,UPDATE
2026-01-14 06:07:52,Wisco Tap,55.4%,UPDATE
2026-01-14 06:08:01,Wisco Tap,55.3%,UPDATE
2026-01-14 06:08:17,Wisco Tap,55.2%,UPDATE
2026-01-14 06:08:30,Wisco Tap,55.1%,UPDATE
2026-01-14 06:08:52,Wisco Tap,55.0%,UPDATE
2026-01-14 06:09:23,Wisco Tap,54.9%,UPDATE
2026-01-14 06:09:52,Wisco Tap,54.8%,UPDATE
2026-01-14 06:10:28,Wisco Tap,54.7%,UPDATE
2026-01-14 06:10:49,Nitro Tap,11.0%,UPDATE
2026-01-14 06:11:03,Wisco Tap,54.6%,UPDATE
2026-01-14 06:11:38,Law Tap,30.1%,UPDATE
2026-01-14 06:11:52,Wisco Tap,54.5%,UPDATE
2026-01-14 06:12:04,Law Tap,30.0%,UPDATE
2026-01-14 06:12:34,Law Tap,29.9%,UPDATE
2026-01-14 06:13:12,Wisco Tap,54.4%,UPDATE
2026-01-14 06:13:26,Nitro Tap,11.1%,UPDATE
2026-01-14 06:14:23,Wisco Tap,54.3%,UPDATE
2026-01-14 06:16:45,Wisco Tap,54.2%,UPDATE
2026-01-14 06:17:45,Law Tap,29.8%,UPDATE
2026-01-14 06:18:06,Nitro Tap,11.2%,UPDATE
2026-01-14 06:21:43,Wisco Tap,10.15 pts,POUR
2026-01-14 06:22:04,Law Tap,2.40 pts,POUR
2026-01-14 06:22:41,Wisco Tap,54.1%,UPDATE
2026-01-14 06:23:22,Nitro Tap,11.3%,UPDATE
2026-01-14 06:27:26,Nitro Tap,11.4%,UPDATE
2026-01-14 06:28:21,Wisco Tap,54.0%,UPDATE
2026-01-14 06:31:33,Nitro Tap,11.5%,UPDATE
2026-01-14 06:36:47,Nitro Tap,11.6%,UPDATE
2026-01-14 06:37:52,Wisco Tap,52.5%,UPDATE
2026-01-14 06:43:07,Nitro Tap,11.7%,UPDATE
2026-01-14 06:43:32,Wisco Tap,54.0%,UPDATE
2026-01-14 06:43:58,Wisco Tap,54.1%,UPDATE
2026-01-14 06:48:14,Nitro Tap,11.8%,UPDATE
2026-01-14 06:48:42,Nitro Tap,11.7%,UPDATE
2026-01-14 06:48:55,Nitro Tap,11.6%,UPDATE
2026-01-14 06:49:13,Nitro Tap,11.5%,UPDATE
2026-01-14 06:49:27,Nitro Tap,11.4%,UPDATE
2026-01-14 06:49:55,Nitro Tap,11.3%,UPDATE
2026-01-14 06:50:47,Nitro Tap,11.2%,UPDATE
2026-01-14 06:51:23,Nitro Tap,11.1%,UPDATE
2026-01-14 06:52:21,Nitro Tap,11.0%,UPDATE
2026-01-14 06:53:49,Law Tap,29.7%,UPDATE
2026-01-14 06:54:00,Wisco Tap,54.0%,UPDATE
2026-01-14 06:54:38,Nitro Tap,10.9%,UPDATE
2026-01-14 06:57:12,Nitro Tap,10.8%,UPDATE
2026-01-14 06:58:02,Nitro Tap,10.7%,UPDATE
2026-01-14 06:58:40,Nitro Tap,10.6%,UPDATE
2026-01-14 06:59:30,Nitro Tap,10.5%,UPDATE
2026-01-14 07:02:13,Wisco Tap,54.1%,UPDATE
2026-01-14 07:02:24,Nitro Tap,10.4%,UPDATE
2026-01-14 07:02:49,Nitro Tap,10.3%,UPDATE
2026-01-14 07:03:24,Nitro Tap,10.2%,UPDATE
2026-01-14 07:04:52,Nitro Tap,10.1%,UPDATE
2026-01-14 07:08:29,Nitro Tap,10.2%,UPDATE
2026-01-14 07:12:02,Nitro Tap,10.3%,UPDATE
2026-01-14 07:12:29,Nitro Tap,10.4%,UPDATE
2026-01-14 07:13:40,Nitro Tap,10.5%,UPDATE
2026-01-14 07:14:30,Nitro Tap,8.12 pts,POUR
2026-01-14 07:21:24,Wisco Tap,54.2%,UPDATE
2026-01-14 07:21:47,Nitro Tap,10.6%,UPDATE
2026-01-14 07:25:26,Nitro Tap,10.7%,UPDATE
2026-01-14 07:28:54,Wisco Tap,54.3%,UPDATE
2026-01-14 07:29:10,Nitro Tap,10.8%,UPDATE
2026-01-14 07:32:32,Wisco Tap,54.2%,UPDATE
2026-01-14 07:32:52,Nitro Tap,10.9%,UPDATE
2026-01-14 07:37:46,Nitro Tap,11.0%,UPDATE
2026-01-14 07:41:06,Law Tap,29.6%,UPDATE
2026-01-14 07:42:13,Nitro Tap,11.1%,UPDATE
2026-01-14 07:45:50,Nitro Tap,11.2%,UPDATE
2026-01-14 07:46:27,Law Tap,29.7%,UPDATE
2026-01-14 07:47:36,Law Tap,29.8%,UPDATE
2026-01-14 07:48:00,Wisco Tap,54.3%,UPDATE
2026-01-14 07:48:11,Wisco Tap,54.4%,UPDATE
2026-01-14 07:49:30,Wisco Tap,54.5%,UPDATE
2026-01-14 07:49:31,Wisco Tap,54.6%,UPDATE
2026-01-14 07:49:54,Wisco Tap,54.7%,UPDATE
2026-01-14 07:50:00,Wisco Tap,54.8%,UPDATE
2026-01-14 07:50:12,Nitro Tap,11.3%,UPDATE
2026-01-14 07:50:28,Wisco Tap,54.9%,UPDATE
2026-01-14 07:50:29,Wisco Tap,55.0%,UPDATE
2026-01-14 07:51:28,Law Tap,29.9%,UPDATE
2026-01-14 07:51:49,Wisco Tap,55.1%,UPDATE
2026-01-14 07:54:30,Wisco Tap,55.2%,UPDATE
2026-01-14 07:56:13,Nitro Tap,11.4%,UPDATE
2026-01-14 07:58:51,Nitro Tap,11.5%,UPDATE
2026-01-14 08:04:51,Nitro Tap,11.6%,UPDATE
2026-01-14 08:08:55,Nitro Tap,11.7%,UPDATE
2026-01-14 08:15:04,Nitro Tap,11.8%,UPDATE
2026-01-14 08:15:24,Nitro Tap,11.7%,UPDATE
2026-01-14 08:15:43,Nitro Tap,11.6%,UPDATE
2026-01-14 08:16:00,Nitro Tap,11.5%,UPDATE
2026-01-14 08:16:15,Nitro Tap,11.4%,UPDATE
2026-01-14 08:17:07,Nitro Tap,11.3%,UPDATE
2026-01-14 08:17:43,Nitro Tap,11.2%,UPDATE
2026-01-14 08:18:07,Nitro Tap,11.1%,UPDATE
2026-01-14 08:20:03,Nitro Tap,11.0%,UPDATE
2026-01-14 08:22:29,Nitro Tap,10.9%,UPDATE
2026-01-14 08:23:18,Nitro Tap,10.8%,UPDATE
2026-01-14 08:23:52,Nitro Tap,10.7%,UPDATE
2026-01-14 08:26:30,Nitro Tap,10.6%,UPDATE
2026-01-14 08:27:13,Nitro Tap,10.5%,UPDATE
2026-01-14 08:27:46,Nitro Tap,10.4%,UPDATE
2026-01-14 08:28:20,Nitro Tap,10.3%,UPDATE
2026-01-14 08:29:25,Nitro Tap,10.2%,UPDATE
2026-01-14 08:30:30,Nitro Tap,10.1%,UPDATE
2026-01-14 08:34:37,Nitro Tap,10.2%,UPDATE
2026-01-14 08:34:38,Nitro Tap,10.3%,UPDATE
2026-01-14 08:34:50,Nitro Tap,10.4%,UPDATE
2026-01-14 08:35:09,Nitro Tap,10.3%,UPDATE
2026-01-14 08:38:18,Wisco Tap,55.3%,UPDATE
2026-01-14 08:39:04,Nitro Tap,10.4%,UPDATE
2026-01-14 08:42:06,Nitro Tap,10.5%,UPDATE
2026-01-14 08:44:55,Nitro Tap,10.6%,UPDATE
2026-01-14 08:46:12,Nitro Tap,7.24 pts,POUR
2026-01-14 08:50:29,Law Tap,30.0%,UPDATE
2026-01-14 08:51:58,Nitro Tap,10.7%,UPDATE
2026-01-14 08:52:36,Wisco Tap,55.2%,UPDATE
2026-01-14 08:55:17,Nitro Tap,10.8%,UPDATE
2026-01-14 08:58:37,Nitro Tap,10.9%,UPDATE
2026-01-14 09:04:58,Nitro Tap,11.0%,UPDATE
2026-01-14 09:06:38,Nitro Tap,11.1%,UPDATE
2026-01-14 09:10:48,Nitro Tap,11.2%,UPDATE
2026-01-14 09:15:07,Nitro Tap,11.3%,UPDATE
2026-01-14 09:17:51,Wisco Tap,55.1%,UPDATE
2026-01-14 09:20:00,Nitro Tap,11.4%,UPDATE
2026-01-14 09:24:48,Law Tap,30.1%,UPDATE
2026-01-14 09:25:01,Nitro Tap,11.5%,UPDATE
2026-01-14 09:28:08,Nitro Tap,11.6%,UPDATE
2026-01-14 09:29:35,Wisco Tap,55.2%,UPDATE
2026-01-14 09:33:26,Nitro Tap,11.7%,UPDATE
2026-01-14 09:41:02,Nitro Tap,11.8%,UPDATE
2026-01-14 09:42:40,Nitro Tap,11.7%,UPDATE
2026-01-14 09:42:53,Nitro Tap,11.6%,UPDATE
2026-01-14 09:43:09,Nitro Tap,11.5%,UPDATE
2026-01-14 09:43:33,Nitro Tap,11.4%,UPDATE
2026-01-14 09:44:19,Nitro Tap,11.3%,UPDATE
2026-01-14 09:44:50,Nitro Tap,11.2%,UPDATE
2026-01-14 09:45:43,Nitro Tap,11.1%,UPDATE
2026-01-14 09:46:30,Nitro Tap,11.0%,UPDATE
2026-01-14 09:47:25,Nitro Tap,10.9%,UPDATE
2026-01-14 09:50:18,Nitro Tap,10.8%,UPDATE
2026-01-14 09:51:25,Nitro Tap,10.7%,UPDATE
2026-01-14 09:52:37,Nitro Tap,10.6%,UPDATE
2026-01-14 09:53:28,Nitro Tap,10.5%,UPDATE
2026-01-14 09:54:02,Nitro Tap,10.4%,UPDATE
2026-01-14 09:54:59,Nitro Tap,10.3%,UPDATE
2026-01-14 09:56:52,Nitro Tap,10.2%,UPDATE
2026-01-14 09:58:44,Nitro Tap,9.98 pts,POUR
2026-01-14 10:05:25,Nitro Tap,10.1%,UPDATE
2026-01-14 10:07:08,Wisco Tap,55.1%,UPDATE
2026-01-14 10:13:54,Nitro Tap,10.2%,UPDATE
2026-01-14 10:16:45,Nitro Tap,10.3%,UPDATE
2026-01-14 10:17:58,Nitro Tap,10.4%,UPDATE
2026-01-14 10:18:57,Nitro Tap,10.5%,UPDATE
2026-01-14 10:22:22,Law Tap,30.2%,UPDATE
2026-01-14 10:27:37,Nitro Tap,10.6%,UPDATE
2026-01-14 10:29:04,Nitro Tap,10.7%,UPDATE
2026-01-14 10:32:26,Nitro Tap,10.8%,UPDATE
2026-01-14 10:37:22,Nitro Tap,10.9%,UPDATE
2026-01-14 10:39:56,Nitro Tap,11.0%,UPDATE
2026-01-14 10:42:34,Wisco Tap,55.2%,UPDATE
2026-01-14 10:42:48,Nitro Tap,11.1%,UPDATE
2026-01-14 10:46:47,Nitro Tap,11.2%,UPDATE
2026-01-14 10:54:27,Nitro Tap,11.4%,UPDATE
2026-01-14 10:55:00,Nitro Tap,11.4%,UPDATE
2026-01-14 10:55:27,Nitro Tap,11.5%,UPDATE
2026-01-14 11:01:15,Nitro Tap,11.6%,UPDATE
2026-01-14 11:05:17,Nitro Tap,11.7%,UPDATE
2026-01-14 11:09:39,Wisco Tap,55.3%,UPDATE
2026-01-14 11:10:24,Nitro Tap,11.8%,UPDATE
2026-01-14 11:11:06,Wisco Tap,55.2%,UPDATE
2026-01-14 11:15:06,Nitro Tap,11.9%,UPDATE
2026-01-14 11:26:29,Nitro Tap,12.0%,UPDATE
2026-01-14 11:27:42,Nitro Tap,11.9%,UPDATE
2026-01-14 11:27:48,Nitro Tap,11.8%,UPDATE
2026-01-14 11:27:56,Nitro Tap,11.7%,UPDATE
2026-01-14 11:28:04,Nitro Tap,11.6%,UPDATE
2026-01-14 11:28:14,Nitro Tap,11.5%,UPDATE
2026-01-14 11:28:33,Nitro Tap,11.4%,UPDATE
2026-01-14 11:28:52,Nitro Tap,11.3%,UPDATE
2026-01-14 11:30:10,Nitro Tap,11.0%,UPDATE
2026-01-14 11:31:25,Nitro Tap,10.9%,UPDATE
2026-01-14 11:33:42,Nitro Tap,10.8%,UPDATE
2026-01-14 11:33:59,Wisco Tap,55.1%,UPDATE
2026-01-14 11:34:23,Nitro Tap,10.8%,UPDATE
2026-01-14 11:35:29,Nitro Tap,10.7%,UPDATE
2026-01-14 11:37:28,Nitro Tap,10.6%,UPDATE
2026-01-14 11:37:50,Law Tap,30.3%,UPDATE
2026-01-14 11:38:25,Nitro Tap,10.5%,UPDATE
2026-01-14 11:38:59,Nitro Tap,10.4%,UPDATE
2026-01-14 11:40:42,Nitro Tap,10.3%,UPDATE
2026-01-14 11:41:42,Nitro Tap,10.2%,UPDATE
2026-01-14 11:42:31,Nitro Tap,10.1%,UPDATE
2026-01-14 11:46:10,Nitro Tap,10.0%,UPDATE
2026-01-14 11:48:09,Nitro Tap,10.1%,UPDATE
2026-01-14 11:50:55,Nitro Tap,10.2%,UPDATE
2026-01-14 11:51:49,Nitro Tap,10.3%,UPDATE
2026-01-14 11:53:09,Nitro Tap,10.4%,UPDATE
2026-01-14 11:55:15,Nitro Tap,10.5%,UPDATE
2026-01-14 11:57:28,Nitro Tap,10.5%,UPDATE
2026-01-14 12:03:58,Nitro Tap,10.6%,UPDATE
2026-01-14 12:06:58,Nitro Tap,10.7%,UPDATE
2026-01-14 12:10:17,Nitro Tap,10.8%,UPDATE
2026-01-14 12:14:04,Nitro Tap,10.9%,UPDATE
2026-01-14 12:18:27,Nitro Tap,11.0%,UPDATE
2026-01-14 12:22:29,Nitro Tap,11.1%,UPDATE
2026-01-14 12:24:37,Wisco Tap,55.2%,UPDATE
2026-01-14 12:26:33,Law Tap,30.2%,UPDATE
2026-01-14 12:26:49,Nitro Tap,11.2%,UPDATE
2026-01-14 12:29:31,Nitro Tap,11.3%,UPDATE
2026-01-14 12:32:41,Wisco Tap,55.1%,UPDATE
2026-01-14 12:32:52,Wisco Tap,55.0%,UPDATE
2026-01-14 12:33:05,Wisco Tap,54.9%,UPDATE
2026-01-14 12:33:21,Wisco Tap,54.8%,UPDATE
2026-01-14 12:33:35,Wisco Tap,54.7%,UPDATE
2026-01-14 12:33:58,Wisco Tap,54.6%,UPDATE
2026-01-14 12:34:36,Law Tap,30.1%,UPDATE
2026-01-14 12:34:47,Nitro Tap,11.4%,UPDATE
2026-01-14 12:35:00,Wisco Tap,54.5%,UPDATE
2026-01-14 12:35:30,Wisco Tap,54.4%,UPDATE
2026-01-14 12:36:20,Wisco Tap,54.3%,UPDATE
2026-01-14 12:36:57,Wisco Tap,54.2%,UPDATE
2026-01-14 12:37:27,Wisco Tap,54.1%,UPDATE
2026-01-14 12:37:47,Law Tap,30.0%,UPDATE
2026-01-14 12:38:01,Nitro Tap,11.5%,UPDATE
2026-01-14 12:38:22,Law Tap,29.9%,UPDATE
2026-01-14 12:39:16,Law Tap,29.8%,UPDATE
2026-01-14 12:40:06,Wisco Tap,54.0%,UPDATE
2026-01-14 12:41:27,Wisco Tap,53.9%,UPDATE
2026-01-14 12:43:09,Law Tap,2.30 pts,POUR
2026-01-14 12:43:57,Wisco Tap,8.05 pts,POUR
2026-01-14 12:44:37,Nitro Tap,11.6%,UPDATE
2026-01-14 12:47:14,Wisco Tap,53.8%,UPDATE
2026-01-14 12:48:46,Nitro Tap,11.7%,UPDATE
2026-01-14 12:55:38,Nitro Tap,11.6%,UPDATE
2026-01-14 12:55:58,Nitro Tap,11.5%,UPDATE
2026-01-14 12:56:12,Nitro Tap,11.4%,UPDATE
2026-01-14 12:56:39,Nitro Tap,11.3%,UPDATE
2026-01-14 12:57:17,Nitro Tap,11.2%,UPDATE
2026-01-14 12:58:12,Nitro Tap,11.1%,UPDATE
2026-01-14 12:59:47,Nitro Tap,11.0%,UPDATE
2026-01-14 13:00:31,Nitro Tap,10.9%,UPDATE
2026-01-14 13:00:45,Wisco Tap,53.9%,UPDATE
2026-01-14 13:01:22,Nitro Tap,10.8%,UPDATE
2026-01-14 13:03:17,Nitro Tap,10.7%,UPDATE
2026-01-14 13:04:53,Nitro Tap,10.6%,UPDATE
2026-01-14 13:06:12,Nitro Tap,10.5%,UPDATE
2026-01-14 13:06:58,Nitro Tap,10.4%,UPDATE
2026-01-14 13:07:53,Nitro Tap,10.3%,UPDATE
2026-01-14 13:08:29,Nitro Tap,10.2%,UPDATE
2026-01-14 13:09:06,Law Tap,29.7%,UPDATE
2026-01-14 13:11:17,Nitro Tap,9.77 pts,POUR
2026-01-14 13:14:09,Nitro Tap,10.1%,UPDATE
2026-01-14 13:29:13,Nitro Tap,10.2%,UPDATE
2026-01-14 13:30:50,Nitro Tap,10.3%,UPDATE
2026-01-14 13:31:15,Nitro Tap,10.4%,UPDATE
2026-01-14 13:32:13,Nitro Tap,10.5%,UPDATE
2026-01-14 13:36:49,Nitro Tap,10.6%,UPDATE
2026-01-14 13:40:31,Nitro Tap,10.7%,UPDATE
2026-01-14 13:43:50,Nitro Tap,10.8%,UPDATE
2026-01-14 13:45:23,Law Tap,29.6%,UPDATE
2026-01-14 13:46:56,Nitro Tap,10.9%,UPDATE
2026-01-14 13:50:14,Nitro Tap,11.0%,UPDATE
2026-01-14 13:54:15,Nitro Tap,11.1%,UPDATE
2026-01-14 13:56:59,Wisco Tap,54.0%,UPDATE
2026-01-14 13:57:36,Nitro Tap,11.2%,UPDATE
2026-01-14 14:01:04,Nitro Tap,11.3%,UPDATE
2026-01-14 14:04:57,Nitro Tap,11.4%,UPDATE
2026-01-14 14:08:51,Nitro Tap,11.5%,UPDATE
2026-01-14 14:13:02,Wisco Tap,54.1%,UPDATE
2026-01-14 14:13:20,Wisco Tap,54.2%,UPDATE
2026-01-14 14:13:34,Wisco Tap,54.3%,UPDATE
2026-01-14 14:14:00,Wisco Tap,54.4%,UPDATE
2026-01-14 14:14:14,Law Tap,29.7%,UPDATE
2026-01-14 14:14:37,Nitro Tap,11.6%,UPDATE
2026-01-14 14:15:09,Wisco Tap,54.5%,UPDATE
2026-01-14 14:15:40,Wisco Tap,54.6%,UPDATE
2026-01-14 14:15:59,Law Tap,29.8%,UPDATE
2026-01-14 14:16:11,Wisco Tap,54.7%,UPDATE
2026-01-14 14:17:37,Wisco Tap,54.8%,UPDATE
2026-01-14 14:18:04,Nitro Tap,11.7%,UPDATE
2026-01-14 14:18:50,Law Tap,29.9%,UPDATE
2026-01-14 14:19:52,Wisco Tap,54.9%,UPDATE
2026-01-14 14:22:05,Nitro Tap,11.8%,UPDATE
2026-01-14 14:26:08,Wisco Tap,55.0%,UPDATE
2026-01-14 14:26:57,Nitro Tap,11.9%,UPDATE
2026-01-14 14:34:53,Nitro Tap,12.0%,UPDATE
2026-01-14 14:38:57,Nitro Tap,11.9%,UPDATE
2026-01-14 14:38:59,Nitro Tap,11.8%,UPDATE
2026-01-14 14:39:08,Nitro Tap,11.7%,UPDATE
2026-01-14 14:39:20,Nitro Tap,11.6%,UPDATE
2026-01-14 14:39:25,Nitro Tap,11.5%,UPDATE
2026-01-14 14:39:33,Nitro Tap,11.4%,UPDATE
2026-01-14 14:39:50,Nitro Tap,11.3%,UPDATE
2026-01-14 14:41:42,Nitro Tap,11.2%,UPDATE
2026-01-14 14:42:54,Wisco Tap,55.1%,UPDATE
2026-01-14 14:43:54,Nitro Tap,11.1%,UPDATE
2026-01-14 14:44:19,Nitro Tap,11.0%,UPDATE
2026-01-14 14:44:54,Nitro Tap,10.9%,UPDATE
2026-01-14 14:45:18,Nitro Tap,10.8%,UPDATE
2026-01-14 14:46:25,Nitro Tap,10.7%,UPDATE
2026-01-14 14:47:48,Nitro Tap,10.6%,UPDATE
2026-01-14 14:50:01,Nitro Tap,10.5%,UPDATE
2026-01-14 14:50:27,Nitro Tap,10.4%,UPDATE
2026-01-14 14:51:49,Nitro Tap,10.3%,UPDATE
2026-01-14 14:52:15,Law Tap,30.0%,UPDATE
2026-01-14 14:53:15,Nitro Tap,10.2%,UPDATE
2026-01-14 14:53:42,Nitro Tap,10.1%,UPDATE
2026-01-14 14:54:41,Nitro Tap,10.0%,UPDATE
2026-01-14 14:57:55,Nitro Tap,10.1%,UPDATE
2026-01-14 14:57:58,Nitro Tap,10.2%,UPDATE
2026-01-14 14:58:06,Nitro Tap,10.3%,UPDATE
2026-01-14 14:58:13,Nitro Tap,10.4%,UPDATE
2026-01-14 14:58:22,Nitro Tap,10.5%,UPDATE
2026-01-14 14:58:25,Nitro Tap,10.4%,UPDATE
2026-01-14 14:58:33,Nitro Tap,10.3%,UPDATE
2026-01-14 14:58:39,Nitro Tap,10.2%,UPDATE
2026-01-14 15:01:51,Nitro Tap,10.3%,UPDATE
2026-01-14 15:02:42,Nitro Tap,10.4%,UPDATE
2026-01-14 15:04:23,Nitro Tap,10.5%,UPDATE
2026-01-14 15:11:25,Nitro Tap,10.6%,UPDATE
2026-01-14 15:14:53,Wisco Tap,55.0%,UPDATE
2026-01-14 15:16:43,Nitro Tap,10.7%,UPDATE
2026-01-14 15:19:22,Nitro Tap,10.8%,UPDATE
2026-01-14 15:23:23,Nitro Tap,10.9%,UPDATE
2026-01-14 15:26:09,Wisco Tap,54.9%,UPDATE
2026-01-14 15:27:59,Nitro Tap,11.0%,UPDATE
2026-01-14 15:31:24,Nitro Tap,11.1%,UPDATE
2026-01-14 15:37:06,Nitro Tap,11.2%,UPDATE
2026-01-14 15:39:14,Nitro Tap,11.3%,UPDATE
2026-01-14 15:39:39,Nitro Tap,4.70 pts,POUR
2026-01-14 15:43:53,Law Tap,30.1%,UPDATE
2026-01-14 15:45:09,Nitro Tap,11.4%,UPDATE
2026-01-14 15:49:01,Nitro Tap,11.5%,UPDATE
2026-01-14 15:54:31,Nitro Tap,11.6%,UPDATE
2026-01-14 16:00:10,Nitro Tap,11.7%,UPDATE
2026-01-14 16:06:02,Nitro Tap,11.6%,UPDATE
2026-01-14 16:06:19,Nitro Tap,11.5%,UPDATE
2026-01-14 16:06:42,Nitro Tap,11.4%,UPDATE
2026-01-14 16:07:27,Nitro Tap,11.3%,UPDATE
2026-01-14 16:07:31,Nitro Tap,11.2%,UPDATE
2026-01-14 16:08:14,Nitro Tap,11.1%,UPDATE
2026-01-14 16:09:22,Nitro Tap,11.0%,UPDATE
2026-01-14 16:11:37,Nitro Tap,10.9%,UPDATE
2026-01-14 16:14:39,Nitro Tap,10.8%,UPDATE
2026-01-14 16:15:06,Nitro Tap,10.7%,UPDATE
2026-01-14 16:16:48,Nitro Tap,10.6%,UPDATE
2026-01-14 16:16:54,Nitro Tap,10.5%,UPDATE
2026-01-14 16:17:50,Nitro Tap,10.4%,UPDATE
2026-01-14 16:18:26,Nitro Tap,10.3%,UPDATE
2026-01-14 16:19:38,Nitro Tap,10.2%,UPDATE
2026-01-14 16:20:49,Nitro Tap,10.1%,UPDATE
2026-01-14 16:23:14,Nitro Tap,9.91 pts,POUR
2026-01-14 16:24:21,Law Tap,30.2%,UPDATE
2026-01-14 16:25:51,Nitro Tap,10.2%,UPDATE
2026-01-14 16:26:07,Nitro Tap,10.3%,UPDATE
2026-01-14 16:27:18,Nitro Tap,10.2%,UPDATE
2026-01-14 16:28:14,Nitro Tap,10.3%,UPDATE
2026-01-14 16:29:59,Nitro Tap,10.4%,UPDATE
2026-01-14 16:33:19,Nitro Tap,10.5%,UPDATE
2026-01-14 16:37:50,Nitro Tap,10.6%,UPDATE
2026-01-14 16:43:05,Nitro Tap,10.7%,UPDATE
2026-01-14 16:47:05,Nitro Tap,10.8%,UPDATE
2026-01-14 16:49:33,Wisco Tap,55.0%,UPDATE
2026-01-14 16:51:52,Nitro Tap,10.9%,UPDATE
2026-01-14 16:55:55,Nitro Tap,11.0%,UPDATE
2026-01-14 16:57:52,Nitro Tap,11.1%,UPDATE
2026-01-14 17:01:24,Nitro Tap,11.2%,UPDATE
2026-01-14 17:05:47,Nitro Tap,11.3%,UPDATE
2026-01-14 17:09:06,Nitro Tap,11.4%,UPDATE
2026-01-14 17:13:23,Nitro Tap,11.5%,UPDATE
2026-01-14 17:17:41,Nitro Tap,11.6%,UPDATE
2026-01-14 17:22:51,Nitro Tap,11.7%,UPDATE
2026-01-14 17:28:29,Nitro Tap,11.8%,UPDATE
2026-01-14 17:33:39,Law Tap,30.3%,UPDATE
2026-01-14 17:34:21,Nitro Tap,11.7%,UPDATE
2026-01-14 17:34:34,Nitro Tap,11.6%,UPDATE
2026-01-14 17:34:51,Nitro Tap,11.5%,UPDATE
2026-01-14 17:35:15,Nitro Tap,11.4%,UPDATE
2026-01-14 17:36:03,Nitro Tap,11.3%,UPDATE
2026-01-14 17:36:06,Nitro Tap,11.2%,UPDATE
2026-01-14 17:36:43,Nitro Tap,11.1%,UPDATE
2026-01-14 17:37:40,Nitro Tap,11.0%,UPDATE
2026-01-14 17:39:05,Nitro Tap,10.9%,UPDATE
2026-01-14 17:41:05,Nitro Tap,10.8%,UPDATE
2026-01-14 17:43:02,Nitro Tap,10.7%,UPDATE
2026-01-14 17:44:06,Nitro Tap,10.6%,UPDATE
2026-01-14 17:45:10,Nitro Tap,10.5%,UPDATE
2026-01-14 17:45:48,Nitro Tap,10.4%,UPDATE
2026-01-14 17:46:38,Nitro Tap,10.3%,UPDATE
2026-01-14 17:47:35,Nitro Tap,10.2%,UPDATE
2026-01-14 17:49:28,Nitro Tap,9.98 pts,POUR
2026-01-14 17:57:20,Nitro Tap,10.1%,UPDATE
2026-01-14 17:57:25,Nitro Tap,10.2%,UPDATE
2026-01-14 17:57:50,Nitro Tap,10.1%,UPDATE
2026-01-14 18:02:47,Nitro Tap,10.2%,UPDATE
2026-01-14 18:02:58,Nitro Tap,10.3%,UPDATE
2026-01-14 18:03:27,Nitro Tap,10.2%,UPDATE
2026-01-14 18:07:10,Nitro Tap,10.3%,UPDATE
2026-01-14 18:10:16,Nitro Tap,10.4%,UPDATE
2026-01-14 18:10:46,Nitro Tap,10.5%,UPDATE
2026-01-14 18:15:36,Nitro Tap,10.6%,UPDATE
2026-01-14 18:19:11,Nitro Tap,10.7%,UPDATE
2026-01-14 18:22:02,Nitro Tap,10.8%,UPDATE
2026-01-14 18:25:43,Nitro Tap,10.9%,UPDATE
2026-01-14 18:29:08,Nitro Tap,11.0%,UPDATE
2026-01-14 18:32:14,Nitro Tap,11.1%,UPDATE
2026-01-14 18:35:50,Nitro Tap,11.2%,UPDATE
2026-01-14 18:39:15,Nitro Tap,11.3%,UPDATE
2026-01-14 18:39:35,Law Tap,30.2%,UPDATE
2026-01-14 18:40:56,Wisco Tap,54.9%,UPDATE
2026-01-14 18:40:59,Wisco Tap,54.8%,UPDATE
2026-01-14 18:41:07,Wisco Tap,54.7%,UPDATE
2026-01-14 18:41:17,Wisco Tap,54.6%,UPDATE
2026-01-14 18:41:57,Wisco Tap,54.5%,UPDATE
2026-01-14 18:41:59,Wisco Tap,54.4%,UPDATE
2026-01-14 18:42:06,Wisco Tap,54.3%,UPDATE
2026-01-14 18:42:18,Law Tap,30.1%,UPDATE
2026-01-14 18:42:45,Law Tap,30.0%,UPDATE
2026-01-14 18:42:55,Wisco Tap,54.2%,UPDATE
2026-01-14 18:43:30,Wisco Tap,54.1%,UPDATE
2026-01-14 18:43:49,Law Tap,29.9%,UPDATE
2026-01-14 18:44:24,Nitro Tap,11.4%,UPDATE
2026-01-14 18:44:39,Wisco Tap,54.0%,UPDATE
2026-01-14 18:46:23,Wisco Tap,53.9%,UPDATE
2026-01-14 18:46:45,Nitro Tap,11.5%,UPDATE
2026-01-14 18:47:32,Wisco Tap,7.10 pts,POUR
2026-01-14 18:48:50,Law Tap,29.8%,UPDATE
2026-01-14 18:50:04,Wisco Tap,53.8%,UPDATE
2026-01-14 18:50:18,Nitro Tap,11.6%,UPDATE
2026-01-14 18:50:55,Law Tap,2.37 pts,POUR
2026-01-14 18:53:45,Nitro Tap,11.7%,UPDATE
2026-01-14 19:00:28,Nitro Tap,11.8%,UPDATE
2026-01-14 19:04:22,Nitro Tap,11.9%,UPDATE
2026-01-14 19:04:56,Wisco Tap,53.9%,UPDATE
2026-01-14 19:06:12,Wisco Tap,52.4%,UPDATE
2026-01-14 19:10:06,Wisco Tap,53.9%,UPDATE
2026-01-14 19:11:13,Law Tap,29.7%,UPDATE
2026-01-14 19:12:22,Nitro Tap,12.0%,UPDATE
2026-01-14 19:19:23,Nitro Tap,11.9%,UPDATE
2026-01-14 19:19:27,Nitro Tap,11.8%,UPDATE
2026-01-14 19:19:37,Nitro Tap,11.7%,UPDATE
2026-01-14 19:19:44,Nitro Tap,11.6%,UPDATE
2026-01-14 19:19:58,Nitro Tap,11.5%,UPDATE
2026-01-14 19:20:08,Nitro Tap,11.4%,UPDATE
2026-01-14 19:20:17,Nitro Tap,11.3%,UPDATE
2026-01-14 19:20:45,Nitro Tap,11.2%,UPDATE
2026-01-14 19:22:12,Nitro Tap,11.1%,UPDATE
2026-01-14 19:24:05,Nitro Tap,11.0%,UPDATE
2026-01-14 19:24:08,Nitro Tap,10.9%,UPDATE
2026-01-14 19:24:59,Nitro Tap,10.8%,UPDATE
2026-01-14 19:27:19,Nitro Tap,10.7%,UPDATE
2026-01-14 19:30:25,Nitro Tap,10.6%,UPDATE
2026-01-14 19:30:36,Nitro Tap,10.5%,UPDATE
2026-01-14 19:31:09,Nitro Tap,10.4%,UPDATE
2026-01-14 19:32:27,Nitro Tap,10.3%,UPDATE
2026-01-14 19:33:05,Nitro Tap,10.2%,UPDATE
2026-01-14 19:33:31,Nitro Tap,10.1%,UPDATE
2026-01-14 19:35:25,Nitro Tap,12.17 pts,POUR
2026-01-14 19:47:39,Nitro Tap,10.2%,UPDATE
2026-01-14 19:47:46,Nitro Tap,10.1%,UPDATE
2026-01-14 19:50:42,Nitro Tap,10.2%,UPDATE
2026-01-14 19:51:58,Nitro Tap,10.3%,UPDATE
2026-01-14 19:56:28,Nitro Tap,10.4%,UPDATE
2026-01-14 19:58:32,Nitro Tap,10.5%,UPDATE
2026-01-14 19:59:22,Nitro Tap,10.6%,UPDATE
2026-01-14 20:00:51,Wisco Tap,54.0%,UPDATE
2026-01-14 20:03:11,Law Tap,29.6%,UPDATE
2026-01-14 20:04:25,Nitro Tap,10.7%,UPDATE
2026-01-14 20:06:34,Nitro Tap,10.8%,UPDATE
2026-01-14 20:10:00,Nitro Tap,10.9%,UPDATE
2026-01-14 20:12:58,Wisco Tap,54.1%,UPDATE
2026-01-14 20:13:24,Wisco Tap,54.2%,UPDATE
2026-01-14 20:13:40,Wisco Tap,54.3%,UPDATE
2026-01-14 20:13:55,Wisco Tap,54.4%,UPDATE
2026-01-14 20:14:06,Wisco Tap,54.5%,UPDATE
2026-01-14 20:14:26,Wisco Tap,54.6%,UPDATE
2026-01-14 20:14:51,Wisco Tap,54.7%,UPDATE
2026-01-14 20:15:16,Law Tap,29.7%,UPDATE
2026-01-14 20:15:35,Wisco Tap,54.8%,UPDATE
2026-01-14 20:16:23,Nitro Tap,11.0%,UPDATE
2026-01-14 20:17:00,Wisco Tap,54.9%,UPDATE
2026-01-14 20:17:24,Wisco Tap,55.0%,UPDATE
2026-01-14 20:17:44,Law Tap,29.8%,UPDATE
2026-01-14 20:18:10,Law Tap,29.9%,UPDATE
2026-01-14 20:18:21,Nitro Tap,11.1%,UPDATE
2026-01-14 20:21:00,Nitro Tap,11.2%,UPDATE
2026-01-14 20:22:22,Wisco Tap,55.1%,UPDATE
2026-01-14 20:22:58,Wisco Tap,55.2%,UPDATE
2026-01-14 20:23:46,Wisco Tap,55.3%,UPDATE
2026-01-14 20:24:34,Nitro Tap,11.3%,UPDATE
2026-01-14 20:28:43,Nitro Tap,11.4%,UPDATE
2026-01-14 20:30:40,Wisco Tap,55.4%,UPDATE
2026-01-14 20:32:35,Nitro Tap,11.5%,UPDATE
2026-01-14 20:32:46,Law Tap,30.0%,UPDATE
2026-01-14 20:33:35,Wisco Tap,55.3%,UPDATE
2026-01-14 20:34:26,Wisco Tap,55.2%,UPDATE
2026-01-14 20:35:48,Wisco Tap,55.1%,UPDATE
2026-01-14 20:36:01,Nitro Tap,11.6%,UPDATE
2026-01-14 20:39:51,Nitro Tap,11.7%,UPDATE
2026-01-14 20:44:42,Nitro Tap,11.8%,UPDATE
2026-01-14 20:49:52,Nitro Tap,11.9%,UPDATE
2026-01-14 20:53:46,Wisco Tap,55.2%,UPDATE
2026-01-14 20:59:06,Nitro Tap,12.0%,UPDATE
2026-01-14 21:04:11,Nitro Tap,11.9%,UPDATE
2026-01-14 21:04:19,Nitro Tap,11.8%,UPDATE
2026-01-14 21:04:31,Nitro Tap,11.7%,UPDATE
2026-01-14 21:04:46,Nitro Tap,11.6%,UPDATE
2026-01-14 21:05:09,Nitro Tap,11.5%,UPDATE
2026-01-14 21:05:29,Nitro Tap,11.4%,UPDATE
2026-01-14 21:06:39,Nitro Tap,11.3%,UPDATE
2026-01-14 21:07:13,Nitro Tap,11.2%,UPDATE
2026-01-14 21:07:15,Nitro Tap,11.1%,UPDATE
2026-01-14 21:08:16,Wisco Tap,55.1%,UPDATE
2026-01-14 21:08:49,Nitro Tap,11.0%,UPDATE
2026-01-14 21:09:22,Nitro Tap,10.9%,UPDATE
2026-01-14 21:10:54,Nitro Tap,10.8%,UPDATE
2026-01-14 21:13:00,Nitro Tap,10.7%,UPDATE
2026-01-14 21:14:53,Nitro Tap,10.6%,UPDATE
2026-01-14 21:15:29,Nitro Tap,10.5%,UPDATE
2026-01-14 21:16:13,Nitro Tap,10.4%,UPDATE
2026-01-14 21:17:52,Nitro Tap,10.3%,UPDATE
2026-01-14 21:18:50,Nitro Tap,10.2%,UPDATE
2026-01-14 21:19:16,Nitro Tap,10.1%,UPDATE
2026-01-14 21:19:31,Law Tap,30.1%,UPDATE
2026-01-14 21:20:26,Law Tap,30.0%,UPDATE
2026-01-14 21:20:38,Nitro Tap,11.97 pts,POUR
2026-01-14 21:23:05,Law Tap,30.1%,UPDATE
2026-01-14 21:23:30,Wisco Tap,55.0%,UPDATE
2026-01-14 21:32:28,Nitro Tap,10.0%,UPDATE
2026-01-14 21:32:53,Nitro Tap,10.1%,UPDATE
2026-01-14 21:33:53,Nitro Tap,10.2%,UPDATE
2026-01-14 21:33:55,Nitro Tap,10.1%,UPDATE
2026-01-14 21:39:16,Nitro Tap,10.2%,UPDATE
2026-01-14 21:40:18,Nitro Tap,10.3%,UPDATE
2026-01-14 21:42:57,Nitro Tap,10.4%,UPDATE
2026-01-14 21:43:47,Nitro Tap,10.5%,UPDATE
2026-01-14 21:48:18,Nitro Tap,10.6%,UPDATE
2026-01-14 21:51:45,Nitro Tap,10.7%,UPDATE
2026-01-14 21:53:35,Nitro Tap,10.8%,UPDATE
2026-01-14 21:58:19,Nitro Tap,10.9%,UPDATE
2026-01-14 22:02:07,Nitro Tap,11.0%,UPDATE
2026-01-14 22:05:22,Nitro Tap,11.1%,UPDATE
2026-01-14 22:06:01,Wisco Tap,55.1%,UPDATE
2026-01-14 22:08:19,Nitro Tap,11.2%,UPDATE
2026-01-14 22:11:43,Nitro Tap,11.3%,UPDATE
2026-01-14 22:14:12,Nitro Tap,11.4%,UPDATE
2026-01-14 22:18:57,Nitro Tap,11.5%,UPDATE
2026-01-14 22:22:33,Nitro Tap,11.6%,UPDATE
2026-01-14 22:23:19,Law Tap,30.2%,UPDATE
2026-01-14 22:26:24,Nitro Tap,11.7%,UPDATE
2026-01-14 22:31:06,Nitro Tap,11.8%,UPDATE
2026-01-14 22:37:01,Nitro Tap,11.9%,UPDATE
2026-01-14 22:45:40,Nitro Tap,12.0%,UPDATE
2026-01-14 22:49:47,Nitro Tap,11.9%,UPDATE
2026-01-14 22:50:16,Nitro Tap,11.8%,UPDATE
2026-01-14 22:50:20,Nitro Tap,11.7%,UPDATE
2026-01-14 22:50:28,Nitro Tap,11.6%,UPDATE
2026-01-14 22:50:38,Nitro Tap,11.5%,UPDATE
2026-01-14 22:50:57,Nitro Tap,11.4%,UPDATE
2026-01-14 22:51:26,Nitro Tap,11.3%,UPDATE
2026-01-14 22:52:05,Nitro Tap,11.2%,UPDATE
2026-01-14 22:54:17,Nitro Tap,11.1%,UPDATE
2026-01-14 22:55:00,Nitro Tap,11.0%,UPDATE
2026-01-14 22:55:25,Nitro Tap,10.9%,UPDATE
2026-01-14 22:56:57,Nitro Tap,10.8%,UPDATE
2026-01-14 22:57:41,Wisco Tap,55.2%,UPDATE
2026-01-14 22:58:52,Nitro Tap,10.7%,UPDATE
2026-01-14 22:59:55,Nitro Tap,10.6%,UPDATE
2026-01-14 23:00:56,Nitro Tap,10.5%,UPDATE
2026-01-14 23:01:37,Nitro Tap,10.4%,UPDATE
2026-01-14 23:02:42,Nitro Tap,10.3%,UPDATE
2026-01-14 23:03:50,Nitro Tap,10.2%,UPDATE
2026-01-14 23:05:57,Nitro Tap,10.1%,UPDATE
2026-01-14 23:08:19,Nitro Tap,11.90 pts,POUR
2026-01-14 23:08:35,Nitro Tap,10.2%,UPDATE
2026-01-14 23:08:40,Nitro Tap,10.3%,UPDATE
2026-01-14 23:09:17,Nitro Tap,10.2%,UPDATE
2026-01-14 23:13:25,Nitro Tap,10.3%,UPDATE
2026-01-14 23:16:16,Nitro Tap,10.4%,UPDATE
2026-01-14 23:17:04,Nitro Tap,10.5%,UPDATE
2026-01-14 23:18:55,Nitro Tap,10.6%,UPDATE
2026-01-14 23:24:15,Nitro Tap,10.7%,UPDATE
2026-01-14 23:28:59,Nitro Tap,10.8%,UPDATE
2026-01-14 23:32:41,Nitro Tap,10.9%,UPDATE
2026-01-14 23:35:07,Wisco Tap,55.3%,UPDATE
2026-01-14 23:37:04,Nitro Tap,11.0%,UPDATE
2026-01-14 23:40:05,Nitro Tap,11.1%,UPDATE
2026-01-14 23:45:07,Nitro Tap,11.2%,UPDATE
2026-01-14 23:49:21,Nitro Tap,11.3%,UPDATE
2026-01-14 23:52:47,Nitro Tap,11.4%,UPDATE
2026-01-14 23:54:29,Wisco Tap,55.4%,UPDATE
2026-01-14 23:58:40,Nitro Tap,11.5%,UPDATE
2026-01-15 00:02:48,Nitro Tap,11.6%,UPDATE
2026-01-15 00:05:53,Law Tap,30.3%,UPDATE
2026-01-15 00:09:23,Nitro Tap,11.7%,UPDATE
2026-01-15 00:16:10,Nitro Tap,11.8%,UPDATE
2026-01-15 00:17:43,Nitro Tap,11.7%,UPDATE
2026-01-15 00:17:53,Nitro Tap,11.6%,UPDATE
2026-01-15 00:18:12,Nitro Tap,11.5%,UPDATE
2026-01-15 00:18:38,Nitro Tap,11.4%,UPDATE
2026-01-15 00:20:20,Nitro Tap,11.3%,UPDATE
2026-01-15 00:20:58,Nitro Tap,11.2%,UPDATE
2026-01-15 00:21:23,Nitro Tap,11.1%,UPDATE
2026-01-15 00:21:58,Nitro Tap,11.0%,UPDATE
2026-01-15 00:22:59,Nitro Tap,10.9%,UPDATE
2026-01-15 00:25:24,Nitro Tap,10.8%,UPDATE
2026-01-15 00:27:13,Nitro Tap,10.7%,UPDATE
2026-01-15 00:27:45,Nitro Tap,10.6%,UPDATE
2026-01-15 00:28:43,Nitro Tap,10.5%,UPDATE
2026-01-15 00:29:21,Nitro Tap,10.4%,UPDATE
2026-01-15 00:30:25,Nitro Tap,10.3%,UPDATE
2026-01-15 00:31:26,Nitro Tap,10.2%,UPDATE
2026-01-15 00:41:32,Nitro Tap,10.1%,UPDATE
2026-01-15 00:45:16,Nitro Tap,10.2%,UPDATE
2026-01-15 00:45:33,Nitro Tap,10.3%,UPDATE
2026-01-15 00:46:41,Nitro Tap,10.2%,UPDATE
2026-01-15 00:48:35,Nitro Tap,10.3%,UPDATE
2026-01-15 00:51:25,Nitro Tap,10.4%,UPDATE
2026-01-15 00:55:46,Nitro Tap,8.76 pts,POUR
2026-01-15 00:56:24,Law Tap,30.2%,UPDATE
2026-01-15 00:59:00,Nitro Tap,10.5%,UPDATE
2026-01-15 01:04:25,Nitro Tap,10.6%,UPDATE
2026-01-15 01:05:17,Nitro Tap,10.7%,UPDATE
2026-01-15 01:08:43,Nitro Tap,10.8%,UPDATE
2026-01-15 01:08:56,Wisco Tap,55.5%,UPDATE
2026-01-15 01:11:44,Nitro Tap,10.9%,UPDATE
2026-01-15 01:16:15,Nitro Tap,11.0%,UPDATE
2026-01-15 01:18:46,Nitro Tap,11.1%,UPDATE
2026-01-15 01:23:47,Nitro Tap,11.2%,UPDATE
2026-01-15 01:25:59,Nitro Tap,11.3%,UPDATE
2026-01-15 01:29:32,Nitro Tap,11.4%,UPDATE
2026-01-15 01:33:22,Nitro Tap,11.5%,UPDATE
2026-01-15 01:34:34,Law Tap,30.1%,UPDATE
2026-01-15 01:35:00,Wisco Tap,55.4%,UPDATE
2026-01-15 01:35:08,Wisco Tap,55.3%,UPDATE
2026-01-15 01:35:18,Wisco Tap,55.2%,UPDATE
2026-01-15 01:35:31,Wisco Tap,55.1%,UPDATE
2026-01-15 01:35:37,Wisco Tap,55.0%,UPDATE
2026-01-15 01:35:53,Wisco Tap,54.9%,UPDATE
2026-01-15 01:36:10,Wisco Tap,54.8%,UPDATE
2026-01-15 01:36:46,Wisco Tap,54.7%,UPDATE
2026-01-15 01:37:14,Wisco Tap,54.6%,UPDATE
2026-01-15 01:37:28,Law Tap,30.0%,UPDATE
2026-01-15 01:37:49,Wisco Tap,54.5%,UPDATE
2026-01-15 01:38:26,Law Tap,29.9%,UPDATE
2026-01-15 01:38:40,Nitro Tap,11.6%,UPDATE
2026-01-15 01:39:16,Law Tap,29.8%,UPDATE
2026-01-15 01:39:27,Wisco Tap,54.4%,UPDATE
2026-01-15 01:41:46,Wisco Tap,54.3%,UPDATE
2026-01-15 01:41:59,Law Tap,29.7%,UPDATE
2026-01-15 01:42:23,Law Tap,2.33 pts,POUR
2026-01-15 01:43:14,Nitro Tap,11.7%,UPDATE
2026-01-15 01:43:37,Wisco Tap,54.2%,UPDATE
2026-01-15 01:44:30,Wisco Tap,54.1%,UPDATE
2026-01-15 01:46:29,Wisco Tap,8.79 pts,POUR
2026-01-15 01:47:58,Nitro Tap,11.8%,UPDATE
2026-01-15 01:53:14,Nitro Tap,11.9%,UPDATE
2026-01-15 01:53:26,Wisco Tap,54.0%,UPDATE
2026-01-15 01:56:10,Law Tap,29.6%,UPDATE
2026-01-15 02:01:17,Nitro Tap,12.0%,UPDATE
2026-01-15 02:04:32,Nitro Tap,11.9%,UPDATE
2026-01-15 02:04:48,Nitro Tap,11.8%,UPDATE
2026-01-15 02:04:59,Nitro Tap,11.7%,UPDATE
2026-01-15 02:05:12,Nitro Tap,11.6%,UPDATE
2026-01-15 02:05:23,Nitro Tap,11.5%,UPDATE
2026-01-15 02:05:45,Nitro Tap,11.4%,UPDATE
2026-01-15 02:06:19,Wisco Tap,54.1%,UPDATE
2026-01-15 02:06:37,Nitro Tap,11.3%,UPDATE
2026-01-15 02:07:03,Nitro Tap,11.2%,UPDATE
2026-01-15 02:08:15,Nitro Tap,11.1%,UPDATE
2026-01-15 02:08:40,Nitro Tap,11.0%,UPDATE
2026-01-15 02:10:47,Nitro Tap,10.9%,UPDATE
2026-01-15 02:11:54,Nitro Tap,10.8%,UPDATE
2026-01-15 02:13:22,Nitro Tap,10.7%,UPDATE
2026-01-15 02:14:03,Wisco Tap,54.2%,UPDATE
2026-01-15 02:14:41,Nitro Tap,10.6%,UPDATE
2026-01-15 02:16:26,Nitro Tap,10.5%,UPDATE
2026-01-15 02:17:36,Nitro Tap,10.4%,UPDATE
2026-01-15 02:19:14,Nitro Tap,10.3%,UPDATE
2026-01-15 02:20:41,Nitro Tap,10.2%,UPDATE
2026-01-15 02:23:41,Nitro Tap,10.96 pts,POUR
2026-01-15 02:25:07,Nitro Tap,10.1%,UPDATE
2026-01-15 02:36:37,Nitro Tap,10.2%,UPDATE
2026-01-15 02:37:26,Nitro Tap,10.3%,UPDATE
2026-01-15 02:37:49,Law Tap,29.5%,UPDATE
2026-01-15 02:38:24,Nitro Tap,10.4%,UPDATE
2026-01-15 02:42:21,Nitro Tap,10.5%,UPDATE
2026-01-15 02:43:39,Nitro Tap,10.6%,UPDATE
2026-01-15 02:44:41,Wisco Tap,54.3%,UPDATE
2026-01-15 02:47:37,Nitro Tap,10.7%,UPDATE
2026-01-15 02:51:50,Nitro Tap,10.8%,UPDATE
2026-01-15 02:53:44,Nitro Tap,10.9%,UPDATE
2026-01-15 02:55:15,Wisco Tap,54.4%,UPDATE
2026-01-15 02:57:49,Nitro Tap,11.0%,UPDATE
2026-01-15 03:01:26,Nitro Tap,11.1%,UPDATE
2026-01-15 03:01:39,Law Tap,29.6%,UPDATE
2026-01-15 03:02:34,Wisco Tap,54.5%,UPDATE
2026-01-15 03:02:37,Wisco Tap,54.6%,UPDATE
2026-01-15 03:02:56,Wisco Tap,54.7%,UPDATE
2026-01-15 03:03:21,Wisco Tap,54.8%,UPDATE
2026-01-15 03:03:23,Wisco Tap,54.9%,UPDATE
2026-01-15 03:03:26,Wisco Tap,55.0%,UPDATE
2026-01-15 03:03:52,Wisco Tap,55.1%,UPDATE
2026-01-15 03:04:06,Law Tap,29.7%,UPDATE
2026-01-15 03:04:21,Wisco Tap,55.2%,UPDATE
2026-01-15 03:05:00,Wisco Tap,55.3%,UPDATE
2026-01-15 03:06:00,Nitro Tap,11.2%,UPDATE
2026-01-15 03:07:10,Wisco Tap,55.4%,UPDATE
2026-01-15 03:08:04,Nitro Tap,11.3%,UPDATE
2026-01-15 03:08:38,Wisco Tap,55.5%,UPDATE
2026-01-15 03:08:51,Law Tap,29.8%,UPDATE
2026-01-15 03:13:31,Nitro Tap,11.4%,UPDATE
2026-01-15 03:16:06,Nitro Tap,11.5%,UPDATE
2026-01-15 03:19:46,Nitro Tap,11.6%,UPDATE
2026-01-15 03:23:42,Nitro Tap,11.7%,UPDATE
2026-01-15 03:28:56,Nitro Tap,11.8%,UPDATE
2026-01-15 03:34:26,Nitro Tap,11.9%,UPDATE
2026-01-15 03:41:23,Nitro Tap,12.0%,UPDATE
2026-01-15 03:53:45,Nitro Tap,11.9%,UPDATE
2026-01-15 03:53:55,Nitro Tap,11.8%,UPDATE
2026-01-15 03:54:04,Nitro Tap,11.7%,UPDATE
2026-01-15 03:54:13,Nitro Tap,11.6%,UPDATE
2026-01-15 03:54:26,Nitro Tap,11.5%,UPDATE
2026-01-15 03:54:51,Nitro Tap,11.4%,UPDATE
2026-01-15 03:55:28,Nitro Tap,11.3%,UPDATE
2026-01-15 03:57:39,Nitro Tap,11.2%,UPDATE
2026-01-15 03:58:03,Nitro Tap,11.1%,UPDATE
2026-01-15 03:58:30,Nitro Tap,11.0%,UPDATE
2026-01-15 04:00:17,Nitro Tap,10.9%,UPDATE
2026-01-15 04:01:29,Nitro Tap,10.8%,UPDATE
2026-01-15 04:03:00,Nitro Tap,10.7%,UPDATE
2026-01-15 04:04:01,Nitro Tap,10.6%,UPDATE
2026-01-15 04:05:03,Nitro Tap,10.5%,UPDATE
2026-01-15 04:06:51,Nitro Tap,10.4%,UPDATE
2026-01-15 04:07:27,Nitro Tap,10.3%,UPDATE
2026-01-15 04:08:04,Nitro Tap,10.2%,UPDATE
2026-01-15 04:09:03,Nitro Tap,10.1%,UPDATE
2026-01-15 04:10:02,Nitro Tap,12.45 pts,POUR
2026-01-15 04:14:30,Nitro Tap,10.2%,UPDATE
2026-01-15 04:15:30,Nitro Tap,10.3%,UPDATE
2026-01-15 04:16:29,Nitro Tap,10.4%,UPDATE
2026-01-15 04:19:27,Nitro Tap,10.5%,UPDATE
2026-01-15 04:22:03,Nitro Tap,10.6%,UPDATE
2026-01-15 04:27:31,Nitro Tap,10.7%,UPDATE
2026-01-15 04:32:04,Nitro Tap,10.8%,UPDATE
2026-01-15 04:36:06,Nitro Tap,10.9%,UPDATE
2026-01-15 04:41:21,Nitro Tap,11.0%,UPDATE
2026-01-15 04:43:18,Wisco Tap,55.4%,UPDATE
2026-01-15 04:44:31,Nitro Tap,11.1%,UPDATE
2026-01-15 04:51:06,Nitro Tap,11.2%,UPDATE
2026-01-15 04:53:34,Nitro Tap,11.3%,UPDATE
2026-01-15 04:57:31,Nitro Tap,11.4%,UPDATE
2026-01-15 05:03:05,Nitro Tap,11.5%,UPDATE
2026-01-15 05:06:34,Nitro Tap,11.6%,UPDATE
2026-01-15 05:13:23,Nitro Tap,11.7%,UPDATE
2026-01-15 05:17:48,Law Tap,29.9%,UPDATE
2026-01-15 05:18:36,Nitro Tap,11.8%,UPDATE
2026-01-15 05:23:50,Wisco Tap,55.3%,UPDATE
2026-01-15 05:26:00,Nitro Tap,11.9%,UPDATE
2026-01-15 05:27:08,Nitro Tap,11.8%,UPDATE
2026-01-15 05:27:25,Nitro Tap,11.7%,UPDATE
2026-01-15 05:27:35,Nitro Tap,11.6%,UPDATE
2026-01-15 05:27:56,Nitro Tap,11.5%,UPDATE
2026-01-15 05:28:26,Nitro Tap,11.4%,UPDATE
2026-01-15 05:30:14,Nitro Tap,11.3%,UPDATE
2026-01-15 05:32:51,Nitro Tap,11.2%,UPDATE
2026-01-15 05:33:49,Nitro Tap,11.1%,UPDATE
2026-01-15 05:34:14,Nitro Tap,11.0%,UPDATE
2026-01-15 05:34:39,Nitro Tap,10.9%,UPDATE
2026-01-15 05:35:28,Nitro Tap,10.8%,UPDATE
2026-01-15 05:38:39,Nitro Tap,10.7%,UPDATE
2026-01-15 05:39:11,Nitro Tap,10.6%,UPDATE
2026-01-15 05:39:40,Nitro Tap,10.5%,UPDATE
2026-01-15 05:40:27,Nitro Tap,10.4%,UPDATE
2026-01-15 05:41:25,Nitro Tap,10.3%,UPDATE
2026-01-15 05:42:46,Nitro Tap,10.2%,UPDATE
2026-01-15 05:44:06,Nitro Tap,10.45 pts,POUR
2026-01-15 05:46:08,Nitro Tap,10.3%,UPDATE
2026-01-15 05:46:17,Nitro Tap,10.4%,UPDATE
2026-01-15 05:46:39,Nitro Tap,10.3%,UPDATE
2026-01-15 05:48:26,Nitro Tap,10.4%,UPDATE
2026-01-15 05:49:51,Nitro Tap,10.5%,UPDATE
2026-01-15 05:53:26,Nitro Tap,10.6%,UPDATE
2026-01-15 05:56:05,Nitro Tap,10.7%,UPDATE
2026-01-15 05:58:52,Wisco Tap,55.2%,UPDATE
2026-01-15 06:04:05,Nitro Tap,10.8%,UPDATE
2026-01-15 06:07:44,Nitro Tap,10.9%,UPDATE
2026-01-15 06:09:30,Wisco Tap,55.1%,UPDATE
2026-01-15 06:12:07,Nitro Tap,11.0%,UPDATE
2026-01-15 06:17:15,Law Tap,30.0%,UPDATE
2026-01-15 06:17:53,Nitro Tap,11.1%,UPDATE
2026-01-15 06:19:19,Wisco Tap,55.0%,UPDATE
2026-01-15 06:19:33,Nitro Tap,11.2%,UPDATE
2026-01-15 06:24:35,Nitro Tap,11.3%,UPDATE
2026-01-15 06:27:32,Nitro Tap,11.4%,UPDATE
2026-01-15 06:28:11,Wisco Tap,54.9%,UPDATE
2026-01-15 06:33:09,Nitro Tap,11.5%,UPDATE
2026-01-15 06:37:17,Nitro Tap,11.6%,UPDATE
2026-01-15 06:40:30,Wisco Tap,54.8%,UPDATE
2026-01-15 06:42:10,Nitro Tap,11.7%,UPDATE
2026-01-15 06:46:54,Nitro Tap,11.8%,UPDATE
2026-01-15 06:52:35,Law Tap,30.1%,UPDATE
2026-01-15 06:53:21,Nitro Tap,11.9%,UPDATE
2026-01-15 06:58:09,Nitro Tap,11.8%,UPDATE
2026-01-15 06:58:25,Nitro Tap,11.7%,UPDATE
2026-01-15 06:58:39,Nitro Tap,11.6%,UPDATE
2026-01-15 06:58:51,Nitro Tap,11.5%,UPDATE
2026-01-15 06:59:15,Nitro Tap,11.4%,UPDATE
2026-01-15 07:00:01,Nitro Tap,11.3%,UPDATE
2026-01-15 07:00:33,Nitro Tap,11.2%,UPDATE
2026-01-15 07:01:00,Nitro Tap,11.1%,UPDATE
2026-01-15 07:02:13,Nitro Tap,11.0%,UPDATE
2026-01-15 07:02:57,Wisco Tap,54.7%,UPDATE
2026-01-15 07:04:15,Nitro Tap,10.9%,UPDATE
2026-01-15 07:06:33,Nitro Tap,10.8%,UPDATE
2026-01-15 07:07:55,Nitro Tap,10.7%,UPDATE
2026-01-15 07:08:55,Nitro Tap,10.6%,UPDATE
2026-01-15 07:09:45,Nitro Tap,10.5%,UPDATE
2026-01-15 07:10:19,Nitro Tap,10.4%,UPDATE
2026-01-15 07:11:22,Nitro Tap,10.3%,UPDATE
2026-01-15 07:12:30,Nitro Tap,10.2%,UPDATE
2026-01-15 07:14:34,Nitro Tap,10.1%,UPDATE
2026-01-15 07:17:52,Nitro Tap,10.2%,UPDATE
2026-01-15 07:17:53,Nitro Tap,10.3%,UPDATE
2026-01-15 07:17:54,Nitro Tap,10.4%,UPDATE
2026-01-15 07:18:06,Nitro Tap,10.5%,UPDATE
2026-01-15 07:18:25,Nitro Tap,10.4%,UPDATE
2026-01-15 07:18:33,Nitro Tap,10.3%,UPDATE
2026-01-15 07:18:49,Nitro Tap,10.2%,UPDATE
2026-01-15 07:20:31,Nitro Tap,10.3%,UPDATE
2026-01-15 07:22:23,Nitro Tap,10.4%,UPDATE
2026-01-15 07:23:23,Nitro Tap,10.5%,UPDATE
2026-01-15 07:27:23,Nitro Tap,10.6%,UPDATE
2026-01-15 07:29:25,Nitro Tap,7.98 pts,POUR
2026-01-15 07:33:51,Nitro Tap,10.7%,UPDATE
2026-01-15 07:37:51,Nitro Tap,10.8%,UPDATE
2026-01-15 07:44:51,Nitro Tap,10.9%,UPDATE
2026-01-15 07:48:07,Nitro Tap,11.0%,UPDATE
2026-01-15 07:49:38,Nitro Tap,11.1%,UPDATE
2026-01-15 07:53:52,Nitro Tap,11.2%,UPDATE
2026-01-15 07:54:08,Wisco Tap,54.8%,UPDATE
2026-01-15 07:59:54,Nitro Tap,11.3%,UPDATE
2026-01-15 08:00:40,Wisco Tap,54.9%,UPDATE
2026-01-15 08:02:11,Nitro Tap,11.4%,UPDATE
2026-01-15 08:06:25,Wisco Tap,54.8%,UPDATE
2026-01-15 08:07:02,Nitro Tap,11.5%,UPDATE
2026-01-15 08:11:21,Nitro Tap,11.6%,UPDATE
2026-01-15 08:16:41,Wisco Tap,54.9%,UPDATE
2026-01-15 08:16:53,Nitro Tap,11.7%,UPDATE
2026-01-15 08:20:32,Law Tap,30.0%,UPDATE
2026-01-15 08:20:58,Wisco Tap,54.8%,UPDATE
2026-01-15 08:21:20,Wisco Tap,54.7%,UPDATE
2026-01-15 08:21:37,Wisco Tap,54.6%,UPDATE
2026-01-15 08:21:51,Wisco Tap,54.5%,UPDATE
2026-01-15 08:22:17,Wisco Tap,54.4%,UPDATE
2026-01-15 08:23:02,Wisco Tap,54.3%,UPDATE
2026-01-15 08:23:25,Wisco Tap,54.2%,UPDATE
2026-01-15 08:23:40,Nitro Tap,11.8%,UPDATE
2026-01-15 08:24:47,Wisco Tap,54.1%,UPDATE
2026-01-15 08:25:04,Law Tap,29.9%,UPDATE
2026-01-15 08:25:22,Wisco Tap,54.0%,UPDATE
2026-01-15 08:25:57,Nitro Tap,11.7%,UPDATE
2026-01-15 08:26:14,Nitro Tap,11.6%,UPDATE
2026-01-15 08:26:31,Nitro Tap,11.5%,UPDATE
2026-01-15 08:26:54,Nitro Tap,11.4%,UPDATE
2026-01-15 08:27:14,Nitro Tap,11.3%,UPDATE
2026-01-15 08:27:28,Law Tap,29.8%,UPDATE
2026-01-15 08:27:43,Nitro Tap,11.2%,UPDATE
2026-01-15 08:27:57,Wisco Tap,53.9%,UPDATE
2026-01-15 08:28:42,Law Tap,29.7%,UPDATE
2026-01-15 08:28:53,Nitro Tap,11.1%,UPDATE
2026-01-15 08:29:19,Wisco Tap,53.8%,UPDATE
2026-01-15 08:30:09,Nitro Tap,11.0%,UPDATE
2026-01-15 08:30:24,Law Tap,29.6%,UPDATE
2026-01-15 08:30:51,Law Tap,2.16 pts,POUR
2026-01-15 08:31:04,Nitro Tap,10.9%,UPDATE
2026-01-15 08:31:57,Wisco Tap,53.7%,UPDATE
2026-01-15 08:33:22,Nitro Tap,10.8%,UPDATE
2026-01-15 08:35:04,Nitro Tap,10.7%,UPDATE
2026-01-15 08:35:52,Wisco Tap,53.6%,UPDATE
2026-01-15 08:36:16,Nitro Tap,10.6%,UPDATE
2026-01-15 08:37:06,Nitro Tap,10.5%,UPDATE
2026-01-15 08:37:23,Wisco Tap,7.47 pts,POUR
2026-01-15 08:37:55,Nitro Tap,10.4%,UPDATE
2026-01-15 08:39:13,Nitro Tap,10.3%,UPDATE
2026-01-15 08:39:45,Nitro Tap,10.2%,UPDATE
2026-01-15 08:41:05,Nitro Tap,10.1%,UPDATE
2026-01-15 08:50:55,Wisco Tap,53.7%,UPDATE
2026-01-15 08:53:59,Nitro Tap,10.2%,UPDATE
2026-01-15 08:54:19,Nitro Tap,10.3%,UPDATE
2026-01-15 08:54:34,Nitro Tap,10.2%,UPDATE
2026-01-15 08:55:45,Nitro Tap,10.1%,UPDATE
2026-01-15 08:56:19,Nitro Tap,10.2%,UPDATE
2026-01-15 08:59:21,Law Tap,29.5%,UPDATE
2026-01-15 08:59:44,Nitro Tap,10.3%,UPDATE
2026-01-15 09:02:09,Nitro Tap,10.4%,UPDATE
2026-01-15 09:03:09,Nitro Tap,8.39 pts,POUR
2026-01-15 09:09:07,Nitro Tap,10.5%,UPDATE
2026-01-15 09:11:43,Nitro Tap,10.6%,UPDATE
2026-01-15 09:14:23,Nitro Tap,10.7%,UPDATE
2026-01-15 09:17:44,Nitro Tap,10.8%,UPDATE
2026-01-15 09:21:12,Nitro Tap,10.9%,UPDATE
2026-01-15 09:21:59,Wisco Tap,53.6%,UPDATE
2026-01-15 09:25:09,Nitro Tap,11.0%,UPDATE
2026-01-15 09:27:45,Nitro Tap,11.1%,UPDATE
2026-01-15 09:31:13,Nitro Tap,11.2%,UPDATE
2026-01-15 09:31:47,Wisco Tap,53.7%,UPDATE
2026-01-15 09:36:10,Nitro Tap,11.3%,UPDATE
2026-01-15 09:38:48,Nitro Tap,11.4%,UPDATE
2026-01-15 09:42:20,Nitro Tap,11.5%,UPDATE
2026-01-15 09:47:09,Nitro Tap,11.6%,UPDATE
2026-01-15 09:50:11,Nitro Tap,11.7%,UPDATE
2026-01-15 09:50:45,Wisco Tap,53.8%,UPDATE
2026-01-15 09:55:50,Nitro Tap,11.8%,UPDATE
2026-01-15 09:59:09,Wisco Tap,53.9%,UPDATE
2026-01-15 09:59:23,Wisco Tap,54.0%,UPDATE
2026-01-15 09:59:40,Wisco Tap,54.1%,UPDATE
2026-01-15 09:59:59,Wisco Tap,54.2%,UPDATE
2026-01-15 10:00:23,Wisco Tap,54.3%,UPDATE
2026-01-15 10:01:06,Wisco Tap,54.4%,UPDATE
2026-01-15 10:01:32,Wisco Tap,54.5%,UPDATE
2026-01-15 10:01:57,Nitro Tap,11.9%,UPDATE
2026-01-15 10:02:10,Wisco Tap,54.6%,UPDATE
2026-01-15 10:02:43,Wisco Tap,54.7%,UPDATE
2026-01-15 10:03:20,Law Tap,29.6%,UPDATE
2026-01-15 10:04:26,Law Tap,29.7%,UPDATE
2026-01-15 10:06:04,Wisco Tap,54.8%,UPDATE
2026-01-15 10:07:28,Wisco Tap,54.7%,UPDATE
2026-01-15 10:07:51,Law Tap,29.8%,UPDATE
2026-01-15 10:08:31,Wisco Tap,54.6%,UPDATE
2026-01-15 10:09:29,Nitro Tap,12.0%,UPDATE
2026-01-15 10:10:04,Nitro Tap,11.9%,UPDATE
2026-01-15 10:10:24,Nitro Tap,11.8%,UPDATE
2026-01-15 10:10:39,Nitro Tap,11.7%,UPDATE
2026-01-15 10:10:47,Nitro Tap,11.6%,UPDATE
2026-01-15 10:11:07,Nitro Tap,11.5%,UPDATE
2026-01-15 10:11:19,Nitro Tap,11.4%,UPDATE
2026-01-15 10:11:47,Nitro Tap,11.3%,UPDATE
2026-01-15 10:12:48,Nitro Tap,11.2%,UPDATE
2026-01-15 10:13:17,Nitro Tap,11.1%,UPDATE
2026-01-15 10:15:24,Nitro Tap,11.0%,UPDATE
2026-01-15 10:15:32,Nitro Tap,10.9%,UPDATE
2026-01-15 10:16:31,Nitro Tap,10.8%,UPDATE
2026-01-15 10:18:55,Nitro Tap,10.7%,UPDATE
2026-01-15 10:21:37,Nitro Tap,10.6%,UPDATE
2026-01-15 10:22:03,Nitro Tap,10.5%,UPDATE
2026-01-15 10:22:35,Nitro Tap,10.4%,UPDATE
2026-01-15 10:23:41,Nitro Tap,10.3%,UPDATE
2026-01-15 10:24:25,Nitro Tap,10.2%,UPDATE
2026-01-15 10:27:25,Nitro Tap,10.1%,UPDATE
2026-01-15 10:30:57,Nitro Tap,10.2%,UPDATE
2026-01-15 10:33:42,Nitro Tap,10.3%,UPDATE
2026-01-15 10:34:17,Nitro Tap,10.4%,UPDATE
2026-01-15 10:35:27,Nitro Tap,10.5%,UPDATE
2026-01-15 10:38:29,Nitro Tap,8.32 pts,POUR
2026-01-15 10:43:13,Nitro Tap,10.6%,UPDATE
2026-01-15 10:46:40,Nitro Tap,10.7%,UPDATE
2026-01-15 10:50:46,Nitro Tap,10.8%,UPDATE
2026-01-15 10:54:00,Nitro Tap,10.9%,UPDATE
2026-01-15 10:58:11,Nitro Tap,11.0%,UPDATE
2026-01-15 11:01:59,Nitro Tap,11.1%,UPDATE
2026-01-15 11:03:39,Wisco Tap,54.7%,UPDATE
2026-01-15 11:06:50,Nitro Tap,11.2%,UPDATE
2026-01-15 11:11:35,Nitro Tap,11.3%,UPDATE
2026-01-15 11:14:29,Nitro Tap,11.4%,UPDATE
2026-01-15 11:19:28,Nitro Tap,11.5%,UPDATE
2026-01-15 11:24:51,Nitro Tap,11.6%,UPDATE
2026-01-15 11:26:27,Wisco Tap,54.6%,UPDATE
2026-01-15 11:28:56,Nitro Tap,11.7%,UPDATE
2026-01-15 11:35:52,Nitro Tap,11.8%,UPDATE
2026-01-15 11:37:09,Nitro Tap,11.7%,UPDATE
2026-01-15 11:37:27,Nitro Tap,11.6%,UPDATE
2026-01-15 11:37:43,Nitro Tap,11.5%,UPDATE
2026-01-15 11:37:57,Nitro Tap,11.4%,UPDATE
2026-01-15 11:38:27,Nitro Tap,11.3%,UPDATE
2026-01-15 11:41:06,Nitro Tap,11.2%,UPDATE
2026-01-15 11:41:17,Nitro Tap,11.1%,UPDATE
2026-01-15 11:41:43,Nitro Tap,11.0%,UPDATE
2026-01-15 11:42:30,Nitro Tap,10.9%,UPDATE
2026-01-15 11:43:41,Nitro Tap,10.8%,UPDATE
2026-01-15 11:45:12,Nitro Tap,10.7%,UPDATE
2026-01-15 11:48:56,Nitro Tap,10.6%,UPDATE
2026-01-15 11:50:56,Nitro Tap,10.5%,UPDATE
2026-01-15 11:52:20,Nitro Tap,10.4%,UPDATE
2026-01-15 11:52:43,Nitro Tap,10.3%,UPDATE
2026-01-15 11:53:08,Nitro Tap,10.2%,UPDATE
2026-01-15 11:57:54,Nitro Tap,9.71 pts,POUR
2026-01-15 11:58:44,Law Tap,29.9%,UPDATE
2026-01-15 12:00:56,Nitro Tap,10.1%,UPDATE
2026-01-15 12:05:45,Nitro Tap,10.2%,UPDATE
2026-01-15 12:06:46,Nitro Tap,10.1%,UPDATE
2026-01-15 12:09:11,Nitro Tap,10.2%,UPDATE
2026-01-15 12:10:36,Nitro Tap,10.3%,UPDATE
2026-01-15 12:13:01,Nitro Tap,10.4%,UPDATE
2026-01-15 12:20:37,Nitro Tap,10.5%,UPDATE
2026-01-15 12:24:24,Nitro Tap,10.6%,UPDATE
2026-01-15 12:27:15,Nitro Tap,10.7%,UPDATE
2026-01-15 12:31:14,Nitro Tap,10.8%,UPDATE
2026-01-15 12:33:33,Nitro Tap,10.9%,UPDATE
2026-01-15 12:37:15,Nitro Tap,11.0%,UPDATE
2026-01-15 12:40:03,Nitro Tap,11.1%,UPDATE
2026-01-15 12:44:03,Nitro Tap,11.2%,UPDATE
2026-01-15 12:48:02,Nitro Tap,11.3%,UPDATE
2026-01-15 12:50:05,Nitro Tap,11.4%,UPDATE
2026-01-15 12:54:19,Nitro Tap,11.5%,UPDATE
2026-01-15 12:59:39,Nitro Tap,11.6%,UPDATE
2026-01-15 13:01:41,Law Tap,30.0%,UPDATE
2026-01-15 13:02:54,Nitro Tap,11.7%,UPDATE
2026-01-15 13:08:04,Nitro Tap,11.8%,UPDATE
2026-01-15 13:10:40,Wisco Tap,54.7%,UPDATE
2026-01-15 13:13:20,Nitro Tap,11.9%,UPDATE
2026-01-15 13:21:42,Nitro Tap,12.0%,UPDATE
2026-01-15 13:22:07,Nitro Tap,11.9%,UPDATE
2026-01-15 13:22:14,Nitro Tap,11.8%,UPDATE
2026-01-15 13:22:25,Nitro Tap,11.7%,UPDATE
2026-01-15 13:22:36,Nitro Tap,11.6%,UPDATE
2026-01-15 13:22:54,Nitro Tap,11.5%,UPDATE
2026-01-15 13:23:13,Nitro Tap,11.4%,UPDATE
2026-01-15 13:23:39,Nitro Tap,11.3%,UPDATE
2026-01-15 13:24:08,Nitro Tap,11.2%,UPDATE
2026-01-15 13:24:22,Law Tap,30.1%,UPDATE
2026-01-15 13:24:45,Nitro Tap,11.1%,UPDATE
2026-01-15 13:26:58,Nitro Tap,11.0%,UPDATE
2026-01-15 13:27:24,Nitro Tap,10.9%,UPDATE
2026-01-15 13:28:57,Nitro Tap,10.8%,UPDATE
2026-01-15 13:31:26,Nitro Tap,10.7%,UPDATE
2026-01-15 13:32:17,Nitro Tap,10.6%,UPDATE
2026-01-15 13:32:58,Nitro Tap,10.5%,UPDATE
2026-01-15 13:35:21,Nitro Tap,10.4%,UPDATE
2026-01-15 13:35:50,Nitro Tap,10.3%,UPDATE
2026-01-15 13:36:15,Nitro Tap,10.2%,UPDATE
2026-01-15 13:36:27,Wisco Tap,54.8%,UPDATE
2026-01-15 13:36:46,Nitro Tap,10.1%,UPDATE
2026-01-15 13:50:35,Nitro Tap,10.0%,UPDATE
2026-01-15 13:51:07,Nitro Tap,10.1%,UPDATE
2026-01-15 13:51:20,Nitro Tap,10.2%,UPDATE
2026-01-15 13:52:58,Nitro Tap,10.1%,UPDATE
2026-01-15 13:54:58,Nitro Tap,10.2%,UPDATE
2026-01-15 13:56:11,Nitro Tap,10.3%,UPDATE
2026-01-15 13:57:58,Nitro Tap,9.40 pts,POUR
2026-01-15 13:58:36,Law Tap,30.2%,UPDATE
2026-01-15 13:59:36,Wisco Tap,54.9%,UPDATE
2026-01-15 14:01:47,Nitro Tap,10.4%,UPDATE
2026-01-15 14:06:37,Nitro Tap,10.5%,UPDATE
2026-01-15 14:10:12,Nitro Tap,10.6%,UPDATE
2026-01-15 14:13:59,Nitro Tap,10.7%,UPDATE
2026-01-15 14:15:48,Nitro Tap,10.8%,UPDATE
2026-01-15 14:19:08,Nitro Tap,10.9%,UPDATE
2026-01-15 14:22:19,Wisco Tap,54.8%,UPDATE
2026-01-15 14:22:30,Wisco Tap,54.7%,UPDATE
2026-01-15 14:22:42,Wisco Tap,54.6%,UPDATE
2026-01-15 14:22:57,Wisco Tap,54.5%,UPDATE
2026-01-15 14:23:08,Wisco Tap,54.4%,UPDATE
2026-01-15 14:23:32,Wisco Tap,54.3%,UPDATE
2026-01-15 14:24:03,Wisco Tap,54.2%,UPDATE
2026-01-15 14:24:39,Wisco Tap,54.1%,UPDATE
2026-01-15 14:24:57,Nitro Tap,11.0%,UPDATE
2026-01-15 14:25:13,Wisco Tap,54.0%,UPDATE
2026-01-15 14:25:31,Law Tap,30.1%,UPDATE
2026-01-15 14:25:45,Wisco Tap,53.9%,UPDATE
2026-01-15 14:26:24,Nitro Tap,11.1%,UPDATE
2026-01-15 14:26:53,Wisco Tap,53.8%,UPDATE
2026-01-15 14:27:31,Law Tap,30.0%,UPDATE
2026-01-15 14:28:13,Wisco Tap,53.7%,UPDATE
2026-01-15 14:28:27,Law Tap,29.9%,UPDATE
2026-01-15 14:29:42,Law Tap,29.8%,UPDATE
2026-01-15 14:29:53,Nitro Tap,11.2%,UPDATE
2026-01-15 14:30:07,Law Tap,29.7%,UPDATE
2026-01-15 14:31:56,Wisco Tap,53.6%,UPDATE
2026-01-15 14:33:25,Law Tap,3.04 pts,POUR
2026-01-15 14:34:36,Wisco Tap,8.15 pts,POUR
2026-01-15 14:35:22,Nitro Tap,11.3%,UPDATE
2026-01-15 14:37:01,Wisco Tap,53.5%,UPDATE
2026-01-15 14:37:38,Nitro Tap,11.4%,UPDATE
2026-01-15 14:42:57,Nitro Tap,11.5%,UPDATE
2026-01-15 14:45:38,Nitro Tap,11.6%,UPDATE
2026-01-15 14:46:17,Law Tap,29.6%,UPDATE
2026-01-15 14:48:27,Wisco Tap,53.6%,UPDATE
2026-01-15 14:50:29,Nitro Tap,11.7%,UPDATE
2026-01-15 14:57:11,Nitro Tap,11.8%,UPDATE
2026-01-15 15:01:33,Nitro Tap,11.9%,UPDATE
2026-01-15 15:03:08,Wisco Tap,53.7%,UPDATE
2026-01-15 15:08:29,Nitro Tap,11.8%,UPDATE
2026-01-15 15:08:46,Nitro Tap,11.7%,UPDATE
2026-01-15 15:09:01,Nitro Tap,11.6%,UPDATE
2026-01-15 15:09:20,Nitro Tap,11.5%,UPDATE
2026-01-15 15:09:32,Nitro Tap,11.4%,UPDATE
2026-01-15 15:09:58,Nitro Tap,11.3%,UPDATE
2026-01-15 15:12:41,Nitro Tap,11.2%,UPDATE
2026-01-15 15:13:12,Nitro Tap,11.1%,UPDATE
2026-01-15 15:13:40,Nitro Tap,11.0%,UPDATE
2026-01-15 15:14:07,Nitro Tap,10.9%,UPDATE
2026-01-15 15:14:32,Nitro Tap,10.8%,UPDATE
2026-01-15 15:16:02,Wisco Tap,53.6%,UPDATE
2026-01-15 15:17:00,Nitro Tap,10.7%,UPDATE
2026-01-15 15:18:15,Nitro Tap,10.6%,UPDATE
2026-01-15 15:19:15,Nitro Tap,10.5%,UPDATE
2026-01-15 15:19:50,Nitro Tap,10.4%,UPDATE
2026-01-15 15:20:49,Nitro Tap,10.3%,UPDATE
2026-01-15 15:21:42,Nitro Tap,10.2%,UPDATE
2026-01-15 15:21:57,Law Tap,29.5%,UPDATE
2026-01-15 15:22:42,Nitro Tap,10.1%,UPDATE
2026-01-15 15:24:08,Nitro Tap,11.84 pts,POUR
2026-01-15 15:47:03,Nitro Tap,10.3%,UPDATE
2026-01-15 15:47:52,Nitro Tap,10.4%,UPDATE
2026-01-15 15:48:11,Nitro Tap,10.5%,UPDATE
2026-01-15 15:49:54,Nitro Tap,10.5%,UPDATE
2026-01-15 15:50:20,Nitro Tap,10.6%,UPDATE
2026-01-15 15:50:35,Nitro Tap,10.6%,UPDATE
2026-01-15 15:54:29,Wisco Tap,53.7%,UPDATE
2026-01-15 15:55:15,Nitro Tap,10.7%,UPDATE
2026-01-15 15:58:20,Wisco Tap,53.8%,UPDATE
2026-01-15 15:58:35,Wisco Tap,53.9%,UPDATE
2026-01-15 15:58:51,Wisco Tap,54.0%,UPDATE
2026-01-15 15:59:03,Law Tap,29.6%,UPDATE
2026-01-15 15:59:16,Nitro Tap,10.8%,UPDATE
2026-01-15 16:00:20,Wisco Tap,54.4%,UPDATE
2026-01-15 16:01:27,Wisco Tap,54.5%,UPDATE
2026-01-15 16:01:39,Law Tap,29.7%,UPDATE
2026-01-15 16:02:06,Nitro Tap,10.9%,UPDATE
2026-01-15 16:03:38,Wisco Tap,54.6%,UPDATE
2026-01-15 16:05:35,Nitro Tap,11.0%,UPDATE
2026-01-15 16:05:49,Wisco Tap,54.7%,UPDATE
2026-01-15 16:05:56,Wisco Tap,54.7%,UPDATE
2026-01-15 16:06:08,Law Tap,29.8%,UPDATE
2026-01-15 16:06:20,Nitro Tap,11.0%,UPDATE
2026-01-15 16:08:56,Nitro Tap,11.1%,UPDATE
2026-01-15 16:11:54,Nitro Tap,11.2%,UPDATE
2026-01-15 16:13:25,Law Tap,29.9%,UPDATE
2026-01-15 16:15:22,Nitro Tap,11.3%,UPDATE
2026-01-15 16:18:10,Wisco Tap,54.6%,UPDATE
2026-01-15 16:18:47,Nitro Tap,11.4%,UPDATE
2026-01-15 16:22:25,Nitro Tap,11.5%,UPDATE
2026-01-15 16:26:45,Wisco Tap,54.7%,UPDATE
2026-01-15 16:27:06,Nitro Tap,11.6%,UPDATE
2026-01-15 16:30:49,Nitro Tap,11.7%,UPDATE
2026-01-15 16:35:25,Nitro Tap,11.8%,UPDATE
2026-01-15 16:42:00,Nitro Tap,11.9%,UPDATE
2026-01-15 16:51:19,Wisco Tap,54.6%,UPDATE
2026-01-15 16:52:48,Law Tap,29.8%,UPDATE
2026-01-15 16:52:49,Law Tap,29.7%,UPDATE
2026-01-15 16:52:50,Law Tap,29.6%,UPDATE
2026-01-15 16:52:50,Law Tap,29.5%,UPDATE
2026-01-15 16:52:51,Law Tap,29.4%,UPDATE
2026-01-15 16:52:52,Law Tap,29.3%,UPDATE
2026-01-15 16:52:53,Law Tap,29.2%,UPDATE
2026-01-15 16:52:54,Law Tap,29.1%,UPDATE
2026-01-15 16:52:55,Law Tap,29.0%,UPDATE
2026-01-15 16:52:56,Law Tap,28.9%,UPDATE
2026-01-15 16:52:58,Law Tap,28.8%,UPDATE
2026-01-15 16:52:59,Law Tap,28.7%,UPDATE
2026-01-15 16:53:00,Law Tap,28.6%,UPDATE
2026-01-15 16:53:02,Law Tap,28.5%,UPDATE
2026-01-15 16:53:03,Law Tap,28.4%,UPDATE
2026-01-15 16:53:04,Law Tap,28.3%,UPDATE
2026-01-15 16:53:05,Law Tap,28.2%,UPDATE
2026-01-15 16:53:06,Law Tap,28.1%,UPDATE
2026-01-15 16:53:07,Law Tap,28.0%,UPDATE
2026-01-15 16:53:13,Law Tap,27.9%,UPDATE
2026-01-15 16:54:13,Law Tap,27.8%,UPDATE
2026-01-15 16:55:32,Law Tap,13.36 pts,POUR
2026-01-15 16:56:10,Wisco Tap,54.5%,UPDATE
2026-01-15 16:56:37,Nitro Tap,11.8%,UPDATE
2026-01-15 16:56:44,Nitro Tap,11.7%,UPDATE
2026-01-15 16:57:34,Nitro Tap,11.6%,UPDATE
2026-01-15 16:57:36,Nitro Tap,11.5%,UPDATE
2026-01-15 16:57:42,Nitro Tap,11.4%,UPDATE
2026-01-15 16:58:32,Nitro Tap,11.3%,UPDATE
2026-01-15 16:58:34,Nitro Tap,11.2%,UPDATE
2026-01-15 16:59:08,Nitro Tap,11.1%,UPDATE
2026-01-15 16:59:09,Nitro Tap,11.0%,UPDATE
2026-01-15 16:59:32,Nitro Tap,10.9%,UPDATE
2026-01-15 17:00:33,Nitro Tap,10.8%,UPDATE
2026-01-15 17:03:45,Wisco Tap,54.6%,UPDATE
2026-01-15 17:05:25,Nitro Tap,10.7%,UPDATE
2026-01-15 17:05:34,Nitro Tap,10.6%,UPDATE
2026-01-15 17:06:39,Nitro Tap,10.5%,UPDATE
2026-01-15 17:06:48,Nitro Tap,10.4%,UPDATE
2026-01-15 17:07:13,Nitro Tap,10.3%,UPDATE
2026-01-15 17:07:51,Nitro Tap,10.2%,UPDATE
2026-01-15 17:09:13,Nitro Tap,10.1%,UPDATE
2026-01-15 17:11:40,Nitro Tap,11.84 pts,POUR
2026-01-15 17:19:32,Nitro Tap,10.0%,UPDATE
2026-01-15 17:19:56,Nitro Tap,10.1%,UPDATE
2026-01-15 17:21:41,Nitro Tap,10.0%,UPDATE
2026-01-15 17:23:33,Nitro Tap,10.1%,UPDATE
2026-01-15 17:24:55,Nitro Tap,10.2%,UPDATE
2026-01-15 17:25:30,Nitro Tap,10.1%,UPDATE
2026-01-15 17:26:01,Law Tap,27.9%,UPDATE
2026-01-15 17:27:56,Nitro Tap,10.2%,UPDATE
2026-01-15 17:29:12,Nitro Tap,10.3%,UPDATE
2026-01-15 17:35:32,Nitro Tap,10.4%,UPDATE
2026-01-15 17:39:50,Nitro Tap,10.5%,UPDATE
2026-01-15 17:44:00,Nitro Tap,10.6%,UPDATE
2026-01-15 17:46:26,Wisco Tap,54.7%,UPDATE
2026-01-15 17:47:31,Nitro Tap,10.7%,UPDATE
2026-01-15 17:50:14,Nitro Tap,10.8%,UPDATE
2026-01-15 17:52:36,Nitro Tap,10.9%,UPDATE
2026-01-15 17:56:59,Nitro Tap,11.0%,UPDATE
2026-01-15 17:59:36,Nitro Tap,11.1%,UPDATE
2026-01-15 18:04:10,Wisco Tap,54.6%,UPDATE
2026-01-15 18:05:22,Nitro Tap,11.2%,UPDATE
2026-01-15 18:06:42,Nitro Tap,11.3%,UPDATE
2026-01-15 18:11:10,Nitro Tap,11.4%,UPDATE
2026-01-15 18:14:35,Nitro Tap,11.5%,UPDATE
2026-01-15 18:16:59,Law Tap,28.0%,UPDATE
2026-01-15 18:20:00,Nitro Tap,11.6%,UPDATE
2026-01-15 18:23:39,Nitro Tap,11.7%,UPDATE
2026-01-15 18:29:07,Nitro Tap,11.8%,UPDATE
2026-01-15 18:31:07,Wisco Tap,54.7%,UPDATE
2026-01-15 18:36:16,Nitro Tap,11.9%,UPDATE
2026-01-15 18:40:07,Nitro Tap,11.8%,UPDATE
2026-01-15 18:40:25,Nitro Tap,11.7%,UPDATE
2026-01-15 18:40:37,Nitro Tap,11.6%,UPDATE
2026-01-15 18:40:51,Nitro Tap,11.5%,UPDATE
2026-01-15 18:41:09,Nitro Tap,11.4%,UPDATE
2026-01-15 18:41:25,Nitro Tap,11.3%,UPDATE
2026-01-15 18:42:41,Nitro Tap,11.2%,UPDATE
2026-01-15 18:43:09,Nitro Tap,11.1%,UPDATE
2026-01-15 18:43:52,Nitro Tap,11.0%,UPDATE
2026-01-15 18:44:25,Nitro Tap,10.9%,UPDATE
2026-01-15 18:46:34,Nitro Tap,10.8%,UPDATE
2026-01-15 18:48:09,Nitro Tap,10.7%,UPDATE
2026-01-15 18:49:59,Nitro Tap,10.6%,UPDATE
2026-01-15 18:51:13,Nitro Tap,10.5%,UPDATE
2026-01-15 18:51:57,Nitro Tap,10.4%,UPDATE
2026-01-15 18:52:58,Nitro Tap,10.3%,UPDATE
2026-01-15 18:54:36,Nitro Tap,10.2%,UPDATE
2026-01-15 18:56:26,Nitro Tap,10.1%,UPDATE
2026-01-15 18:57:51,Nitro Tap,10.0%,UPDATE
2026-01-15 18:58:41,Nitro Tap,10.1%,UPDATE
2026-01-15 18:58:42,Nitro Tap,10.2%,UPDATE
2026-01-15 18:58:56,Nitro Tap,10.3%,UPDATE
2026-01-15 18:59:17,Nitro Tap,10.2%,UPDATE
2026-01-15 19:01:10,Law Tap,28.1%,UPDATE
2026-01-15 19:03:18,Nitro Tap,10.3%,UPDATE
2026-01-15 19:03:45,Nitro Tap,10.4%,UPDATE
2026-01-15 19:05:02,Nitro Tap,10.5%,UPDATE
2026-01-15 19:08:20,Nitro Tap,10.6%,UPDATE
2026-01-15 19:10:02,Nitro Tap,7.68 pts,POUR
2026-01-15 19:15:56,Nitro Tap,10.7%,UPDATE
2026-01-15 19:19:09,Nitro Tap,10.8%,UPDATE
2026-01-15 19:22:31,Wisco Tap,54.8%,UPDATE
2026-01-15 19:24:16,Nitro Tap,10.9%,UPDATE
2026-01-15 19:27:22,Nitro Tap,11.0%,UPDATE
2026-01-15 19:31:58,Nitro Tap,11.1%,UPDATE
2026-01-15 19:35:44,Nitro Tap,11.2%,UPDATE
2026-01-15 19:39:46,Nitro Tap,11.3%,UPDATE
2026-01-15 19:43:01,Law Tap,28.2%,UPDATE
2026-01-15 19:45:38,Nitro Tap,11.4%,UPDATE
2026-01-15 19:48:04,Wisco Tap,54.9%,UPDATE
2026-01-15 19:49:10,Wisco Tap,54.9%,UPDATE
2026-01-15 19:49:22,Nitro Tap,11.5%,UPDATE
2026-01-15 19:49:44,Law Tap,28.2%,UPDATE
2026-01-15 19:53:48,Nitro Tap,11.6%,UPDATE
2026-01-15 19:59:52,Nitro Tap,11.7%,UPDATE
2026-01-15 20:05:10,Nitro Tap,11.8%,UPDATE
2026-01-15 20:05:45,Nitro Tap,11.7%,UPDATE
2026-01-15 20:06:00,Nitro Tap,11.6%,UPDATE
2026-01-15 20:06:12,Nitro Tap,11.5%,UPDATE
2026-01-15 20:06:32,Nitro Tap,11.4%,UPDATE
2026-01-15 20:07:04,Nitro Tap,11.3%,UPDATE
2026-01-15 20:08:03,Nitro Tap,11.2%,UPDATE
2026-01-15 20:09:11,Nitro Tap,11.1%,UPDATE
2026-01-15 20:09:48,Nitro Tap,11.0%,UPDATE
2026-01-15 20:10:29,Nitro Tap,10.9%,UPDATE
2026-01-15 20:12:32,Nitro Tap,10.8%,UPDATE
2026-01-15 20:15:05,Nitro Tap,10.7%,UPDATE
2026-01-15 20:15:48,Nitro Tap,10.6%,UPDATE
2026-01-15 20:16:52,Nitro Tap,10.5%,UPDATE
2026-01-15 20:17:20,Nitro Tap,10.4%,UPDATE
2026-01-15 20:17:55,Nitro Tap,10.3%,UPDATE
2026-01-15 20:18:50,Nitro Tap,10.2%,UPDATE
2026-01-15 20:22:39,Nitro Tap,10.11 pts,POUR
2026-01-15 20:26:04,Nitro Tap,10.1%,UPDATE
2026-01-15 20:27:10,Nitro Tap,10.1%,UPDATE
2026-01-15 20:28:13,Wisco Tap,54.8%,UPDATE
2026-01-15 20:28:27,Wisco Tap,54.7%,UPDATE
2026-01-15 20:28:41,Wisco Tap,54.6%,UPDATE
2026-01-15 20:28:56,Wisco Tap,54.5%,UPDATE
2026-01-15 20:29:08,Wisco Tap,54.4%,UPDATE
2026-01-15 20:29:33,Wisco Tap,54.3%,UPDATE
2026-01-15 20:30:19,Law Tap,28.1%,UPDATE
2026-01-15 20:30:26,Law Tap,27.9%,UPDATE
2026-01-15 20:30:39,Nitro Tap,10.2%,UPDATE
2026-01-15 20:31:04,Nitro Tap,10.1%,UPDATE
2026-01-15 20:31:22,Law Tap,27.8%,UPDATE
2026-01-15 20:32:49,Wisco Tap,53.8%,UPDATE
2026-01-15 20:34:19,Nitro Tap,10.2%,UPDATE
2026-01-15 20:34:33,Nitro Tap,10.3%,UPDATE
2026-01-15 20:34:53,Nitro Tap,10.2%,UPDATE
2026-01-15 20:35:46,Nitro Tap,10.1%,UPDATE
2026-01-15 20:36:05,Wisco Tap,53.7%,UPDATE
2026-01-15 20:36:20,Law Tap,27.7%,UPDATE
2026-01-15 20:38:58,Wisco Tap,53.6%,UPDATE
2026-01-15 20:40:07,Nitro Tap,10.2%,UPDATE
2026-01-15 20:40:56,Nitro Tap,10.3%,UPDATE
2026-01-15 20:42:46,Nitro Tap,10.4%,UPDATE
2026-01-15 20:49:48,Nitro Tap,10.5%,UPDATE
2026-01-15 20:54:03,Nitro Tap,10.6%,UPDATE
2026-01-15 20:55:11,Wisco Tap,53.7%,UPDATE
2026-01-15 20:55:46,Nitro Tap,10.7%,UPDATE
2026-01-15 20:58:43,Nitro Tap,10.8%,UPDATE
2026-01-15 21:02:19,Nitro Tap,10.9%,UPDATE
2026-01-15 21:04:37,Law Tap,27.6%,UPDATE
2026-01-15 21:06:39,Nitro Tap,11.0%,UPDATE
2026-01-15 21:10:17,Nitro Tap,11.1%,UPDATE
2026-01-15 21:11:55,Nitro Tap,11.2%,UPDATE
2026-01-15 21:16:19,Nitro Tap,11.3%,UPDATE
2026-01-15 21:20:01,Nitro Tap,11.4%,UPDATE
2026-01-15 21:23:20,Nitro Tap,11.5%,UPDATE
2026-01-15 21:27:47,Nitro Tap,11.6%,UPDATE
2026-01-15 21:31:44,Nitro Tap,11.7%,UPDATE
2026-01-15 21:37:01,Nitro Tap,11.8%,UPDATE
2026-01-15 21:37:28,Law Tap,27.5%,UPDATE
2026-01-15 21:42:17,Nitro Tap,11.9%,UPDATE
2026-01-15 21:46:17,Wisco Tap,53.6%,UPDATE
2026-01-15 21:49:59,Nitro Tap,12.0%,UPDATE
2026-01-15 21:50:39,Nitro Tap,11.9%,UPDATE
2026-01-15 21:50:47,Nitro Tap,11.8%,UPDATE
2026-01-15 21:50:59,Nitro Tap,11.7%,UPDATE
2026-01-15 21:51:07,Nitro Tap,11.6%,UPDATE
2026-01-15 21:51:16,Nitro Tap,11.5%,UPDATE
2026-01-15 21:51:35,Nitro Tap,11.4%,UPDATE
2026-01-15 21:52:02,Nitro Tap,11.3%,UPDATE
2026-01-15 21:52:44,Wisco Tap,53.7%,UPDATE
2026-01-15 21:54:18,Nitro Tap,11.2%,UPDATE
2026-01-15 21:55:17,Nitro Tap,11.1%,UPDATE
2026-01-15 21:55:41,Nitro Tap,11.0%,UPDATE
2026-01-15 21:56:34,Nitro Tap,10.9%,UPDATE
2026-01-15 21:56:59,Nitro Tap,10.8%,UPDATE
2026-01-15 21:58:42,Nitro Tap,10.7%,UPDATE
2026-01-15 21:59:58,Nitro Tap,10.6%,UPDATE
2026-01-15 22:02:00,Nitro Tap,10.5%,UPDATE
2026-01-15 22:02:27,Nitro Tap,10.4%,UPDATE
2026-01-15 22:03:01,Nitro Tap,10.3%,UPDATE
2026-01-15 22:04:43,Nitro Tap,10.2%,UPDATE
2026-01-15 22:05:47,Wisco Tap,53.8%,UPDATE
2026-01-15 22:06:02,Wisco Tap,53.9%,UPDATE
2026-01-15 22:06:17,Wisco Tap,54.0%,UPDATE
2026-01-15 22:06:34,Wisco Tap,54.1%,UPDATE
2026-01-15 22:06:47,Wisco Tap,54.2%,UPDATE
2026-01-15 22:07:13,Wisco Tap,54.3%,UPDATE
2026-01-15 22:07:29,Nitro Tap,10.1%,UPDATE
2026-01-15 22:07:57,Law Tap,27.6%,UPDATE
2026-01-15 22:08:10,Wisco Tap,54.4%,UPDATE
2026-01-15 22:09:01,Nitro Tap,11.30 pts,POUR
2026-01-15 22:09:17,Wisco Tap,54.5%,UPDATE
2026-01-15 22:09:32,Law Tap,27.7%,UPDATE
2026-01-15 22:09:44,Wisco Tap,54.6%,UPDATE
2026-01-15 22:11:12,Wisco Tap,54.7%,UPDATE
2026-01-15 22:13:03,Law Tap,27.8%,UPDATE
2026-01-15 22:13:41,Wisco Tap,54.8%,UPDATE
2026-01-15 22:17:31,Wisco Tap,54.9%,UPDATE
2026-01-15 22:19:40,Nitro Tap,10.2%,UPDATE
2026-01-15 22:20:28,Nitro Tap,10.1%,UPDATE
2026-01-15 22:22:51,Nitro Tap,10.2%,UPDATE
2026-01-15 22:25:12,Nitro Tap,10.3%,UPDATE
2026-01-15 22:34:29,Nitro Tap,10.4%,UPDATE
2026-01-15 22:35:15,Law Tap,27.9%,UPDATE
2026-01-15 22:37:31,Nitro Tap,10.5%,UPDATE
2026-01-15 22:38:55,Nitro Tap,10.6%,UPDATE
2026-01-15 22:41:29,Nitro Tap,10.7%,UPDATE
2026-01-15 22:45:31,Nitro Tap,10.8%,UPDATE
2026-01-15 22:48:13,Nitro Tap,10.9%,UPDATE
2026-01-15 22:51:33,Nitro Tap,11.0%,UPDATE
2026-01-15 22:55:12,Nitro Tap,11.1%,UPDATE
2026-01-15 23:00:40,Nitro Tap,11.2%,UPDATE
2026-01-15 23:02:57,Nitro Tap,11.3%,UPDATE
2026-01-15 23:06:34,Law Tap,27.8%,UPDATE
2026-01-15 23:06:59,Nitro Tap,11.4%,UPDATE
2026-01-15 23:08:33,Law Tap,27.9%,UPDATE
2026-01-15 23:10:59,Nitro Tap,11.5%,UPDATE
2026-01-15 23:11:33,Law Tap,27.8%,UPDATE
2026-01-15 23:11:34,Law Tap,27.9%,UPDATE
2026-01-15 23:13:33,Law Tap,27.8%,UPDATE
2026-01-15 23:14:22,Law Tap,27.9%,UPDATE
2026-01-15 23:14:59,Nitro Tap,11.6%,UPDATE
2026-01-15 23:17:33,Law Tap,27.8%,UPDATE
2026-01-15 23:20:58,Nitro Tap,11.7%,UPDATE
2026-01-15 23:26:00,Nitro Tap,11.8%,UPDATE
2026-01-15 23:27:46,Wisco Tap,55.0%,UPDATE
2026-01-15 23:28:34,Law Tap,27.9%,UPDATE
2026-01-15 23:31:34,Nitro Tap,11.9%,UPDATE
2026-01-15 23:39:01,Nitro Tap,11.8%,UPDATE
2026-01-15 23:39:03,Nitro Tap,11.7%,UPDATE
2026-01-15 23:39:41,Nitro Tap,11.6%,UPDATE
2026-01-15 23:39:43,Nitro Tap,11.5%,UPDATE
2026-01-15 23:40:06,Nitro Tap,11.4%,UPDATE
2026-01-15 23:40:07,Nitro Tap,11.3%,UPDATE
2026-01-15 23:40:35,Nitro Tap,11.2%,UPDATE
2026-01-15 23:40:36,Nitro Tap,11.1%,UPDATE
2026-01-15 23:43:01,Nitro Tap,11.0%,UPDATE
2026-01-15 23:43:03,Nitro Tap,10.9%,UPDATE
2026-01-15 23:45:08,Nitro Tap,10.8%,UPDATE
2026-01-15 23:47:03,Nitro Tap,10.7%,UPDATE
2026-01-15 23:49:02,Nitro Tap,10.6%,UPDATE
2026-01-15 23:49:03,Nitro Tap,10.5%,UPDATE
2026-01-15 23:49:39,Nitro Tap,10.4%,UPDATE
2026-01-15 23:49:41,Nitro Tap,10.3%,UPDATE
2026-01-15 23:50:08,Nitro Tap,10.2%,UPDATE
2026-01-15 23:53:04,Nitro Tap,10.1%,UPDATE
2026-01-15 23:57:05,Nitro Tap,11.57 pts,POUR
2026-01-16 00:08:42,Nitro Tap,10.2%,UPDATE
2026-01-16 00:10:03,Nitro Tap,10.3%,UPDATE
2026-01-16 00:14:40,Nitro Tap,10.4%,UPDATE
2026-01-16 00:21:41,Nitro Tap,10.5%,UPDATE
2026-01-16 00:25:38,Nitro Tap,10.6%,UPDATE
2026-01-16 00:27:18,Nitro Tap,10.7%,UPDATE
2026-01-16 00:28:06,Law Tap,28.0%,UPDATE
2026-01-16 00:32:07,Nitro Tap,10.8%,UPDATE
2026-01-16 00:33:52,Nitro Tap,10.9%,UPDATE
2026-01-16 00:37:49,Nitro Tap,11.0%,UPDATE
2026-01-16 00:40:39,Nitro Tap,11.1%,UPDATE
2026-01-16 00:45:13,Nitro Tap,11.2%,UPDATE
2026-01-16 00:48:43,Nitro Tap,11.3%,UPDATE
2026-01-16 00:52:46,Nitro Tap,11.4%,UPDATE
2026-01-16 00:54:43,Wisco Tap,55.1%,UPDATE
2026-01-16 00:56:29,Nitro Tap,11.5%,UPDATE
2026-01-16 01:01:44,Nitro Tap,11.6%,UPDATE
2026-01-16 01:07:12,Law Tap,28.1%,UPDATE
2026-01-16 01:08:18,Nitro Tap,11.5%,UPDATE
2026-01-16 01:11:14,Nitro Tap,11.6%,UPDATE
2026-01-16 01:13:10,Nitro Tap,11.8%,UPDATE
2026-01-16 01:19:12,Nitro Tap,11.9%,UPDATE
2026-01-16 01:24:39,Nitro Tap,11.8%,UPDATE
2026-01-16 01:24:50,Nitro Tap,11.7%,UPDATE
2026-01-16 01:24:58,Nitro Tap,11.6%,UPDATE
2026-01-16 01:25:13,Nitro Tap,11.5%,UPDATE
2026-01-16 01:25:33,Nitro Tap,11.4%,UPDATE
2026-01-16 01:26:34,Nitro Tap,11.3%,UPDATE
2026-01-16 01:27:02,Nitro Tap,11.2%,UPDATE
2026-01-16 01:27:41,Nitro Tap,11.1%,UPDATE
2026-01-16 01:28:08,Nitro Tap,11.0%,UPDATE
2026-01-16 01:30:28,Nitro Tap,10.9%,UPDATE
2026-01-16 01:33:03,Nitro Tap,10.8%,UPDATE
2026-01-16 01:33:39,Nitro Tap,10.7%,UPDATE
2026-01-16 01:34:29,Nitro Tap,10.6%,UPDATE
2026-01-16 01:35:05,Nitro Tap,10.5%,UPDATE
2026-01-16 01:36:19,Nitro Tap,10.4%,UPDATE
2026-01-16 01:37:10,Nitro Tap,10.3%,UPDATE
2026-01-16 01:38:42,Nitro Tap,10.2%,UPDATE
2026-01-16 01:39:29,Wisco Tap,55.2%,UPDATE
2026-01-16 01:39:42,Nitro Tap,10.1%,UPDATE
2026-01-16 01:46:09,Nitro Tap,11.16 pts,POUR
2026-01-16 01:54:18,Nitro Tap,10.2%,UPDATE
2026-01-16 01:56:08,Nitro Tap,10.3%,UPDATE
2026-01-16 01:58:49,Nitro Tap,10.4%,UPDATE
2026-01-16 02:05:50,Nitro Tap,10.5%,UPDATE
2026-01-16 02:08:37,Law Tap,28.2%,UPDATE
2026-01-16 02:10:21,Wisco Tap,55.3%,UPDATE
2026-01-16 02:11:59,Nitro Tap,10.6%,UPDATE
2026-01-16 02:14:51,Nitro Tap,10.7%,UPDATE
2026-01-16 02:17:51,Nitro Tap,10.8%,UPDATE
2026-01-16 02:20:01,Nitro Tap,10.9%,UPDATE
2026-01-16 02:25:21,Nitro Tap,11.0%,UPDATE
2026-01-16 02:28:22,Nitro Tap,11.1%,UPDATE
2026-01-16 02:33:20,Nitro Tap,11.2%,UPDATE
2026-01-16 02:35:09,Nitro Tap,11.3%,UPDATE
2026-01-16 02:41:43,Nitro Tap,11.4%,UPDATE
2026-01-16 02:43:11,Nitro Tap,11.5%,UPDATE
2026-01-16 02:49:19,Nitro Tap,11.6%,UPDATE
2026-01-16 02:55:20,Nitro Tap,11.7%,UPDATE
2026-01-16 02:59:00,Nitro Tap,11.8%,UPDATE
2026-01-16 03:05:22,Nitro Tap,11.9%,UPDATE
2026-01-16 03:11:59,Nitro Tap,11.8%,UPDATE
2026-01-16 03:12:10,Nitro Tap,11.7%,UPDATE
2026-01-16 03:12:44,Nitro Tap,11.6%,UPDATE
2026-01-16 03:13:00,Nitro Tap,11.5%,UPDATE
2026-01-16 03:13:23,Nitro Tap,11.4%,UPDATE
2026-01-16 03:15:30,Law Tap,28.1%,UPDATE
2026-01-16 03:15:40,Nitro Tap,11.3%,UPDATE
2026-01-16 03:15:43,Nitro Tap,11.2%,UPDATE
2026-01-16 03:16:17,Nitro Tap,11.1%,UPDATE
2026-01-16 03:16:42,Nitro Tap,11.0%,UPDATE
2026-01-16 03:17:17,Nitro Tap,10.9%,UPDATE
2026-01-16 03:19:18,Wisco Tap,55.4%,UPDATE
2026-01-16 03:20:14,Nitro Tap,10.8%,UPDATE
2026-01-16 03:21:15,Nitro Tap,10.7%,UPDATE
2026-01-16 03:23:52,Nitro Tap,10.6%,UPDATE
2026-01-16 03:24:21,Nitro Tap,10.5%,UPDATE
2026-01-16 03:24:37,Nitro Tap,10.4%,UPDATE
2026-01-16 03:25:54,Nitro Tap,10.3%,UPDATE
2026-01-16 03:26:31,Nitro Tap,10.2%,UPDATE
2026-01-16 03:28:29,Nitro Tap,10.1%,UPDATE
2026-01-16 03:31:57,Nitro Tap,10.2%,UPDATE
2026-01-16 03:31:58,Nitro Tap,10.3%,UPDATE
2026-01-16 03:32:11,Nitro Tap,10.4%,UPDATE
2026-01-16 03:32:32,Nitro Tap,10.3%,UPDATE
2026-01-16 03:32:56,Nitro Tap,10.2%,UPDATE
2026-01-16 03:34:59,Nitro Tap,10.3%,UPDATE
2026-01-16 03:35:28,Nitro Tap,10.4%,UPDATE
2026-01-16 03:37:22,Nitro Tap,10.5%,UPDATE
2026-01-16 03:38:26,Wisco Tap,55.3%,UPDATE
2026-01-16 03:38:46,Wisco Tap,55.2%,UPDATE
2026-01-16 03:38:58,Wisco Tap,55.1%,UPDATE
2026-01-16 03:39:12,Wisco Tap,55.0%,UPDATE
2026-01-16 03:39:31,Wisco Tap,54.9%,UPDATE
2026-01-16 03:39:44,Wisco Tap,54.8%,UPDATE
2026-01-16 03:40:08,Wisco Tap,54.7%,UPDATE
2026-01-16 03:40:55,Wisco Tap,54.6%,UPDATE
2026-01-16 03:41:22,Wisco Tap,54.5%,UPDATE
2026-01-16 03:41:54,Law Tap,28.0%,UPDATE
2026-01-16 03:42:07,Nitro Tap,10.6%,UPDATE
2026-01-16 03:42:20,Law Tap,27.9%,UPDATE
2026-01-16 03:43:01,Law Tap,27.8%,UPDATE
2026-01-16 03:43:15,Nitro Tap,8.59 pts,POUR
2026-01-16 03:43:40,Wisco Tap,54.4%,UPDATE
2026-01-16 03:43:52,Law Tap,27.7%,UPDATE
2026-01-16 03:45:56,Wisco Tap,54.3%,UPDATE
2026-01-16 03:46:21,Wisco Tap,54.2%,UPDATE
2026-01-16 03:46:37,Law Tap,2.37 pts,POUR
2026-01-16 03:46:48,Wisco Tap,54.1%,UPDATE
2026-01-16 03:47:43,Wisco Tap,54.0%,UPDATE
2026-01-16 03:48:24,Law Tap,27.6%,UPDATE
2026-01-16 03:49:22,Nitro Tap,10.7%,UPDATE
2026-01-16 03:52:23,Nitro Tap,10.8%,UPDATE
2026-01-16 03:53:28,Wisco Tap,53.9%,UPDATE
2026-01-16 03:53:28,Wisco Tap,8.32 pts,POUR
2026-01-16 03:55:24,Nitro Tap,10.9%,UPDATE
2026-01-16 04:00:24,Nitro Tap,11.0%,UPDATE
2026-01-16 04:03:55,Nitro Tap,11.1%,UPDATE
2026-01-16 04:07:27,Nitro Tap,11.2%,UPDATE
2026-01-16 04:10:23,Wisco Tap,54.0%,UPDATE
2026-01-16 04:12:43,Nitro Tap,11.3%,UPDATE
2026-01-16 04:17:27,Nitro Tap,11.4%,UPDATE
2026-01-16 04:17:40,Wisco Tap,54.1%,UPDATE
2026-01-16 04:19:51,Law Tap,27.5%,UPDATE
2026-01-16 04:21:23,Nitro Tap,11.5%,UPDATE
2026-01-16 04:27:17,Nitro Tap,11.6%,UPDATE
2026-01-16 04:32:28,Nitro Tap,11.7%,UPDATE
2026-01-16 04:37:51,Nitro Tap,11.8%,UPDATE
2026-01-16 04:44:54,Nitro Tap,11.9%,UPDATE
2026-01-16 04:45:21,Nitro Tap,11.8%,UPDATE
2026-01-16 04:45:33,Nitro Tap,11.7%,UPDATE
2026-01-16 04:45:48,Nitro Tap,11.6%,UPDATE
2026-01-16 04:46:06,Nitro Tap,11.5%,UPDATE
2026-01-16 04:46:34,Nitro Tap,11.4%,UPDATE
2026-01-16 04:47:59,Nitro Tap,11.3%,UPDATE
2026-01-16 04:48:27,Nitro Tap,11.2%,UPDATE
2026-01-16 04:48:53,Nitro Tap,11.1%,UPDATE
2026-01-16 04:49:22,Nitro Tap,11.0%,UPDATE
2026-01-16 04:50:48,Wisco Tap,54.2%,UPDATE
2026-01-16 04:51:55,Nitro Tap,10.9%,UPDATE
2026-01-16 04:53:14,Nitro Tap,10.8%,UPDATE
2026-01-16 04:55:25,Nitro Tap,10.7%,UPDATE
2026-01-16 04:55:58,Nitro Tap,10.6%,UPDATE
2026-01-16 04:56:27,Nitro Tap,10.5%,UPDATE
2026-01-16 04:56:58,Nitro Tap,10.4%,UPDATE
2026-01-16 04:57:48,Nitro Tap,10.3%,UPDATE
2026-01-16 04:59:02,Nitro Tap,10.2%,UPDATE
2026-01-16 04:59:16,Wisco Tap,54.3%,UPDATE
2026-01-16 05:00:44,Nitro Tap,10.38 pts,POUR
2026-01-16 05:02:16,Law Tap,27.4%,UPDATE
2026-01-16 05:09:01,Law Tap,27.5%,UPDATE
2026-01-16 05:09:45,Wisco Tap,54.4%,UPDATE
2026-01-16 05:09:53,Wisco Tap,54.5%,UPDATE
2026-01-16 05:10:07,Wisco Tap,54.6%,UPDATE
2026-01-16 05:10:15,Wisco Tap,54.7%,UPDATE
2026-01-16 05:11:08,Wisco Tap,54.8%,UPDATE
2026-01-16 05:11:10,Wisco Tap,54.9%,UPDATE
2026-01-16 05:11:33,Law Tap,27.6%,UPDATE
2026-01-16 05:11:45,Wisco Tap,55.0%,UPDATE
2026-01-16 05:12:12,Wisco Tap,55.1%,UPDATE
2026-01-16 05:13:11,Wisco Tap,55.2%,UPDATE
2026-01-16 05:13:43,Nitro Tap,10.1%,UPDATE
2026-01-16 05:14:14,Nitro Tap,10.2%,UPDATE
2026-01-16 05:14:28,Law Tap,27.7%,UPDATE
2026-01-16 05:16:05,Wisco Tap,55.3%,UPDATE
2026-01-16 05:16:59,Nitro Tap,10.3%,UPDATE
2026-01-16 05:18:14,Wisco Tap,55.4%,UPDATE
2026-01-16 05:19:19,Nitro Tap,10.4%,UPDATE
2026-01-16 05:23:21,Nitro Tap,10.5%,UPDATE
2026-01-16 05:27:48,Nitro Tap,10.6%,UPDATE
2026-01-16 05:31:31,Nitro Tap,10.7%,UPDATE
2026-01-16 05:35:31,Nitro Tap,10.8%,UPDATE
2026-01-16 05:38:46,Nitro Tap,10.9%,UPDATE
2026-01-16 05:41:08,Wisco Tap,55.3%,UPDATE
2026-01-16 05:42:21,Nitro Tap,11.0%,UPDATE
2026-01-16 05:43:04,Wisco Tap,55.2%,UPDATE
2026-01-16 05:46:01,Nitro Tap,11.1%,UPDATE
2026-01-16 05:47:25,Wisco Tap,55.1%,UPDATE
2026-01-16 05:49:46,Nitro Tap,11.2%,UPDATE
2026-01-16 05:52:31,Law Tap,27.8%,UPDATE
2026-01-16 05:54:02,Nitro Tap,11.3%,UPDATE
2026-01-16 05:58:09,Nitro Tap,11.4%,UPDATE
2026-01-16 06:02:30,Wisco Tap,55.0%,UPDATE
2026-01-16 06:02:42,Nitro Tap,11.5%,UPDATE
2026-01-16 06:05:53,Nitro Tap,11.6%,UPDATE
2026-01-16 06:10:43,Nitro Tap,11.7%,UPDATE
2026-01-16 06:11:33,Wisco Tap,54.9%,UPDATE
2026-01-16 06:15:21,Nitro Tap,11.8%,UPDATE
2026-01-16 06:19:29,Wisco Tap,54.8%,UPDATE
2026-01-16 06:21:52,Nitro Tap,11.9%,UPDATE
2026-01-16 06:26:07,Wisco Tap,54.7%,UPDATE
2026-01-16 06:28:53,Nitro Tap,12.0%,UPDATE
2026-01-16 06:33:37,Nitro Tap,11.9%,UPDATE
2026-01-16 06:34:08,Nitro Tap,11.8%,UPDATE
2026-01-16 06:34:13,Nitro Tap,11.7%,UPDATE
2026-01-16 06:34:22,Nitro Tap,11.6%,UPDATE
2026-01-16 06:34:33,Nitro Tap,11.5%,UPDATE
2026-01-16 06:34:52,Nitro Tap,11.4%,UPDATE
2026-01-16 06:36:01,Nitro Tap,11.3%,UPDATE
2026-01-16 06:36:11,Nitro Tap,11.2%,UPDATE
2026-01-16 06:36:26,Wisco Tap,54.6%,UPDATE
2026-01-16 06:36:40,Nitro Tap,11.1%,UPDATE
2026-01-16 06:37:48,Nitro Tap,11.0%,UPDATE
2026-01-16 06:38:22,Nitro Tap,10.9%,UPDATE
2026-01-16 06:39:46,Nitro Tap,10.8%,UPDATE
2026-01-16 06:42:07,Nitro Tap,10.7%,UPDATE
2026-01-16 06:43:30,Nitro Tap,10.6%,UPDATE
2026-01-16 06:44:21,Wisco Tap,54.5%,UPDATE
2026-01-16 06:45:37,Nitro Tap,10.5%,UPDATE
2026-01-16 06:46:03,Nitro Tap,10.4%,UPDATE
2026-01-16 06:46:16,Law Tap,27.9%,UPDATE
2026-01-16 06:46:55,Nitro Tap,10.3%,UPDATE
2026-01-16 06:47:22,Nitro Tap,10.2%,UPDATE
2026-01-16 06:48:11,Nitro Tap,10.1%,UPDATE
2026-01-16 06:53:33,Nitro Tap,11.90 pts,POUR
2026-01-16 06:54:46,Wisco Tap,54.4%,UPDATE
2026-01-16 07:01:11,Nitro Tap,10.0%,UPDATE
2026-01-16 07:02:40,Nitro Tap,10.1%,UPDATE
2026-01-16 07:02:47,Nitro Tap,10.2%,UPDATE
2026-01-16 07:03:00,Nitro Tap,10.3%,UPDATE
2026-01-16 07:03:20,Nitro Tap,10.2%,UPDATE
2026-01-16 07:03:55,Nitro Tap,10.1%,UPDATE
2026-01-16 07:06:50,Nitro Tap,10.2%,UPDATE
2026-01-16 07:08:27,Nitro Tap,10.3%,UPDATE
2026-01-16 07:14:22,Wisco Tap,54.3%,UPDATE
2026-01-16 07:16:00,Nitro Tap,10.4%,UPDATE
2026-01-16 07:19:12,Nitro Tap,10.5%,UPDATE
2026-01-16 07:24:01,Nitro Tap,10.6%,UPDATE
2026-01-16 07:25:53,Nitro Tap,10.7%,UPDATE
2026-01-16 07:29:48,Nitro Tap,10.8%,UPDATE
2026-01-16 07:32:48,Law Tap,28.0%,UPDATE
2026-01-16 07:33:02,Nitro Tap,10.9%,UPDATE
2026-01-16 07:36:14,Nitro Tap,11.0%,UPDATE
2026-01-16 07:40:04,Wisco Tap,54.4%,UPDATE
2026-01-16 07:40:47,Nitro Tap,11.1%,UPDATE
2026-01-16 07:43:18,Nitro Tap,11.2%,UPDATE
2026-01-16 07:46:19,Nitro Tap,11.3%,UPDATE
2026-01-16 07:50:47,Nitro Tap,11.4%,UPDATE
2026-01-16 07:53:02,Wisco Tap,54.5%,UPDATE
2026-01-16 07:55:48,Nitro Tap,11.5%,UPDATE
2026-01-16 07:59:39,Nitro Tap,11.6%,UPDATE
2026-01-16 08:03:19,Nitro Tap,11.7%,UPDATE
2026-01-16 08:08:53,Nitro Tap,11.8%,UPDATE
2026-01-16 08:15:52,Nitro Tap,11.9%,UPDATE
2026-01-16 08:16:41,Law Tap,28.1%,UPDATE
2026-01-16 08:19:32,Nitro Tap,11.8%,UPDATE
2026-01-16 08:19:37,Nitro Tap,11.7%,UPDATE
2026-01-16 08:19:45,Nitro Tap,11.6%,UPDATE
2026-01-16 08:19:55,Nitro Tap,11.5%,UPDATE
2026-01-16 08:20:06,Nitro Tap,11.4%,UPDATE
2026-01-16 08:20:29,Nitro Tap,11.3%,UPDATE
2026-01-16 08:21:15,Nitro Tap,11.2%,UPDATE
2026-01-16 08:21:46,Nitro Tap,11.1%,UPDATE
2026-01-16 08:22:12,Nitro Tap,11.0%,UPDATE
2026-01-16 08:23:14,Nitro Tap,10.9%,UPDATE
2026-01-16 08:24:14,Nitro Tap,10.8%,UPDATE
2026-01-16 08:28:11,Nitro Tap,10.7%,UPDATE
2026-01-16 08:28:39,Nitro Tap,10.6%,UPDATE
2026-01-16 08:30:10,Nitro Tap,10.5%,UPDATE
2026-01-16 08:31:37,Nitro Tap,10.4%,UPDATE
2026-01-16 08:32:11,Nitro Tap,10.3%,UPDATE
2026-01-16 08:32:44,Nitro Tap,10.2%,UPDATE
2026-01-16 08:33:12,Nitro Tap,10.1%,UPDATE
2026-01-16 08:40:30,Wisco Tap,54.6%,UPDATE
2026-01-16 08:43:20,Nitro Tap,10.0%,UPDATE
2026-01-16 08:43:29,Nitro Tap,10.1%,UPDATE
2026-01-16 08:45:46,Nitro Tap,10.0%,UPDATE
2026-01-16 08:47:58,Nitro Tap,10.1%,UPDATE
2026-01-16 08:48:05,Nitro Tap,10.2%,UPDATE
2026-01-16 08:48:22,Nitro Tap,10.3%,UPDATE
2026-01-16 08:48:35,Nitro Tap,10.2%,UPDATE
2026-01-16 08:49:08,Nitro Tap,10.1%,UPDATE
2026-01-16 08:51:15,Nitro Tap,10.2%,UPDATE
2026-01-16 08:54:10,Nitro Tap,10.3%,UPDATE
2026-01-16 08:56:02,Wisco Tap,54.7%,UPDATE
2026-01-16 08:56:13,Nitro Tap,10.01 pts,POUR
2026-01-16 09:00:41,Nitro Tap,10.4%,UPDATE
2026-01-16 09:03:51,Nitro Tap,10.5%,UPDATE
2026-01-16 09:08:14,Nitro Tap,10.6%,UPDATE
2026-01-16 09:10:39,Nitro Tap,10.7%,UPDATE
2026-01-16 09:14:50,Nitro Tap,10.8%,UPDATE
2026-01-16 09:18:15,Nitro Tap,10.9%,UPDATE
2026-01-16 09:20:13,Nitro Tap,11.0%,UPDATE
2026-01-16 09:21:30,Wisco Tap,53.2%,UPDATE
2026-01-16 09:23:48,Nitro Tap,11.1%,UPDATE
2026-01-16 09:25:14,Wisco Tap,54.7%,UPDATE
2026-01-16 09:27:17,Nitro Tap,11.2%,UPDATE
2026-01-16 09:30:11,Law Tap,28.2%,UPDATE
2026-01-16 09:31:39,Nitro Tap,11.3%,UPDATE
2026-01-16 09:35:27,Nitro Tap,11.4%,UPDATE
2026-01-16 09:37:17,Law Tap,28.1%,UPDATE
2026-01-16 09:38:20,Wisco Tap,54.6%,UPDATE
2026-01-16 09:38:30,Wisco Tap,54.5%,UPDATE
2026-01-16 09:38:43,Wisco Tap,54.4%,UPDATE
2026-01-16 09:39:00,Wisco Tap,54.3%,UPDATE
2026-01-16 09:39:10,Wisco Tap,54.2%,UPDATE
2026-01-16 09:40:22,Wisco Tap,54.1%,UPDATE
2026-01-16 09:40:32,Wisco Tap,54.0%,UPDATE
2026-01-16 09:40:46,Nitro Tap,11.5%,UPDATE
2026-01-16 09:40:59,Wisco Tap,53.9%,UPDATE
2026-01-16 09:41:18,Law Tap,28.0%,UPDATE
2026-01-16 09:41:43,Law Tap,27.9%,UPDATE
2026-01-16 09:42:16,Wisco Tap,53.8%,UPDATE
2026-01-16 09:42:30,Law Tap,27.8%,UPDATE
2026-01-16 09:43:18,Wisco Tap,53.7%,UPDATE
2026-01-16 09:44:06,Law Tap,27.7%,UPDATE
2026-01-16 09:44:53,Nitro Tap,11.6%,UPDATE
2026-01-16 09:46:18,Wisco Tap,53.6%,UPDATE
2026-01-16 09:49:31,Wisco Tap,7.44 pts,POUR
2026-01-16 09:49:45,Nitro Tap,11.7%,UPDATE
2026-01-16 09:53:01,Wisco Tap,53.5%,UPDATE
2026-01-16 09:53:20,Law Tap,27.6%,UPDATE
2026-01-16 09:53:46,Law Tap,3.11 pts,POUR
2026-01-16 09:54:33,Nitro Tap,11.8%,UPDATE
2026-01-16 10:01:23,Nitro Tap,11.9%,UPDATE
2026-01-16 10:03:38,Nitro Tap,11.8%,UPDATE
2026-01-16 10:03:56,Nitro Tap,11.7%,UPDATE
2026-01-16 10:04:09,Nitro Tap,11.6%,UPDATE
2026-01-16 10:04:22,Nitro Tap,11.5%,UPDATE
2026-01-16 10:04:40,Nitro Tap,11.4%,UPDATE
2026-01-16 10:04:55,Nitro Tap,11.3%,UPDATE
2026-01-16 10:05:42,Wisco Tap,53.6%,UPDATE
2026-01-16 10:06:05,Nitro Tap,11.2%,UPDATE
2026-01-16 10:06:41,Nitro Tap,11.1%,UPDATE
2026-01-16 10:07:13,Nitro Tap,11.0%,UPDATE
2026-01-16 10:07:46,Nitro Tap,10.9%,UPDATE
2026-01-16 10:11:27,Nitro Tap,10.8%,UPDATE
2026-01-16 10:14:20,Nitro Tap,10.7%,UPDATE
2026-01-16 10:14:51,Nitro Tap,10.6%,UPDATE
2026-01-16 10:14:57,Nitro Tap,10.5%,UPDATE
2026-01-16 10:16:23,Nitro Tap,10.4%,UPDATE
2026-01-16 10:16:29,Nitro Tap,10.3%,UPDATE
2026-01-16 10:16:54,Nitro Tap,10.2%,UPDATE
2026-01-16 10:17:22,Nitro Tap,10.1%,UPDATE
2026-01-16 10:20:19,Nitro Tap,10.96 pts,POUR
2026-01-16 10:24:22,Nitro Tap,10.0%,UPDATE
2026-01-16 10:32:22,Wisco Tap,53.5%,UPDATE
2026-01-16 10:35:36,Nitro Tap,10.1%,UPDATE
2026-01-16 10:36:23,Law Tap,27.5%,UPDATE
2026-01-16 10:36:34,Nitro Tap,10.2%,UPDATE
2026-01-16 10:40:23,Nitro Tap,10.3%,UPDATE
2026-01-16 10:48:25,Nitro Tap,10.4%,UPDATE
2026-01-16 10:52:09,Nitro Tap,10.5%,UPDATE
2026-01-16 10:53:36,Nitro Tap,10.6%,UPDATE
2026-01-16 10:54:37,Wisco Tap,53.6%,UPDATE
2026-01-16 10:56:27,Nitro Tap,10.7%,UPDATE
2026-01-16 11:00:04,Nitro Tap,10.8%,UPDATE
2026-01-16 11:03:24,Nitro Tap,10.9%,UPDATE
2026-01-16 11:07:12,Nitro Tap,11.0%,UPDATE
2026-01-16 11:10:48,Nitro Tap,11.1%,UPDATE
2026-01-16 11:16:00,Nitro Tap,11.2%,UPDATE
2026-01-16 11:18:14,Wisco Tap,53.7%,UPDATE
2026-01-16 11:18:35,Wisco Tap,53.8%,UPDATE
2026-01-16 11:18:52,Wisco Tap,53.9%,UPDATE
2026-01-16 11:19:15,Wisco Tap,54.0%,UPDATE
2026-01-16 11:19:34,Wisco Tap,54.1%,UPDATE
2026-01-16 11:20:26,Nitro Tap,11.3%,UPDATE
2026-01-16 11:20:38,Law Tap,27.6%,UPDATE
2026-01-16 11:21:38,Law Tap,27.7%,UPDATE
2026-01-16 11:21:52,Wisco Tap,54.2%,UPDATE
2026-01-16 11:22:06,Nitro Tap,11.4%,UPDATE
2026-01-16 11:23:30,Wisco Tap,54.3%,UPDATE
2026-01-16 11:24:00,Wisco Tap,54.4%,UPDATE
2026-01-16 11:24:24,Wisco Tap,54.5%,UPDATE
2026-01-16 11:25:54,Law Tap,27.8%,UPDATE
2026-01-16 11:26:07,Nitro Tap,11.5%,UPDATE
2026-01-16 11:27:28,Wisco Tap,54.6%,UPDATE
2026-01-16 11:31:26,Nitro Tap,11.6%,UPDATE
2026-01-16 11:36:08,Nitro Tap,11.7%,UPDATE
2026-01-16 11:41:26,Nitro Tap,11.8%,UPDATE
2026-01-16 11:47:46,Nitro Tap,11.7%,UPDATE
2026-01-16 11:48:02,Nitro Tap,11.6%,UPDATE
2026-01-16 11:48:11,Nitro Tap,11.5%,UPDATE
2026-01-16 11:48:28,Nitro Tap,11.4%,UPDATE
2026-01-16 11:48:52,Nitro Tap,11.3%,UPDATE
2026-01-16 11:49:27,Nitro Tap,11.2%,UPDATE
2026-01-16 11:49:42,Law Tap,27.9%,UPDATE
2026-01-16 11:49:54,Nitro Tap,11.1%,UPDATE
2026-01-16 11:50:30,Nitro Tap,11.0%,UPDATE
2026-01-16 11:51:21,Nitro Tap,10.9%,UPDATE
2026-01-16 11:53:40,Nitro Tap,10.8%,UPDATE
2026-01-16 11:54:31,Wisco Tap,54.5%,UPDATE
2026-01-16 11:55:16,Nitro Tap,10.7%,UPDATE
2026-01-16 11:58:58,Nitro Tap,10.6%,UPDATE
2026-01-16 12:00:32,Nitro Tap,10.5%,UPDATE
2026-01-16 12:00:41,Nitro Tap,10.4%,UPDATE
2026-01-16 12:01:23,Nitro Tap,10.3%,UPDATE
2026-01-16 12:01:25,Nitro Tap,10.2%,UPDATE
2026-01-16 12:02:23,Nitro Tap,10.1%,UPDATE
2026-01-16 12:03:13,Nitro Tap,10.0%,UPDATE
2026-01-16 12:10:49,Nitro Tap,10.1%,UPDATE
2026-01-16 12:11:15,Nitro Tap,10.2%,UPDATE
2026-01-16 12:12:03,Nitro Tap,10.3%,UPDATE
2026-01-16 12:13:25,Nitro Tap,10.4%,UPDATE
2026-01-16 12:14:40,Nitro Tap,10.5%,UPDATE
2026-01-16 12:16:25,Nitro Tap,8.01 pts,POUR
2026-01-16 12:21:50,Wisco Tap,54.4%,UPDATE
2026-01-16 12:22:59,Nitro Tap,10.6%,UPDATE
2026-01-16 12:24:02,Wisco Tap,54.5%,UPDATE
2026-01-16 12:26:25,Wisco Tap,54.4%,UPDATE
2026-01-16 12:27:16,Nitro Tap,10.7%,UPDATE
2026-01-16 12:30:24,Nitro Tap,10.8%,UPDATE
2026-01-16 12:33:25,Nitro Tap,10.9%,UPDATE
2026-01-16 12:37:26,Nitro Tap,11.0%,UPDATE
2026-01-16 12:41:41,Nitro Tap,11.1%,UPDATE
2026-01-16 12:45:27,Nitro Tap,11.2%,UPDATE
2026-01-16 12:49:29,Nitro Tap,11.3%,UPDATE
2026-01-16 12:50:13,Wisco Tap,54.5%,UPDATE
2026-01-16 12:53:31,Wisco Tap,54.6%,UPDATE
2026-01-16 12:54:54,Nitro Tap,11.4%,UPDATE
2026-01-16 12:59:30,Nitro Tap,11.5%,UPDATE
2026-01-16 13:03:58,Nitro Tap,11.6%,UPDATE
2026-01-16 13:05:19,Law Tap,28.0%,UPDATE
2026-01-16 13:09:02,Nitro Tap,11.7%,UPDATE
2026-01-16 13:13:40,Wisco Tap,54.5%,UPDATE
2026-01-16 13:14:06,Nitro Tap,11.8%,UPDATE
2026-01-16 13:14:24,Nitro Tap,11.7%,UPDATE
2026-01-16 13:14:46,Nitro Tap,11.6%,UPDATE
2026-01-16 13:14:55,Nitro Tap,11.5%,UPDATE
2026-01-16 13:15:15,Nitro Tap,11.4%,UPDATE
2026-01-16 13:15:42,Nitro Tap,11.3%,UPDATE
2026-01-16 13:16:46,Nitro Tap,11.2%,UPDATE
2026-01-16 13:17:29,Nitro Tap,11.1%,UPDATE
2026-01-16 13:17:58,Nitro Tap,11.0%,UPDATE
2026-01-16 13:19:28,Nitro Tap,10.9%,UPDATE
2026-01-16 13:21:35,Nitro Tap,10.8%,UPDATE
2026-01-16 13:22:30,Nitro Tap,10.7%,UPDATE
2026-01-16 13:23:48,Nitro Tap,10.6%,UPDATE
2026-01-16 13:25:02,Nitro Tap,10.5%,UPDATE
2026-01-16 13:25:33,Nitro Tap,10.4%,UPDATE
2026-01-16 13:26:10,Nitro Tap,10.3%,UPDATE
2026-01-16 13:27:00,Nitro Tap,10.2%,UPDATE
2026-01-16 13:28:48,Nitro Tap,10.1%,UPDATE
2026-01-16 13:29:48,Nitro Tap,10.18 pts,POUR
2026-01-16 13:33:36,Law Tap,28.1%,UPDATE
2026-01-16 13:41:16,Wisco Tap,53.0%,UPDATE
2026-01-16 13:41:50,Nitro Tap,10.0%,UPDATE
2026-01-16 13:42:27,Nitro Tap,10.1%,UPDATE
2026-01-16 13:42:38,Nitro Tap,10.2%,UPDATE
2026-01-16 13:42:50,Nitro Tap,10.3%,UPDATE
2026-01-16 13:43:07,Nitro Tap,10.2%,UPDATE
2026-01-16 13:43:49,Nitro Tap,10.1%,UPDATE
2026-01-16 13:46:40,Nitro Tap,10.2%,UPDATE
2026-01-16 13:47:51,Wisco Tap,54.6%,UPDATE
2026-01-16 13:48:03,Nitro Tap,10.3%,UPDATE
2026-01-16 13:53:25,Nitro Tap,10.4%,UPDATE
2026-01-16 13:57:41,Nitro Tap,10.5%,UPDATE
2026-01-16 14:02:26,Nitro Tap,10.6%,UPDATE
2026-01-16 14:04:42,Nitro Tap,10.7%,UPDATE
2026-01-16 14:08:05,Nitro Tap,10.8%,UPDATE
2026-01-16 14:10:52,Nitro Tap,10.9%,UPDATE
2026-01-16 14:14:27,Nitro Tap,11.0%,UPDATE
2026-01-16 14:18:27,Nitro Tap,11.1%,UPDATE
2026-01-16 14:20:55,Wisco Tap,54.7%,UPDATE
2026-01-16 14:21:32,Nitro Tap,11.2%,UPDATE
2026-01-16 14:25:52,Nitro Tap,11.3%,UPDATE
2026-01-16 14:28:08,Law Tap,28.2%,UPDATE
2026-01-16 14:29:53,Nitro Tap,11.4%,UPDATE
2026-01-16 14:33:34,Nitro Tap,11.5%,UPDATE
2026-01-16 14:37:10,Nitro Tap,11.6%,UPDATE
2026-01-16 14:38:01,Wisco Tap,54.6%,UPDATE
2026-01-16 14:41:46,Nitro Tap,11.7%,UPDATE
2026-01-16 14:46:54,Nitro Tap,11.8%,UPDATE
2026-01-16 14:53:10,Nitro Tap,11.9%,UPDATE
2026-01-16 14:57:38,Nitro Tap,11.8%,UPDATE
2026-01-16 14:57:48,Nitro Tap,11.7%,UPDATE
2026-01-16 14:58:01,Nitro Tap,11.6%,UPDATE
2026-01-16 14:58:10,Nitro Tap,11.5%,UPDATE
2026-01-16 14:58:26,Nitro Tap,11.4%,UPDATE
2026-01-16 14:58:52,Nitro Tap,11.3%,UPDATE
2026-01-16 15:00:07,Nitro Tap,11.2%,UPDATE
2026-01-16 15:00:12,Nitro Tap,11.1%,UPDATE
2026-01-16 15:03:22,Nitro Tap,11.0%,UPDATE
2026-01-16 15:04:00,Nitro Tap,10.9%,UPDATE
2026-01-16 15:04:35,Nitro Tap,10.8%,UPDATE
2026-01-16 15:05:09,Nitro Tap,10.7%,UPDATE
2026-01-16 15:06:35,Nitro Tap,10.6%,UPDATE
2026-01-16 15:06:45,Wisco Tap,54.7%,UPDATE
2026-01-16 15:08:10,Nitro Tap,10.5%,UPDATE
2026-01-16 15:09:52,Nitro Tap,10.4%,UPDATE
2026-01-16 15:10:50,Nitro Tap,10.3%,UPDATE
2026-01-16 15:11:15,Nitro Tap,10.2%,UPDATE
2026-01-16 15:11:52,Nitro Tap,10.1%,UPDATE
2026-01-16 15:14:08,Nitro Tap,10.96 pts,POUR
2026-01-16 15:22:15,Nitro Tap,10.0%,UPDATE
2026-01-16 15:26:19,Nitro Tap,10.1%,UPDATE
2026-01-16 15:26:20,Nitro Tap,10.2%,UPDATE
2026-01-16 15:26:39,Nitro Tap,10.3%,UPDATE
2026-01-16 15:26:56,Nitro Tap,10.2%,UPDATE
2026-01-16 15:27:05,Nitro Tap,10.1%,UPDATE
2026-01-16 15:30:21,Nitro Tap,10.2%,UPDATE
2026-01-16 15:32:03,Nitro Tap,10.3%,UPDATE
2026-01-16 15:35:41,Wisco Tap,54.8%,UPDATE
2026-01-16 15:35:52,Wisco Tap,54.9%,UPDATE
2026-01-16 15:36:14,Wisco Tap,54.8%,UPDATE
2026-01-16 15:36:24,Wisco Tap,54.7%,UPDATE
2026-01-16 15:36:37,Wisco Tap,54.6%,UPDATE
2026-01-16 15:36:46,Wisco Tap,54.5%,UPDATE
2026-01-16 15:37:03,Wisco Tap,54.4%,UPDATE
2026-01-16 15:37:26,Wisco Tap,54.3%,UPDATE
2026-01-16 15:37:45,Wisco Tap,54.2%,UPDATE
2026-01-16 15:38:31,Wisco Tap,54.1%,UPDATE
2026-01-16 15:39:01,Wisco Tap,54.0%,UPDATE
2026-01-16 15:39:27,Wisco Tap,53.9%,UPDATE
2026-01-16 15:39:38,Nitro Tap,10.4%,UPDATE
2026-01-16 15:40:12,Law Tap,28.1%,UPDATE
2026-01-16 15:40:47,Law Tap,28.0%,UPDATE
2026-01-16 15:41:12,Law Tap,27.9%,UPDATE
2026-01-16 15:41:23,Wisco Tap,53.8%,UPDATE
2026-01-16 15:42:12,Law Tap,27.8%,UPDATE
2026-01-16 15:43:00,Law Tap,2.71 pts,POUR
2026-01-16 15:43:14,Nitro Tap,10.5%,UPDATE
2026-01-16 15:44:23,Wisco Tap,53.7%,UPDATE
2026-01-16 15:45:37,Law Tap,27.7%,UPDATE
2026-01-16 15:45:50,Wisco Tap,53.6%,UPDATE
2026-01-16 15:46:49,Wisco Tap,7.17 pts,POUR
2026-01-16 15:50:24,Nitro Tap,10.6%,UPDATE
2026-01-16 15:51:15,Nitro Tap,10.7%,UPDATE
2026-01-16 15:53:59,Nitro Tap,10.8%,UPDATE
2026-01-16 15:57:14,Nitro Tap,10.9%,UPDATE
2026-01-16 15:59:24,Nitro Tap,11.0%,UPDATE
2026-01-16 16:03:28,Nitro Tap,11.1%,UPDATE
2026-01-16 16:07:03,Nitro Tap,11.2%,UPDATE
2026-01-16 16:10:45,Nitro Tap,11.3%,UPDATE
2026-01-16 16:13:05,Wisco Tap,53.7%,UPDATE
2026-01-16 16:14:30,Nitro Tap,11.4%,UPDATE
2026-01-16 16:17:02,Wisco Tap,53.6%,UPDATE
2026-01-16 16:20:04,Nitro Tap,11.5%,UPDATE
2026-01-16 16:24:53,Nitro Tap,11.6%,UPDATE
2026-01-16 16:27:28,Nitro Tap,11.7%,UPDATE
2026-01-16 16:27:49,Law Tap,27.6%,UPDATE
2026-01-16 16:35:54,Nitro Tap,11.8%,UPDATE
2026-01-16 16:40:34,Nitro Tap,11.9%,UPDATE
2026-01-16 16:41:56,Nitro Tap,11.8%,UPDATE
2026-01-16 16:42:06,Nitro Tap,11.7%,UPDATE
2026-01-16 16:42:19,Nitro Tap,11.6%,UPDATE
2026-01-16 16:42:28,Nitro Tap,11.5%,UPDATE
2026-01-16 16:42:46,Nitro Tap,11.4%,UPDATE
2026-01-16 16:43:01,Nitro Tap,11.3%,UPDATE
2026-01-16 16:44:32,Nitro Tap,11.2%,UPDATE
2026-01-16 16:45:03,Nitro Tap,11.1%,UPDATE
2026-01-16 16:45:14,Nitro Tap,11.0%,UPDATE
2026-01-16 16:45:45,Nitro Tap,10.9%,UPDATE
2026-01-16 16:46:37,Nitro Tap,10.8%,UPDATE
2026-01-16 16:49:40,Nitro Tap,10.7%,UPDATE
2026-01-16 16:51:33,Nitro Tap,10.6%,UPDATE
2026-01-16 16:52:10,Nitro Tap,10.5%,UPDATE
2026-01-16 16:52:48,Nitro Tap,10.4%,UPDATE
2026-01-16 16:53:44,Nitro Tap,10.3%,UPDATE
2026-01-16 16:54:17,Nitro Tap,10.2%,UPDATE
2026-01-16 16:56:40,Nitro Tap,10.1%,UPDATE
2026-01-16 17:01:05,Wisco Tap,53.7%,UPDATE
2026-01-16 17:08:37,Nitro Tap,10.0%,UPDATE
2026-01-16 17:09:55,Nitro Tap,10.1%,UPDATE
2026-01-16 17:13:56,Nitro Tap,10.2%,UPDATE
2026-01-16 17:15:16,Nitro Tap,10.3%,UPDATE
2026-01-16 17:15:28,Law Tap,27.7%,UPDATE
2026-01-16 17:15:39,Wisco Tap,53.8%,UPDATE
2026-01-16 17:15:41,Wisco Tap,53.9%,UPDATE
2026-01-16 17:15:56,Wisco Tap,54.0%,UPDATE
2026-01-16 17:16:04,Wisco Tap,54.1%,UPDATE
2026-01-16 17:16:21,Wisco Tap,54.2%,UPDATE
2026-01-16 17:16:32,Wisco Tap,54.3%,UPDATE
2026-01-16 17:16:59,Wisco Tap,54.4%,UPDATE
2026-01-16 17:17:35,Wisco Tap,54.5%,UPDATE
2026-01-16 17:18:23,Wisco Tap,54.6%,UPDATE
2026-01-16 17:18:42,Law Tap,27.8%,UPDATE
2026-01-16 17:19:25,Wisco Tap,54.7%,UPDATE
2026-01-16 17:21:42,Nitro Tap,10.4%,UPDATE
2026-01-16 17:21:59,Law Tap,27.9%,UPDATE
2026-01-16 17:22:15,Wisco Tap,54.8%,UPDATE
2026-01-16 17:26:21,Wisco Tap,54.9%,UPDATE
2026-01-16 17:27:32,Nitro Tap,10.5%,UPDATE
2026-01-16 17:30:15,Nitro Tap,10.6%,UPDATE
2026-01-16 17:32:42,Nitro Tap,10.7%,UPDATE
2026-01-16 17:35:58,Nitro Tap,10.8%,UPDATE
2026-01-16 17:37:42,Law Tap,28.0%,UPDATE
2026-01-16 17:39:52,Law Tap,27.9%,UPDATE
2026-01-16 17:40:17,Law Tap,28.0%,UPDATE
2026-01-16 17:40:45,Nitro Tap,10.9%,UPDATE
2026-01-16 17:40:59,Wisco Tap,54.8%,UPDATE
2026-01-16 17:42:41,Nitro Tap,11.0%,UPDATE
2026-01-16 17:46:58,Nitro Tap,11.1%,UPDATE
2026-01-16 17:49:46,Nitro Tap,11.2%,UPDATE
2026-01-16 17:51:14,Nitro Tap,3.82 pts,POUR
2026-01-16 17:53:23,Nitro Tap,11.3%,UPDATE
2026-01-16 17:54:49,Wisco Tap,54.7%,UPDATE
2026-01-16 17:56:00,Law Tap,27.6%,UPDATE
2026-01-16 17:56:24,Law Tap,27.1%,UPDATE
2026-01-16 17:56:26,Law Tap,26.7%,UPDATE
2026-01-16 17:56:38,Nitro Tap,11.4%,UPDATE
2026-01-16 17:57:03,Wisco Tap,54.6%,UPDATE
2026-01-16 17:57:32,Wisco Tap,54.5%,UPDATE
2026-01-16 17:57:40,Wisco Tap,54.4%,UPDATE
2026-01-16 17:57:47,Wisco Tap,54.3%,UPDATE
2026-01-16 17:57:49,Wisco Tap,54.2%,UPDATE
2026-01-16 17:57:54,Wisco Tap,54.1%,UPDATE
2026-01-16 17:58:04,Wisco Tap,54.0%,UPDATE
2026-01-16 17:58:09,Wisco Tap,53.9%,UPDATE
2026-01-16 17:58:17,Wisco Tap,53.8%,UPDATE
2026-01-16 17:58:20,Wisco Tap,53.7%,UPDATE
2026-01-16 17:58:23,Wisco Tap,53.6%,UPDATE
2026-01-16 17:58:26,Wisco Tap,53.5%,UPDATE
2026-01-16 17:58:33,Wisco Tap,53.4%,UPDATE
2026-01-16 17:58:45,Wisco Tap,53.3%,UPDATE
2026-01-16 17:58:50,Wisco Tap,53.2%,UPDATE
2026-01-16 17:58:55,Wisco Tap,53.1%,UPDATE
2026-01-16 17:59:03,Wisco Tap,53.0%,UPDATE
2026-01-16 17:59:09,Wisco Tap,52.9%,UPDATE
2026-01-16 17:59:15,Wisco Tap,52.8%,UPDATE
2026-01-16 17:59:22,Wisco Tap,52.7%,UPDATE
2026-01-16 17:59:30,Wisco Tap,52.6%,UPDATE
2026-01-16 17:59:37,Wisco Tap,52.5%,UPDATE
2026-01-16 17:59:42,Wisco Tap,52.4%,UPDATE
2026-01-16 17:59:49,Wisco Tap,52.3%,UPDATE
2026-01-16 17:59:57,Wisco Tap,52.2%,UPDATE
2026-01-16 18:00:02,Wisco Tap,52.1%,UPDATE
2026-01-16 18:00:09,Wisco Tap,52.0%,UPDATE
2026-01-16 18:00:19,Wisco Tap,51.9%,UPDATE
2026-01-16 18:00:23,Wisco Tap,51.8%,UPDATE
2026-01-16 18:00:30,Wisco Tap,51.7%,UPDATE
2026-01-16 18:00:40,Wisco Tap,51.6%,UPDATE
2026-01-16 18:00:46,Wisco Tap,51.5%,UPDATE
2026-01-16 18:00:51,Wisco Tap,51.4%,UPDATE
2026-01-16 18:00:54,Wisco Tap,51.3%,UPDATE
2026-01-16 18:01:48,Law Tap,26.2%,UPDATE
2026-01-16 18:01:50,Law Tap,25.7%,UPDATE
2026-01-16 18:02:07,Wisco Tap,51.2%,UPDATE
2026-01-16 18:02:19,Law Tap,25.2%,UPDATE
2026-01-16 18:02:21,Law Tap,24.8%,UPDATE
2026-01-16 18:02:33,Wisco Tap,51.1%,UPDATE
2026-01-16 18:02:47,Law Tap,24.3%,UPDATE
2026-01-16 18:02:48,Law Tap,23.8%,UPDATE
2026-01-16 18:03:19,Law Tap,23.3%,UPDATE
2026-01-16 18:04:00,Wisco Tap,22.62 pts,POUR
2026-01-16 18:04:12,Nitro Tap,11.5%,UPDATE
2026-01-16 18:05:25,Law Tap,23.2%,UPDATE
2026-01-16 18:07:35,Nitro Tap,11.6%,UPDATE
2026-01-16 18:08:51,Law Tap,23.3%,UPDATE
2026-01-16 18:09:21,Law Tap,30.44 pts,POUR
2026-01-16 18:11:20,Nitro Tap,11.7%,UPDATE
2026-01-16 18:14:32,Wisco Tap,51.0%,UPDATE
2026-01-16 18:15:33,Wisco Tap,51.1%,UPDATE
2026-01-16 18:17:22,Nitro Tap,11.8%,UPDATE
2026-01-16 18:21:10,Law Tap,23.4%,UPDATE
2026-01-16 18:24:34,Nitro Tap,11.9%,UPDATE
2026-01-16 18:24:57,Nitro Tap,11.8%,UPDATE
2026-01-16 18:25:13,Nitro Tap,11.7%,UPDATE
2026-01-16 18:25:25,Nitro Tap,11.6%,UPDATE
2026-01-16 18:25:38,Nitro Tap,11.5%,UPDATE
2026-01-16 18:25:55,Nitro Tap,11.4%,UPDATE
2026-01-16 18:26:20,Nitro Tap,11.3%,UPDATE
2026-01-16 18:26:47,Nitro Tap,11.2%,UPDATE
2026-01-16 18:28:18,Nitro Tap,11.1%,UPDATE
2026-01-16 18:28:53,Nitro Tap,11.0%,UPDATE
2026-01-16 18:29:21,Nitro Tap,10.9%,UPDATE
2026-01-16 18:30:40,Nitro Tap,10.8%,UPDATE
2026-01-16 18:32:46,Nitro Tap,10.7%,UPDATE
2026-01-16 18:35:18,Nitro Tap,10.6%,UPDATE
2026-01-16 18:35:26,Nitro Tap,10.5%,UPDATE
2026-01-16 18:35:56,Nitro Tap,10.4%,UPDATE
2026-01-16 18:36:33,Nitro Tap,10.3%,UPDATE
2026-01-16 18:37:24,Nitro Tap,10.2%,UPDATE
2026-01-16 18:39:15,Nitro Tap,10.1%,UPDATE
2026-01-16 18:42:11,Law Tap,23.5%,UPDATE
2026-01-16 18:49:59,Nitro Tap,10.0%,UPDATE
2026-01-16 18:52:53,Nitro Tap,10.1%,UPDATE
2026-01-16 18:53:01,Nitro Tap,10.2%,UPDATE
2026-01-16 18:53:14,Nitro Tap,10.3%,UPDATE
2026-01-16 18:53:27,Nitro Tap,10.2%,UPDATE
2026-01-16 18:54:06,Nitro Tap,10.1%,UPDATE
2026-01-16 18:57:33,Nitro Tap,10.2%,UPDATE
2026-01-16 18:58:53,Nitro Tap,10.3%,UPDATE
2026-01-16 19:00:44,Wisco Tap,51.2%,UPDATE
2026-01-16 19:05:21,Nitro Tap,10.4%,UPDATE
2026-01-16 19:05:47,Nitro Tap,8.66 pts,POUR
2026-01-16 19:08:22,Wisco Tap,51.1%,UPDATE
2026-01-16 19:12:07,Nitro Tap,10.5%,UPDATE
2026-01-16 19:14:45,Nitro Tap,10.6%,UPDATE
2026-01-16 19:15:07,Law Tap,23.6%,UPDATE
2026-01-16 19:17:45,Nitro Tap,10.7%,UPDATE
2026-01-16 19:18:52,Nitro Tap,10.8%,UPDATE
2026-01-16 19:25:47,Nitro Tap,10.9%,UPDATE
2026-01-16 19:28:32,Nitro Tap,11.0%,UPDATE
2026-01-16 19:30:46,Nitro Tap,11.1%,UPDATE
2026-01-16 19:34:46,Nitro Tap,11.2%,UPDATE
2026-01-16 19:37:21,Nitro Tap,11.3%,UPDATE
2026-01-16 19:41:46,Nitro Tap,11.4%,UPDATE
2026-01-16 19:44:47,Nitro Tap,11.5%,UPDATE
2026-01-16 19:49:22,Nitro Tap,11.6%,UPDATE
2026-01-16 19:55:48,Nitro Tap,11.7%,UPDATE
2026-01-16 19:59:50,Nitro Tap,11.8%,UPDATE
2026-01-16 20:03:25,Wisco Tap,51.2%,UPDATE
2026-01-16 20:05:50,Nitro Tap,11.9%,UPDATE
2026-01-16 20:08:07,Nitro Tap,11.8%,UPDATE
2026-01-16 20:08:10,Nitro Tap,11.7%,UPDATE
2026-01-16 20:08:23,Nitro Tap,11.6%,UPDATE
2026-01-16 20:08:34,Nitro Tap,11.5%,UPDATE
2026-01-16 20:08:41,Nitro Tap,11.4%,UPDATE
2026-01-16 20:09:06,Nitro Tap,11.3%,UPDATE
2026-01-16 20:09:33,Nitro Tap,11.2%,UPDATE
2026-01-16 20:10:06,Nitro Tap,11.1%,UPDATE
2026-01-16 20:10:20,Law Tap,23.7%,UPDATE
2026-01-16 20:10:56,Nitro Tap,11.0%,UPDATE
2026-01-16 20:12:30,Nitro Tap,10.9%,UPDATE
2026-01-16 20:14:17,Nitro Tap,10.8%,UPDATE
2026-01-16 20:15:41,Nitro Tap,10.7%,UPDATE
2026-01-16 20:18:15,Nitro Tap,10.6%,UPDATE
2026-01-16 20:19:04,Nitro Tap,10.5%,UPDATE
2026-01-16 20:19:34,Nitro Tap,10.4%,UPDATE
2026-01-16 20:22:05,Nitro Tap,10.3%,UPDATE
2026-01-16 20:22:36,Nitro Tap,10.2%,UPDATE
2026-01-16 20:23:02,Nitro Tap,10.1%,UPDATE
2026-01-16 20:30:27,Nitro Tap,10.0%,UPDATE
2026-01-16 20:37:07,Nitro Tap,10.1%,UPDATE
2026-01-16 20:41:53,Nitro Tap,10.2%,UPDATE
2026-01-16 20:44:58,Nitro Tap,10.3%,UPDATE
2026-01-16 20:48:45,Nitro Tap,9.94 pts,POUR
2026-01-16 20:50:54,Nitro Tap,10.4%,UPDATE
2026-01-16 20:53:55,Nitro Tap,10.5%,UPDATE
2026-01-16 20:58:37,Nitro Tap,10.6%,UPDATE
2026-01-16 21:00:47,Nitro Tap,10.7%,UPDATE
2026-01-16 21:03:32,Nitro Tap,10.8%,UPDATE
2026-01-16 21:08:31,Nitro Tap,10.9%,UPDATE
2026-01-16 21:10:02,Nitro Tap,11.0%,UPDATE
2026-01-16 21:11:09,Wisco Tap,51.3%,UPDATE
2026-01-16 21:15:22,Nitro Tap,11.1%,UPDATE
2026-01-16 21:17:31,Nitro Tap,11.2%,UPDATE
2026-01-16 21:21:05,Nitro Tap,11.3%,UPDATE
2026-01-16 21:27:22,Nitro Tap,11.4%,UPDATE
2026-01-16 21:29:03,Nitro Tap,11.5%,UPDATE
2026-01-16 21:35:39,Nitro Tap,11.6%,UPDATE
2026-01-16 21:38:14,Nitro Tap,11.7%,UPDATE
2026-01-16 21:39:27,Wisco Tap,51.4%,UPDATE
2026-01-16 21:39:57,Wisco Tap,51.3%,UPDATE
2026-01-16 21:40:13,Wisco Tap,51.2%,UPDATE
2026-01-16 21:40:26,Wisco Tap,51.1%,UPDATE
2026-01-16 21:40:33,Wisco Tap,51.0%,UPDATE
2026-01-16 21:40:46,Wisco Tap,50.9%,UPDATE
2026-01-16 21:41:02,Wisco Tap,50.8%,UPDATE
2026-01-16 21:41:22,Wisco Tap,50.7%,UPDATE
2026-01-16 21:41:40,Wisco Tap,50.6%,UPDATE
2026-01-16 21:42:28,Wisco Tap,50.5%,UPDATE
2026-01-16 21:43:04,Law Tap,23.6%,UPDATE
2026-01-16 21:43:28,Wisco Tap,50.4%,UPDATE
2026-01-16 21:43:39,Wisco Tap,50.3%,UPDATE
2026-01-16 21:44:16,Nitro Tap,11.8%,UPDATE
2026-01-16 21:44:29,Wisco Tap,50.2%,UPDATE
2026-01-16 21:44:59,Wisco Tap,50.1%,UPDATE
2026-01-16 21:46:44,Law Tap,23.5%,UPDATE
2026-01-16 21:47:29,Wisco Tap,7.68 pts,POUR
2026-01-16 21:47:54,Wisco Tap,50.0%,UPDATE
2026-01-16 21:50:43,Nitro Tap,11.9%,UPDATE
2026-01-16 21:52:10,Wisco Tap,49.9%,UPDATE
2026-01-16 21:52:21,Law Tap,23.4%,UPDATE
2026-01-16 21:52:45,Law Tap,23.3%,UPDATE
2026-01-16 21:53:07,Nitro Tap,11.8%,UPDATE
2026-01-16 21:53:12,Nitro Tap,11.7%,UPDATE
2026-01-16 21:53:21,Nitro Tap,11.6%,UPDATE
2026-01-16 21:53:36,Nitro Tap,11.5%,UPDATE
2026-01-16 21:53:45,Nitro Tap,11.4%,UPDATE
2026-01-16 21:54:08,Law Tap,23.2%,UPDATE
2026-01-16 21:54:34,Nitro Tap,11.3%,UPDATE
2026-01-16 21:54:35,Nitro Tap,11.2%,UPDATE
2026-01-16 21:55:04,Nitro Tap,11.1%,UPDATE
2026-01-16 21:56:10,Nitro Tap,11.0%,UPDATE
2026-01-16 21:56:43,Nitro Tap,10.9%,UPDATE
2026-01-16 21:56:56,Law Tap,3.04 pts,POUR
2026-01-16 21:57:57,Nitro Tap,10.8%,UPDATE
2026-01-16 22:01:21,Nitro Tap,10.7%,UPDATE
2026-01-16 22:03:21,Nitro Tap,10.6%,UPDATE
2026-01-16 22:03:49,Nitro Tap,10.5%,UPDATE
2026-01-16 22:04:20,Nitro Tap,10.4%,UPDATE
2026-01-16 22:04:22,Nitro Tap,10.3%,UPDATE
2026-01-16 22:05:08,Wisco Tap,50.0%,UPDATE
2026-01-16 22:05:20,Nitro Tap,10.2%,UPDATE
2026-01-16 22:07:44,Nitro Tap,10.1%,UPDATE
2026-01-16 22:09:08,Nitro Tap,11.77 pts,POUR
2026-01-16 22:14:42,Nitro Tap,10.0%,UPDATE
2026-01-16 22:21:31,Nitro Tap,9.9%,UPDATE
2026-01-16 22:21:57,Nitro Tap,10.0%,UPDATE
2026-01-16 22:21:59,Nitro Tap,10.1%,UPDATE
2026-01-16 22:22:13,Nitro Tap,10.2%,UPDATE
2026-01-16 22:22:29,Nitro Tap,10.1%,UPDATE
2026-01-16 22:23:09,Nitro Tap,10.0%,UPDATE
2026-01-16 22:24:11,Nitro Tap,10.1%,UPDATE
2026-01-16 22:26:37,Nitro Tap,10.2%,UPDATE
2026-01-16 22:29:21,Nitro Tap,10.3%,UPDATE
2026-01-16 22:33:50,Law Tap,23.1%,UPDATE
2026-01-16 22:35:25,Nitro Tap,10.4%,UPDATE
2026-01-16 22:37:18,Wisco Tap,49.9%,UPDATE
2026-01-16 22:39:53,Nitro Tap,10.5%,UPDATE
2026-01-16 22:44:21,Nitro Tap,10.6%,UPDATE
2026-01-16 22:45:51,Wisco Tap,50.0%,UPDATE
2026-01-16 22:49:23,Nitro Tap,10.7%,UPDATE
2026-01-16 22:50:41,Nitro Tap,10.8%,UPDATE
2026-01-16 22:53:41,Nitro Tap,10.9%,UPDATE
2026-01-16 22:56:41,Nitro Tap,11.0%,UPDATE
2026-01-16 23:00:42,Nitro Tap,11.1%,UPDATE
2026-01-16 23:02:19,Wisco Tap,50.1%,UPDATE
2026-01-16 23:03:31,Nitro Tap,11.2%,UPDATE
2026-01-16 23:09:24,Nitro Tap,11.3%,UPDATE
2026-01-16 23:10:41,Law Tap,23.0%,UPDATE
2026-01-16 23:13:07,Law Tap,23.1%,UPDATE
2026-01-16 23:13:24,Nitro Tap,11.4%,UPDATE
2026-01-16 23:14:41,Nitro Tap,11.5%,UPDATE
2026-01-16 23:17:14,Law Tap,23.0%,UPDATE
2026-01-16 23:17:56,Wisco Tap,50.0%,UPDATE
2026-01-16 23:18:10,Law Tap,23.1%,UPDATE
2026-01-16 23:18:23,Wisco Tap,49.8%,UPDATE
2026-01-16 23:18:24,Wisco Tap,49.7%,UPDATE
2026-01-16 23:18:25,Wisco Tap,49.6%,UPDATE
2026-01-16 23:18:25,Wisco Tap,49.5%,UPDATE
2026-01-16 23:18:27,Wisco Tap,49.4%,UPDATE
2026-01-16 23:18:35,Wisco Tap,49.5%,UPDATE
2026-01-16 23:18:37,Wisco Tap,49.6%,UPDATE
2026-01-16 23:18:42,Wisco Tap,49.7%,UPDATE
2026-01-16 23:18:48,Wisco Tap,49.8%,UPDATE
2026-01-16 23:18:59,Wisco Tap,49.9%,UPDATE
2026-01-16 23:19:04,Wisco Tap,50.0%,UPDATE
2026-01-16 23:19:29,Wisco Tap,50.1%,UPDATE
2026-01-16 23:19:53,Wisco Tap,50.2%,UPDATE
2026-01-16 23:20:55,Wisco Tap,50.3%,UPDATE
2026-01-16 23:21:11,Wisco Tap,50.4%,UPDATE
2026-01-16 23:21:24,Law Tap,23.2%,UPDATE
2026-01-16 23:21:57,Nitro Tap,11.6%,UPDATE
2026-01-16 23:22:10,Wisco Tap,50.5%,UPDATE
2026-01-16 23:22:24,Law Tap,23.3%,UPDATE
2026-01-16 23:24:00,Wisco Tap,50.6%,UPDATE
2026-01-16 23:24:14,Nitro Tap,11.7%,UPDATE
2026-01-16 23:25:20,Wisco Tap,50.7%,UPDATE
2026-01-16 23:28:41,Wisco Tap,50.8%,UPDATE
2026-01-16 23:29:43,Nitro Tap,11.8%,UPDATE
2026-01-16 23:30:26,Law Tap,23.4%,UPDATE
2026-01-16 23:35:03,Wisco Tap,50.7%,UPDATE
2026-01-16 23:36:45,Nitro Tap,11.9%,UPDATE
2026-01-16 23:37:21,Wisco Tap,50.8%,UPDATE
2026-01-16 23:37:46,Nitro Tap,11.8%,UPDATE
2026-01-16 23:37:58,Nitro Tap,11.7%,UPDATE
2026-01-16 23:38:06,Nitro Tap,11.6%,UPDATE
2026-01-16 23:38:16,Nitro Tap,11.5%,UPDATE
2026-01-16 23:38:29,Nitro Tap,11.4%,UPDATE
2026-01-16 23:38:54,Nitro Tap,11.3%,UPDATE
2026-01-16 23:39:21,Nitro Tap,11.2%,UPDATE
2026-01-16 23:39:48,Nitro Tap,11.1%,UPDATE
2026-01-16 23:40:45,Nitro Tap,11.0%,UPDATE
2026-01-16 23:41:35,Nitro Tap,10.9%,UPDATE
2026-01-16 23:42:48,Nitro Tap,10.8%,UPDATE
2026-01-16 23:43:36,Wisco Tap,49.4%,UPDATE
2026-01-16 23:45:34,Nitro Tap,10.7%,UPDATE
2026-01-16 23:45:46,Wisco Tap,49.5%,UPDATE
2026-01-16 23:46:49,Nitro Tap,10.6%,UPDATE
2026-01-16 23:47:09,Wisco Tap,50.9%,UPDATE
2026-01-16 23:48:47,Nitro Tap,10.5%,UPDATE
2026-01-16 23:49:19,Nitro Tap,10.4%,UPDATE
2026-01-16 23:49:51,Nitro Tap,10.3%,UPDATE
2026-01-16 23:50:47,Nitro Tap,10.2%,UPDATE
2026-01-16 23:51:40,Wisco Tap,51.0%,UPDATE
2026-01-16 23:52:07,Nitro Tap,10.1%,UPDATE
2026-01-16 23:56:21,Law Tap,23.5%,UPDATE
2026-01-16 23:57:30,Wisco Tap,50.9%,UPDATE
2026-01-16 23:57:49,Nitro Tap,11.13 pts,POUR
2026-01-16 23:59:06,Nitro Tap,10.0%,UPDATE
2026-01-17 00:06:18,Nitro Tap,10.1%,UPDATE
2026-01-17 00:06:34,Nitro Tap,10.2%,UPDATE
2026-01-17 00:07:07,Nitro Tap,10.1%,UPDATE
2026-01-17 00:09:49,Nitro Tap,10.2%,UPDATE
2026-01-17 00:12:37,Nitro Tap,10.3%,UPDATE
2026-01-17 00:20:26,Nitro Tap,10.4%,UPDATE
2026-01-17 00:23:19,Nitro Tap,10.5%,UPDATE
2026-01-17 00:26:53,Nitro Tap,10.6%,UPDATE
2026-01-17 00:30:28,Nitro Tap,10.7%,UPDATE
2026-01-17 00:34:28,Nitro Tap,10.8%,UPDATE
2026-01-17 00:37:38,Nitro Tap,10.9%,UPDATE
2026-01-17 00:40:35,Nitro Tap,11.0%,UPDATE
2026-01-17 00:43:44,Nitro Tap,11.1%,UPDATE
2026-01-17 00:47:52,Nitro Tap,11.2%,UPDATE
2026-01-17 00:51:29,Nitro Tap,11.3%,UPDATE
2026-01-17 00:57:19,Nitro Tap,11.4%,UPDATE
2026-01-17 00:59:46,Nitro Tap,11.5%,UPDATE
2026-01-17 01:04:46,Nitro Tap,11.6%,UPDATE
2026-01-17 01:09:59,Nitro Tap,11.7%,UPDATE
2026-01-17 01:13:16,Law Tap,23.6%,UPDATE
2026-01-17 01:14:47,Nitro Tap,11.8%,UPDATE
2026-01-17 01:21:30,Nitro Tap,11.9%,UPDATE
2026-01-17 01:21:42,Wisco Tap,51.0%,UPDATE
2026-01-17 01:25:12,Nitro Tap,11.8%,UPDATE
2026-01-17 01:25:14,Nitro Tap,11.7%,UPDATE
2026-01-17 01:25:20,Nitro Tap,11.6%,UPDATE
2026-01-17 01:26:05,Nitro Tap,11.5%,UPDATE
2026-01-17 01:26:06,Nitro Tap,11.4%,UPDATE
2026-01-17 01:26:40,Nitro Tap,11.3%,UPDATE
2026-01-17 01:26:42,Nitro Tap,11.2%,UPDATE
2026-01-17 01:26:43,Nitro Tap,11.1%,UPDATE
2026-01-17 01:27:07,Nitro Tap,11.0%,UPDATE
2026-01-17 01:27:34,Nitro Tap,10.9%,UPDATE
2026-01-17 01:29:27,Nitro Tap,10.8%,UPDATE
2026-01-17 01:31:50,Nitro Tap,10.7%,UPDATE
2026-01-17 01:34:52,Nitro Tap,10.6%,UPDATE
2026-01-17 01:34:57,Nitro Tap,10.5%,UPDATE
2026-01-17 01:35:37,Nitro Tap,10.4%,UPDATE
2026-01-17 01:36:25,Nitro Tap,10.3%,UPDATE
2026-01-17 01:36:56,Nitro Tap,10.2%,UPDATE
2026-01-17 01:37:52,Nitro Tap,10.1%,UPDATE
2026-01-17 01:40:05,Nitro Tap,11.63 pts,POUR
2026-01-17 01:46:38,Nitro Tap,10.0%,UPDATE
2026-01-17 01:52:48,Nitro Tap,10.1%,UPDATE
2026-01-17 01:53:03,Nitro Tap,10.2%,UPDATE
2026-01-17 01:53:39,Nitro Tap,10.1%,UPDATE
2026-01-17 01:55:53,Wisco Tap,51.1%,UPDATE
2026-01-17 01:56:50,Nitro Tap,10.2%,UPDATE
2026-01-17 01:58:27,Nitro Tap,10.3%,UPDATE
2026-01-17 02:04:25,Nitro Tap,10.4%,UPDATE
2026-01-17 02:05:40,Law Tap,23.7%,UPDATE
2026-01-17 02:08:26,Nitro Tap,10.5%,UPDATE
2026-01-17 02:11:57,Nitro Tap,10.6%,UPDATE
2026-01-17 02:15:26,Nitro Tap,10.7%,UPDATE
2026-01-17 02:19:37,Nitro Tap,10.8%,UPDATE
2026-01-17 02:21:55,Nitro Tap,10.9%,UPDATE
2026-01-17 02:25:29,Nitro Tap,11.0%,UPDATE
2026-01-17 02:28:59,Nitro Tap,11.1%,UPDATE
2026-01-17 02:33:29,Nitro Tap,11.2%,UPDATE
2026-01-17 02:37:01,Nitro Tap,11.3%,UPDATE
2026-01-17 02:41:00,Nitro Tap,11.4%,UPDATE
2026-01-17 02:44:30,Nitro Tap,11.5%,UPDATE
2026-01-17 02:48:31,Nitro Tap,11.6%,UPDATE
2026-01-17 02:55:01,Nitro Tap,11.7%,UPDATE
2026-01-17 02:55:42,Wisco Tap,51.2%,UPDATE
2026-01-17 02:58:55,Nitro Tap,11.8%,UPDATE
2026-01-17 03:06:02,Nitro Tap,11.9%,UPDATE
2026-01-17 03:11:58,Nitro Tap,12.0%,UPDATE
2026-01-17 03:11:59,Nitro Tap,11.9%,UPDATE
2026-01-17 03:12:14,Nitro Tap,11.8%,UPDATE
2026-01-17 03:12:25,Nitro Tap,11.7%,UPDATE
2026-01-17 03:12:37,Nitro Tap,11.6%,UPDATE
2026-01-17 03:12:52,Nitro Tap,11.5%,UPDATE
2026-01-17 03:13:06,Nitro Tap,11.4%,UPDATE
2026-01-17 03:13:32,Nitro Tap,11.3%,UPDATE
2026-01-17 03:13:59,Nitro Tap,11.2%,UPDATE
2026-01-17 03:15:16,Nitro Tap,11.1%,UPDATE
2026-01-17 03:16:04,Nitro Tap,11.0%,UPDATE
2026-01-17 03:16:40,Nitro Tap,10.9%,UPDATE
2026-01-17 03:18:21,Nitro Tap,10.8%,UPDATE
2026-01-17 03:22:16,Nitro Tap,10.7%,UPDATE
2026-01-17 03:22:49,Nitro Tap,10.6%,UPDATE
2026-01-17 03:23:18,Nitro Tap,10.5%,UPDATE
2026-01-17 03:23:24,Nitro Tap,10.4%,UPDATE
2026-01-17 03:23:58,Nitro Tap,10.3%,UPDATE
2026-01-17 03:25:07,Nitro Tap,10.2%,UPDATE
2026-01-17 03:26:07,Nitro Tap,10.1%,UPDATE
2026-01-17 03:29:55,Nitro Tap,11.13 pts,POUR
2026-01-17 03:37:08,Nitro Tap,10.0%,UPDATE
2026-01-17 03:40:34,Nitro Tap,10.1%,UPDATE
2026-01-17 03:40:44,Nitro Tap,10.2%,UPDATE
2026-01-17 03:41:34,Nitro Tap,10.1%,UPDATE
2026-01-17 03:43:24,Nitro Tap,10.2%,UPDATE
2026-01-17 03:45:42,Nitro Tap,10.3%,UPDATE
2026-01-17 03:50:35,Nitro Tap,10.4%,UPDATE
2026-01-17 03:56:46,Nitro Tap,10.5%,UPDATE
2026-01-17 03:59:57,Nitro Tap,10.6%,UPDATE
2026-01-17 04:02:32,Nitro Tap,10.7%,UPDATE
2026-01-17 04:05:56,Law Tap,23.6%,UPDATE
2026-01-17 04:06:22,Nitro Tap,10.8%,UPDATE
2026-01-17 04:08:52,Wisco Tap,51.3%,UPDATE
2026-01-17 04:09:40,Nitro Tap,10.9%,UPDATE
2026-01-17 04:13:13,Nitro Tap,11.0%,UPDATE
2026-01-17 04:16:39,Nitro Tap,11.1%,UPDATE
2026-01-17 04:20:45,Nitro Tap,11.2%,UPDATE
2026-01-17 04:22:09,Wisco Tap,51.2%,UPDATE
2026-01-17 04:24:12,Nitro Tap,11.3%,UPDATE
2026-01-17 04:28:27,Nitro Tap,11.4%,UPDATE
2026-01-17 04:33:42,Nitro Tap,11.5%,UPDATE
2026-01-17 04:37:46,Nitro Tap,11.6%,UPDATE
2026-01-17 04:41:29,Wisco Tap,51.1%,UPDATE
2026-01-17 04:41:41,Wisco Tap,51.0%,UPDATE
2026-01-17 04:41:56,Wisco Tap,50.9%,UPDATE
2026-01-17 04:42:08,Wisco Tap,50.8%,UPDATE
2026-01-17 04:42:30,Wisco Tap,50.7%,UPDATE
2026-01-17 04:42:59,Wisco Tap,50.6%,UPDATE
2026-01-17 04:43:43,Law Tap,23.5%,UPDATE
2026-01-17 04:43:58,Wisco Tap,50.5%,UPDATE
2026-01-17 04:44:30,Nitro Tap,11.7%,UPDATE
2026-01-17 04:44:43,Law Tap,23.4%,UPDATE
2026-01-17 04:45:09,Law Tap,23.3%,UPDATE
2026-01-17 04:45:57,Wisco Tap,50.4%,UPDATE
2026-01-17 04:46:01,Wisco Tap,50.3%,UPDATE
2026-01-17 04:47:59,Wisco Tap,50.2%,UPDATE
2026-01-17 04:48:12,Law Tap,23.2%,UPDATE
2026-01-17 04:48:24,Nitro Tap,11.8%,UPDATE
2026-01-17 04:49:33,Wisco Tap,50.1%,UPDATE
2026-01-17 04:49:58,Wisco Tap,50.0%,UPDATE
2026-01-17 04:51:33,Law Tap,2.43 pts,POUR
2026-01-17 04:52:11,Wisco Tap,49.9%,UPDATE
2026-01-17 04:55:18,Nitro Tap,11.9%,UPDATE
2026-01-17 04:57:46,Wisco Tap,49.8%,UPDATE
2026-01-17 04:59:37,Wisco Tap,9.10 pts,POUR
2026-01-17 05:00:50,Nitro Tap,11.8%,UPDATE
2026-01-17 05:01:01,Nitro Tap,11.7%,UPDATE
2026-01-17 05:01:13,Nitro Tap,11.6%,UPDATE
2026-01-17 05:01:29,Nitro Tap,11.5%,UPDATE
2026-01-17 05:01:42,Nitro Tap,11.4%,UPDATE
2026-01-17 05:02:12,Nitro Tap,11.3%,UPDATE
2026-01-17 05:02:52,Nitro Tap,11.2%,UPDATE
2026-01-17 05:03:27,Nitro Tap,11.1%,UPDATE
2026-01-17 05:05:52,Nitro Tap,11.0%,UPDATE
2026-01-17 05:06:06,Law Tap,23.1%,UPDATE
2026-01-17 05:06:19,Nitro Tap,10.9%,UPDATE
2026-01-17 05:07:32,Nitro Tap,10.8%,UPDATE
2026-01-17 05:09:32,Nitro Tap,10.7%,UPDATE
2026-01-17 05:10:26,Nitro Tap,10.6%,UPDATE
2026-01-17 05:11:26,Nitro Tap,10.5%,UPDATE
2026-01-17 05:12:29,Nitro Tap,10.4%,UPDATE
2026-01-17 05:13:08,Wisco Tap,49.9%,UPDATE
2026-01-17 05:14:42,Nitro Tap,10.3%,UPDATE
2026-01-17 05:15:12,Nitro Tap,10.2%,UPDATE
2026-01-17 05:16:00,Nitro Tap,10.1%,UPDATE
2026-01-17 05:17:16,Nitro Tap,10.0%,UPDATE
2026-01-17 05:19:53,Nitro Tap,10.1%,UPDATE
2026-01-17 05:19:57,Nitro Tap,10.2%,UPDATE
2026-01-17 05:20:12,Nitro Tap,10.3%,UPDATE
2026-01-17 05:20:35,Nitro Tap,10.2%,UPDATE
2026-01-17 05:23:24,Nitro Tap,10.3%,UPDATE
2026-01-17 05:27:22,Nitro Tap,10.4%,UPDATE
2026-01-17 05:29:54,Nitro Tap,10.5%,UPDATE
2026-01-17 05:30:52,Nitro Tap,10.6%,UPDATE
2026-01-17 05:38:25,Nitro Tap,10.7%,UPDATE
2026-01-17 05:38:51,Law Tap,23.0%,UPDATE
2026-01-17 05:41:41,Wisco Tap,50.0%,UPDATE
2026-01-17 05:42:43,Nitro Tap,10.8%,UPDATE
2026-01-17 05:44:00,Nitro Tap,10.9%,UPDATE
2026-01-17 05:44:55,Wisco Tap,49.9%,UPDATE
2026-01-17 05:45:24,Wisco Tap,50.0%,UPDATE
2026-01-17 05:47:21,Nitro Tap,5.68 pts,POUR
2026-01-17 05:49:54,Nitro Tap,11.0%,UPDATE
2026-01-17 05:54:19,Nitro Tap,11.1%,UPDATE
2026-01-17 05:54:56,Wisco Tap,49.9%,UPDATE
2026-01-17 05:57:07,Wisco Tap,50.0%,UPDATE
2026-01-17 05:57:57,Nitro Tap,11.2%,UPDATE
2026-01-17 05:59:14,Law Tap,22.9%,UPDATE
2026-01-17 06:01:00,Nitro Tap,11.3%,UPDATE
2026-01-17 06:03:56,Wisco Tap,50.1%,UPDATE
2026-01-17 06:08:25,Nitro Tap,11.4%,UPDATE
2026-01-17 06:10:14,Law Tap,23.0%,UPDATE
2026-01-17 06:11:18,Wisco Tap,50.2%,UPDATE
2026-01-17 06:11:28,Wisco Tap,50.3%,UPDATE
2026-01-17 06:11:35,Wisco Tap,50.4%,UPDATE
2026-01-17 06:11:48,Wisco Tap,50.5%,UPDATE
2026-01-17 06:11:56,Wisco Tap,50.6%,UPDATE
2026-01-17 06:12:10,Wisco Tap,50.7%,UPDATE
2026-01-17 06:12:31,Wisco Tap,50.8%,UPDATE
2026-01-17 06:12:46,Nitro Tap,11.5%,UPDATE
2026-01-17 06:13:04,Wisco Tap,50.9%,UPDATE
2026-01-17 06:13:54,Wisco Tap,51.0%,UPDATE
2026-01-17 06:14:15,Law Tap,23.1%,UPDATE
2026-01-17 06:14:27,Wisco Tap,51.1%,UPDATE
2026-01-17 06:15:40,Law Tap,23.2%,UPDATE
2026-01-17 06:15:52,Wisco Tap,51.2%,UPDATE
2026-01-17 06:17:20,Nitro Tap,11.6%,UPDATE
2026-01-17 06:19:04,Law Tap,23.3%,UPDATE
2026-01-17 06:20:54,Wisco Tap,51.3%,UPDATE
2026-01-17 06:21:39,Nitro Tap,11.7%,UPDATE
2026-01-17 06:24:03,Wisco Tap,49.9%,UPDATE
2026-01-17 06:28:13,Nitro Tap,11.8%,UPDATE
2026-01-17 06:28:26,Wisco Tap,51.3%,UPDATE
2026-01-17 06:32:31,Nitro Tap,11.7%,UPDATE
2026-01-17 06:32:46,Nitro Tap,11.6%,UPDATE
2026-01-17 06:33:00,Nitro Tap,11.5%,UPDATE
2026-01-17 06:33:19,Nitro Tap,11.4%,UPDATE
2026-01-17 06:33:47,Nitro Tap,11.3%,UPDATE
2026-01-17 06:35:20,Nitro Tap,11.2%,UPDATE
2026-01-17 06:35:45,Nitro Tap,11.1%,UPDATE
2026-01-17 06:36:34,Nitro Tap,11.0%,UPDATE
2026-01-17 06:40:18,Nitro Tap,10.9%,UPDATE
2026-01-17 06:40:54,Nitro Tap,10.8%,UPDATE
2026-01-17 06:41:29,Nitro Tap,10.7%,UPDATE
2026-01-17 06:42:46,Nitro Tap,10.6%,UPDATE
2026-01-17 06:44:27,Nitro Tap,10.5%,UPDATE
2026-01-17 06:44:53,Nitro Tap,10.4%,UPDATE
2026-01-17 06:45:17,Nitro Tap,10.3%,UPDATE
2026-01-17 06:46:10,Nitro Tap,10.2%,UPDATE
2026-01-17 06:56:11,Nitro Tap,10.1%,UPDATE
2026-01-17 06:59:57,Nitro Tap,10.2%,UPDATE
2026-01-17 07:03:54,Nitro Tap,10.3%,UPDATE
2026-01-17 07:06:01,Nitro Tap,10.4%,UPDATE
2026-01-17 07:09:47,Nitro Tap,8.45 pts,POUR
2026-01-17 07:11:32,Nitro Tap,10.5%,UPDATE
2026-01-17 07:15:42,Nitro Tap,10.6%,UPDATE
2026-01-17 07:19:15,Nitro Tap,10.7%,UPDATE
2026-01-17 07:23:13,Nitro Tap,10.8%,UPDATE
2026-01-17 07:26:03,Nitro Tap,10.9%,UPDATE
2026-01-17 07:32:44,Nitro Tap,11.0%,UPDATE
2026-01-17 07:33:40,Nitro Tap,11.1%,UPDATE
2026-01-17 07:37:15,Nitro Tap,11.2%,UPDATE
2026-01-17 07:38:17,Wisco Tap,51.2%,UPDATE
2026-01-17 07:40:58,Nitro Tap,11.3%,UPDATE
2026-01-17 07:46:29,Wisco Tap,51.1%,UPDATE
2026-01-17 07:46:41,Nitro Tap,11.4%,UPDATE
2026-01-17 07:49:41,Law Tap,23.4%,UPDATE
2026-01-17 07:50:04,Nitro Tap,11.5%,UPDATE
2026-01-17 07:53:17,Nitro Tap,11.6%,UPDATE
2026-01-17 07:53:31,Wisco Tap,51.0%,UPDATE
2026-01-17 07:58:15,Nitro Tap,11.7%,UPDATE
2026-01-17 08:01:05,Wisco Tap,50.9%,UPDATE
2026-01-17 08:03:30,Nitro Tap,11.8%,UPDATE
2026-01-17 08:08:05,Wisco Tap,50.8%,UPDATE
2026-01-17 08:08:18,Nitro Tap,11.9%,UPDATE
2026-01-17 08:13:56,Wisco Tap,50.7%,UPDATE
2026-01-17 08:15:35,Nitro Tap,12.0%,UPDATE
2026-01-17 08:16:15,Law Tap,23.5%,UPDATE
2026-01-17 08:21:01,Nitro Tap,11.9%,UPDATE
2026-01-17 08:21:06,Nitro Tap,11.8%,UPDATE
2026-01-17 08:21:22,Nitro Tap,11.7%,UPDATE
2026-01-17 08:21:41,Nitro Tap,11.6%,UPDATE
2026-01-17 08:22:01,Nitro Tap,11.5%,UPDATE
2026-01-17 08:22:13,Nitro Tap,11.4%,UPDATE
2026-01-17 08:22:43,Nitro Tap,11.3%,UPDATE
2026-01-17 08:23:34,Nitro Tap,11.2%,UPDATE
2026-01-17 08:24:09,Nitro Tap,11.1%,UPDATE
2026-01-17 08:25:28,Wisco Tap,50.6%,UPDATE
2026-01-17 08:26:19,Nitro Tap,11.0%,UPDATE
2026-01-17 08:26:23,Nitro Tap,10.9%,UPDATE
2026-01-17 08:28:54,Nitro Tap,10.8%,UPDATE
2026-01-17 08:30:02,Nitro Tap,10.7%,UPDATE
2026-01-17 08:31:02,Nitro Tap,10.6%,UPDATE
2026-01-17 08:32:55,Nitro Tap,10.5%,UPDATE
2026-01-17 08:34:30,Nitro Tap,10.4%,UPDATE
2026-01-17 08:34:36,Nitro Tap,10.3%,UPDATE
2026-01-17 08:35:42,Wisco Tap,50.5%,UPDATE
2026-01-17 08:36:04,Nitro Tap,10.2%,UPDATE
2026-01-17 08:36:51,Nitro Tap,10.1%,UPDATE
2026-01-17 08:46:03,Nitro Tap,10.0%,UPDATE
2026-01-17 08:49:38,Nitro Tap,10.1%,UPDATE
2026-01-17 08:49:52,Nitro Tap,10.2%,UPDATE
2026-01-17 08:50:43,Nitro Tap,10.1%,UPDATE
2026-01-17 08:53:07,Nitro Tap,10.2%,UPDATE
2026-01-17 08:55:20,Nitro Tap,10.3%,UPDATE
2026-01-17 08:57:06,Nitro Tap,10.55 pts,POUR
2026-01-17 08:57:54,Wisco Tap,50.6%,UPDATE
2026-01-17 08:58:08,Law Tap,23.6%,UPDATE
2026-01-17 09:02:21,Nitro Tap,10.4%,UPDATE
2026-01-17 09:06:29,Nitro Tap,10.5%,UPDATE
2026-01-17 09:09:35,Nitro Tap,10.6%,UPDATE
2026-01-17 09:12:34,Nitro Tap,10.7%,UPDATE
2026-01-17 09:16:32,Wisco Tap,50.7%,UPDATE
2026-01-17 09:16:43,Nitro Tap,10.8%,UPDATE
2026-01-17 09:19:09,Nitro Tap,10.9%,UPDATE
2026-01-17 09:21:33,Nitro Tap,11.0%,UPDATE
2026-01-17 09:24:31,Nitro Tap,11.1%,UPDATE
2026-01-17 09:28:11,Nitro Tap,11.2%,UPDATE
2026-01-17 09:32:23,Nitro Tap,11.3%,UPDATE
2026-01-17 09:36:06,Nitro Tap,11.4%,UPDATE
2026-01-17 09:39:32,Nitro Tap,11.5%,UPDATE
2026-01-17 09:44:36,Nitro Tap,11.6%,UPDATE
2026-01-17 09:47:17,Nitro Tap,11.7%,UPDATE
2026-01-17 09:53:01,Nitro Tap,11.8%,UPDATE
2026-01-17 09:58:38,Nitro Tap,11.9%,UPDATE
2026-01-17 10:01:31,Wisco Tap,50.8%,UPDATE
2026-01-17 10:07:36,Nitro Tap,11.8%,UPDATE
2026-01-17 10:07:48,Nitro Tap,11.7%,UPDATE
2026-01-17 10:07:56,Nitro Tap,11.6%,UPDATE
2026-01-17 10:08:06,Nitro Tap,11.5%,UPDATE
2026-01-17 10:08:24,Nitro Tap,11.4%,UPDATE
2026-01-17 10:08:53,Nitro Tap,11.3%,UPDATE
2026-01-17 10:09:20,Wisco Tap,50.9%,UPDATE
2026-01-17 10:09:31,Nitro Tap,11.2%,UPDATE
2026-01-17 10:10:04,Nitro Tap,11.1%,UPDATE
2026-01-17 10:10:42,Nitro Tap,11.0%,UPDATE
2026-01-17 10:11:36,Nitro Tap,10.9%,UPDATE
2026-01-17 10:14:20,Nitro Tap,10.8%,UPDATE
2026-01-17 10:15:38,Nitro Tap,10.7%,UPDATE
2026-01-17 10:17:56,Nitro Tap,10.6%,UPDATE
2026-01-17 10:18:40,Nitro Tap,10.5%,UPDATE
2026-01-17 10:19:07,Nitro Tap,10.4%,UPDATE
2026-01-17 10:19:37,Nitro Tap,10.3%,UPDATE
2026-01-17 10:20:38,Nitro Tap,10.2%,UPDATE
2026-01-17 10:21:34,Nitro Tap,10.1%,UPDATE
2026-01-17 10:24:32,Wisco Tap,51.0%,UPDATE
2026-01-17 10:27:57,Nitro Tap,11.30 pts,POUR
2026-01-17 10:34:41,Nitro Tap,10.0%,UPDATE
2026-01-17 10:36:22,Nitro Tap,10.1%,UPDATE
2026-01-17 10:36:30,Nitro Tap,10.2%,UPDATE
2026-01-17 10:37:18,Wisco Tap,50.9%,UPDATE
2026-01-17 10:38:10,Nitro Tap,10.1%,UPDATE
2026-01-17 10:38:40,Nitro Tap,10.2%,UPDATE
2026-01-17 10:41:01,Nitro Tap,10.3%,UPDATE
2026-01-17 10:46:12,Nitro Tap,10.4%,UPDATE
2026-01-17 10:51:55,Nitro Tap,10.5%,UPDATE
2026-01-17 10:56:24,Nitro Tap,10.6%,UPDATE
2026-01-17 10:58:04,Nitro Tap,10.7%,UPDATE
2026-01-17 11:03:15,Nitro Tap,10.8%,UPDATE
2026-01-17 11:05:03,Nitro Tap,10.9%,UPDATE
2026-01-17 11:09:06,Nitro Tap,11.0%,UPDATE
2026-01-17 11:11:53,Nitro Tap,11.1%,UPDATE
2026-01-17 11:13:46,Wisco Tap,51.0%,UPDATE
2026-01-17 11:14:11,Wisco Tap,50.9%,UPDATE
2026-01-17 11:14:22,Wisco Tap,50.8%,UPDATE
2026-01-17 11:14:35,Wisco Tap,50.7%,UPDATE
2026-01-17 11:14:52,Wisco Tap,50.6%,UPDATE
2026-01-17 11:15:13,Wisco Tap,50.5%,UPDATE
2026-01-17 11:15:29,Wisco Tap,50.4%,UPDATE
2026-01-17 11:16:36,Wisco Tap,50.3%,UPDATE
2026-01-17 11:17:01,Law Tap,23.5%,UPDATE
2026-01-17 11:17:13,Nitro Tap,11.2%,UPDATE
2026-01-17 11:17:27,Law Tap,23.4%,UPDATE
2026-01-17 11:18:14,Law Tap,23.3%,UPDATE
2026-01-17 11:18:27,Wisco Tap,50.2%,UPDATE
2026-01-17 11:19:20,Wisco Tap,50.1%,UPDATE
2026-01-17 11:19:33,Wisco Tap,50.0%,UPDATE
2026-01-17 11:19:45,Nitro Tap,11.3%,UPDATE
2026-01-17 11:19:59,Wisco Tap,49.9%,UPDATE
2026-01-17 11:20:52,Wisco Tap,49.8%,UPDATE
2026-01-17 11:21:55,Law Tap,23.2%,UPDATE
2026-01-17 11:23:10,Law Tap,2.20 pts,POUR
2026-01-17 11:23:24,Nitro Tap,11.4%,UPDATE
2026-01-17 11:23:38,Wisco Tap,49.7%,UPDATE
2026-01-17 11:25:23,Wisco Tap,8.12 pts,POUR
2026-01-17 11:27:31,Wisco Tap,49.6%,UPDATE
2026-01-17 11:30:17,Nitro Tap,11.5%,UPDATE
2026-01-17 11:33:15,Law Tap,23.1%,UPDATE
2026-01-17 11:35:06,Nitro Tap,11.6%,UPDATE
2026-01-17 11:36:44,Law Tap,23.2%,UPDATE
2026-01-17 11:37:51,Law Tap,23.1%,UPDATE
2026-01-17 11:39:43,Nitro Tap,11.7%,UPDATE
2026-01-17 11:41:34,Wisco Tap,49.7%,UPDATE
2026-01-17 11:44:24,Nitro Tap,11.8%,UPDATE
2026-01-17 11:48:44,Nitro Tap,11.9%,UPDATE
2026-01-17 11:54:44,Nitro Tap,11.8%,UPDATE
2026-01-17 11:54:48,Nitro Tap,11.7%,UPDATE
2026-01-17 11:54:57,Nitro Tap,11.6%,UPDATE
2026-01-17 11:55:08,Nitro Tap,11.5%,UPDATE
2026-01-17 11:55:22,Nitro Tap,11.4%,UPDATE
2026-01-17 11:55:40,Nitro Tap,11.3%,UPDATE
2026-01-17 11:56:07,Nitro Tap,11.2%,UPDATE
2026-01-17 11:56:44,Nitro Tap,11.1%,UPDATE
2026-01-17 11:57:34,Nitro Tap,11.0%,UPDATE
2026-01-17 11:59:29,Nitro Tap,10.9%,UPDATE
2026-01-17 12:00:43,Nitro Tap,10.8%,UPDATE
2026-01-17 12:03:05,Nitro Tap,10.7%,UPDATE
2026-01-17 12:04:28,Nitro Tap,10.6%,UPDATE
2026-01-17 12:05:04,Nitro Tap,10.5%,UPDATE
2026-01-17 12:06:17,Law Tap,23.0%,UPDATE
2026-01-17 12:06:40,Nitro Tap,10.4%,UPDATE
2026-01-17 12:07:11,Nitro Tap,10.3%,UPDATE
2026-01-17 12:07:38,Nitro Tap,10.2%,UPDATE
2026-01-17 12:08:05,Nitro Tap,10.1%,UPDATE
2026-01-17 12:09:30,Nitro Tap,11.46 pts,POUR
2026-01-17 12:20:46,Wisco Tap,49.6%,UPDATE
2026-01-17 12:23:28,Nitro Tap,10.2%,UPDATE
2026-01-17 12:24:18,Nitro Tap,10.1%,UPDATE
2026-01-17 12:27:34,Nitro Tap,10.2%,UPDATE
2026-01-17 12:28:11,Law Tap,22.9%,UPDATE
2026-01-17 12:30:16,Nitro Tap,10.3%,UPDATE
2026-01-17 12:33:42,Nitro Tap,10.4%,UPDATE
2026-01-17 12:38:01,Wisco Tap,49.7%,UPDATE
2026-01-17 12:38:40,Nitro Tap,10.5%,UPDATE
2026-01-17 12:44:16,Nitro Tap,10.6%,UPDATE
2026-01-17 12:47:58,Nitro Tap,10.7%,UPDATE
2026-01-17 12:49:11,Wisco Tap,49.8%,UPDATE
2026-01-17 12:49:29,Wisco Tap,49.9%,UPDATE
2026-01-17 12:49:44,Wisco Tap,50.0%,UPDATE
2026-01-17 12:50:03,Wisco Tap,50.1%,UPDATE
2026-01-17 12:50:25,Wisco Tap,50.2%,UPDATE
2026-01-17 12:50:45,Wisco Tap,50.3%,UPDATE
2026-01-17 12:51:12,Law Tap,23.0%,UPDATE
2026-01-17 12:51:26,Wisco Tap,50.4%,UPDATE
2026-01-17 12:52:02,Wisco Tap,50.5%,UPDATE
2026-01-17 12:52:13,Law Tap,23.1%,UPDATE
2026-01-17 12:52:52,Nitro Tap,10.8%,UPDATE
2026-01-17 12:53:06,Wisco Tap,50.6%,UPDATE
2026-01-17 12:53:38,Law Tap,23.2%,UPDATE
2026-01-17 12:54:09,Nitro Tap,10.9%,UPDATE
2026-01-17 12:55:38,Wisco Tap,50.7%,UPDATE
2026-01-17 12:55:52,Nitro Tap,11.0%,UPDATE
2026-01-17 12:58:07,Law Tap,23.3%,UPDATE
2026-01-17 12:59:29,Wisco Tap,50.8%,UPDATE
2026-01-17 12:59:41,Nitro Tap,11.1%,UPDATE
2026-01-17 13:01:57,Wisco Tap,50.9%,UPDATE
2026-01-17 13:04:10,Nitro Tap,11.2%,UPDATE
2026-01-17 13:07:10,Nitro Tap,11.3%,UPDATE
2026-01-17 13:12:42,Nitro Tap,11.4%,UPDATE
2026-01-17 13:16:33,Nitro Tap,11.5%,UPDATE
2026-01-17 13:18:58,Nitro Tap,11.6%,UPDATE
2026-01-17 13:23:53,Nitro Tap,11.7%,UPDATE
2026-01-17 13:30:28,Nitro Tap,11.8%,UPDATE
2026-01-17 13:36:33,Nitro Tap,11.9%,UPDATE
2026-01-17 13:42:02,Nitro Tap,11.8%,UPDATE
2026-01-17 13:42:22,Nitro Tap,11.7%,UPDATE
2026-01-17 13:42:34,Nitro Tap,11.6%,UPDATE
2026-01-17 13:42:53,Nitro Tap,11.5%,UPDATE
2026-01-17 13:43:05,Nitro Tap,11.4%,UPDATE
2026-01-17 13:43:30,Nitro Tap,11.3%,UPDATE
2026-01-17 13:44:08,Nitro Tap,11.2%,UPDATE
2026-01-17 13:44:37,Nitro Tap,11.1%,UPDATE
2026-01-17 13:45:41,Nitro Tap,11.0%,UPDATE
2026-01-17 13:47:28,Wisco Tap,50.8%,UPDATE
2026-01-17 13:48:05,Nitro Tap,10.9%,UPDATE
2026-01-17 13:48:54,Nitro Tap,10.8%,UPDATE
2026-01-17 13:50:55,Nitro Tap,10.7%,UPDATE
2026-01-17 13:51:55,Nitro Tap,10.6%,UPDATE
2026-01-17 13:53:07,Nitro Tap,10.5%,UPDATE
2026-01-17 13:54:36,Nitro Tap,10.4%,UPDATE
2026-01-17 13:55:02,Nitro Tap,10.3%,UPDATE
2026-01-17 13:55:53,Nitro Tap,10.2%,UPDATE
2026-01-17 13:57:56,Nitro Tap,10.1%,UPDATE
2026-01-17 13:59:45,Nitro Tap,10.82 pts,POUR
2026-01-17 14:10:48,Nitro Tap,10.2%,UPDATE
2026-01-17 14:11:00,Nitro Tap,10.3%,UPDATE
2026-01-17 14:11:22,Nitro Tap,10.2%,UPDATE
2026-01-17 14:12:20,Nitro Tap,10.1%,UPDATE
2026-01-17 14:13:46,Nitro Tap,10.2%,UPDATE
2026-01-17 14:15:35,Nitro Tap,10.3%,UPDATE
2026-01-17 14:18:46,Law Tap,23.4%,UPDATE
2026-01-17 14:19:49,Nitro Tap,10.4%,UPDATE
2026-01-17 14:25:49,Nitro Tap,10.5%,UPDATE
2026-01-17 14:29:56,Nitro Tap,10.6%,UPDATE
2026-01-17 14:34:03,Nitro Tap,10.7%,UPDATE
2026-01-17 14:36:10,Nitro Tap,10.8%,UPDATE
2026-01-17 14:39:36,Nitro Tap,10.9%,UPDATE
2026-01-17 14:44:12,Nitro Tap,11.0%,UPDATE
2026-01-17 14:46:12,Nitro Tap,11.1%,UPDATE
2026-01-17 14:51:04,Nitro Tap,11.2%,UPDATE
2026-01-17 14:53:46,Nitro Tap,11.3%,UPDATE
2026-01-17 14:58:29,Nitro Tap,11.4%,UPDATE
2026-01-17 15:02:38,Nitro Tap,11.5%,UPDATE
2026-01-17 15:04:06,Law Tap,23.5%,UPDATE
2026-01-17 15:06:51,Nitro Tap,11.6%,UPDATE
2026-01-17 15:10:19,Nitro Tap,11.7%,UPDATE
2026-01-17 15:16:29,Nitro Tap,11.8%,UPDATE
2026-01-17 15:21:56,Nitro Tap,11.9%,UPDATE
2026-01-17 15:30:06,Nitro Tap,11.8%,UPDATE
2026-01-17 15:30:13,Nitro Tap,11.7%,UPDATE
2026-01-17 15:30:24,Nitro Tap,11.6%,UPDATE
2026-01-17 15:30:32,Nitro Tap,11.5%,UPDATE
2026-01-17 15:30:50,Nitro Tap,11.4%,UPDATE
2026-01-17 15:31:01,Nitro Tap,11.3%,UPDATE
2026-01-17 15:32:01,Nitro Tap,11.2%,UPDATE
2026-01-17 15:32:15,Nitro Tap,11.1%,UPDATE
2026-01-17 15:33:06,Nitro Tap,11.0%,UPDATE
2026-01-17 15:33:36,Nitro Tap,10.9%,UPDATE
2026-01-17 15:35:33,Nitro Tap,10.8%,UPDATE
2026-01-17 15:37:38,Nitro Tap,10.7%,UPDATE
2026-01-17 15:39:03,Nitro Tap,10.6%,UPDATE
2026-01-17 15:40:14,Nitro Tap,10.5%,UPDATE
2026-01-17 15:40:43,Nitro Tap,10.4%,UPDATE
2026-01-17 15:41:17,Nitro Tap,10.3%,UPDATE
2026-01-17 15:42:16,Nitro Tap,10.2%,UPDATE
2026-01-17 15:43:11,Nitro Tap,10.1%,UPDATE
2026-01-17 15:45:05,Nitro Tap,11.84 pts,POUR
2026-01-17 15:52:29,Wisco Tap,50.9%,UPDATE
2026-01-17 15:57:19,Nitro Tap,10.0%,UPDATE
2026-01-17 15:58:18,Nitro Tap,10.1%,UPDATE
2026-01-17 15:58:19,Nitro Tap,10.2%,UPDATE
2026-01-17 15:58:31,Nitro Tap,10.3%,UPDATE
2026-01-17 15:58:45,Nitro Tap,10.4%,UPDATE
2026-01-17 15:58:55,Nitro Tap,10.3%,UPDATE
2026-01-17 15:59:05,Nitro Tap,10.2%,UPDATE
2026-01-17 15:59:38,Nitro Tap,10.1%,UPDATE
2026-01-17 16:02:38,Nitro Tap,10.2%,UPDATE
2026-01-17 16:04:10,Nitro Tap,10.3%,UPDATE
2026-01-17 16:07:37,Nitro Tap,10.4%,UPDATE
2026-01-17 16:08:49,Law Tap,23.6%,UPDATE
2026-01-17 16:13:11,Nitro Tap,10.5%,UPDATE
2026-01-17 16:16:47,Nitro Tap,10.6%,UPDATE
2026-01-17 16:21:11,Nitro Tap,10.7%,UPDATE
2026-01-17 16:24:11,Nitro Tap,10.8%,UPDATE
2026-01-17 16:27:11,Nitro Tap,10.9%,UPDATE
2026-01-17 16:31:38,Nitro Tap,11.0%,UPDATE
2026-01-17 16:33:39,Nitro Tap,11.1%,UPDATE
2026-01-17 16:37:39,Nitro Tap,11.2%,UPDATE
2026-01-17 16:40:49,Nitro Tap,11.3%,UPDATE
2026-01-17 16:45:14,Nitro Tap,11.4%,UPDATE
2026-01-17 16:49:37,Nitro Tap,11.5%,UPDATE
2026-01-17 16:53:16,Nitro Tap,11.6%,UPDATE
2026-01-17 16:56:31,Wisco Tap,51.0%,UPDATE
2026-01-17 16:58:19,Nitro Tap,11.7%,UPDATE
2026-01-17 17:03:18,Nitro Tap,11.8%,UPDATE
2026-01-17 17:08:45,Nitro Tap,11.9%,UPDATE
2026-01-17 17:17:02,Nitro Tap,11.8%,UPDATE
2026-01-17 17:17:20,Nitro Tap,11.7%,UPDATE
2026-01-17 17:17:37,Nitro Tap,11.6%,UPDATE
2026-01-17 17:17:51,Nitro Tap,11.5%,UPDATE
2026-01-17 17:18:12,Nitro Tap,11.4%,UPDATE
2026-01-17 17:18:31,Nitro Tap,11.3%,UPDATE
2026-01-17 17:19:00,Nitro Tap,11.2%,UPDATE
2026-01-17 17:20:48,Nitro Tap,11.1%,UPDATE
2026-01-17 17:22:59,Nitro Tap,11.0%,UPDATE
2026-01-17 17:23:23,Nitro Tap,10.9%,UPDATE
2026-01-17 17:23:50,Nitro Tap,10.8%,UPDATE
2026-01-17 17:24:58,Nitro Tap,10.7%,UPDATE
2026-01-17 17:26:33,Nitro Tap,10.6%,UPDATE
2026-01-17 17:28:26,Nitro Tap,10.5%,UPDATE
2026-01-17 17:28:53,Nitro Tap,10.4%,UPDATE
2026-01-17 17:29:25,Nitro Tap,10.3%,UPDATE
2026-01-17 17:31:00,Nitro Tap,10.2%,UPDATE
2026-01-17 17:31:50,Nitro Tap,10.1%,UPDATE
2026-01-17 17:32:24,Nitro Tap,10.89 pts,POUR
2026-01-17 17:37:23,Wisco Tap,50.9%,UPDATE
2026-01-17 17:37:30,Wisco Tap,50.8%,UPDATE
2026-01-17 17:37:43,Wisco Tap,50.7%,UPDATE
2026-01-17 17:37:57,Wisco Tap,50.6%,UPDATE
2026-01-17 17:38:16,Wisco Tap,50.5%,UPDATE
2026-01-17 17:38:30,Wisco Tap,50.4%,UPDATE
2026-01-17 17:39:00,Wisco Tap,50.3%,UPDATE
2026-01-17 17:39:44,Law Tap,23.5%,UPDATE
2026-01-17 17:39:56,Wisco Tap,50.2%,UPDATE
2026-01-17 17:40:26,Law Tap,23.4%,UPDATE
2026-01-17 17:40:51,Wisco Tap,50.1%,UPDATE
2026-01-17 17:41:06,Law Tap,23.3%,UPDATE
2026-01-17 17:41:17,Wisco Tap,50.0%,UPDATE
2026-01-17 17:41:43,Wisco Tap,49.9%,UPDATE
2026-01-17 17:42:49,Law Tap,23.2%,UPDATE
2026-01-17 17:43:13,Nitro Tap,10.0%,UPDATE
2026-01-17 17:43:27,Wisco Tap,49.8%,UPDATE
2026-01-17 17:46:15,Nitro Tap,10.1%,UPDATE
2026-01-17 17:46:30,Nitro Tap,10.2%,UPDATE
2026-01-17 17:47:17,Nitro Tap,10.1%,UPDATE
2026-01-17 17:48:03,Wisco Tap,49.7%,UPDATE
2026-01-17 17:49:14,Law Tap,2.98 pts,POUR
2026-01-17 17:49:40,Law Tap,23.1%,UPDATE
2026-01-17 17:50:39,Nitro Tap,10.2%,UPDATE
2026-01-17 17:52:17,Nitro Tap,10.3%,UPDATE
2026-01-17 17:52:52,Wisco Tap,49.6%,UPDATE
2026-01-17 17:53:18,Wisco Tap,8.49 pts,POUR
2026-01-17 17:59:24,Nitro Tap,10.4%,UPDATE
2026-01-17 18:01:55,Nitro Tap,10.5%,UPDATE
2026-01-17 18:04:44,Wisco Tap,49.7%,UPDATE
2026-01-17 18:06:51,Nitro Tap,10.6%,UPDATE
2026-01-17 18:08:51,Nitro Tap,10.7%,UPDATE
2026-01-17 18:13:50,Nitro Tap,10.8%,UPDATE
2026-01-17 18:15:18,Wisco Tap,49.8%,UPDATE
2026-01-17 18:15:32,Nitro Tap,10.9%,UPDATE
2026-01-17 18:18:48,Nitro Tap,11.0%,UPDATE
2026-01-17 18:23:55,Nitro Tap,11.1%,UPDATE
2026-01-17 18:24:28,Law Tap,23.0%,UPDATE
2026-01-17 18:26:20,Nitro Tap,11.2%,UPDATE
2026-01-17 18:31:40,Nitro Tap,11.3%,UPDATE
2026-01-17 18:34:08,Nitro Tap,11.4%,UPDATE
2026-01-17 18:37:32,Nitro Tap,11.5%,UPDATE
2026-01-17 18:41:34,Law Tap,22.9%,UPDATE
2026-01-17 18:42:29,Nitro Tap,11.6%,UPDATE
2026-01-17 18:47:31,Nitro Tap,11.7%,UPDATE
2026-01-17 18:51:11,Nitro Tap,11.8%,UPDATE
2026-01-17 18:55:21,Wisco Tap,49.7%,UPDATE
2026-01-17 18:59:30,Nitro Tap,11.9%,UPDATE
2026-01-17 19:02:12,Wisco Tap,49.8%,UPDATE
2026-01-17 19:05:17,Nitro Tap,11.8%,UPDATE
2026-01-17 19:05:28,Nitro Tap,11.7%,UPDATE
2026-01-17 19:05:36,Nitro Tap,11.6%,UPDATE
2026-01-17 19:05:46,Nitro Tap,11.5%,UPDATE
2026-01-17 19:06:03,Nitro Tap,11.4%,UPDATE
2026-01-17 19:06:30,Nitro Tap,11.3%,UPDATE
2026-01-17 19:07:27,Nitro Tap,11.2%,UPDATE
2026-01-17 19:09:20,Wisco Tap,49.9%,UPDATE
2026-01-17 19:09:37,Wisco Tap,50.0%,UPDATE
2026-01-17 19:09:55,Wisco Tap,50.1%,UPDATE
2026-01-17 19:10:17,Wisco Tap,50.2%,UPDATE
2026-01-17 19:10:36,Wisco Tap,50.3%,UPDATE
2026-01-17 19:10:49,Nitro Tap,11.1%,UPDATE
2026-01-17 19:11:10,Wisco Tap,50.4%,UPDATE
2026-01-17 19:11:35,Nitro Tap,11.0%,UPDATE
2026-01-17 19:11:47,Law Tap,23.0%,UPDATE
2026-01-17 19:12:03,Nitro Tap,10.9%,UPDATE
2026-01-17 19:12:16,Law Tap,23.1%,UPDATE
2026-01-17 19:12:27,Nitro Tap,10.8%,UPDATE
2026-01-17 19:13:04,Nitro Tap,10.7%,UPDATE
2026-01-17 19:13:16,Law Tap,23.2%,UPDATE
2026-01-17 19:13:33,Wisco Tap,50.5%,UPDATE
2026-01-17 19:14:04,Wisco Tap,50.6%,UPDATE
2026-01-17 19:14:39,Nitro Tap,10.6%,UPDATE
2026-01-17 19:15:16,Nitro Tap,10.5%,UPDATE
2026-01-17 19:15:45,Wisco Tap,50.7%,UPDATE
2026-01-17 19:16:00,Nitro Tap,10.4%,UPDATE
2026-01-17 19:16:46,Nitro Tap,10.3%,UPDATE
2026-01-17 19:17:37,Wisco Tap,50.8%,UPDATE
2026-01-17 19:18:16,Law Tap,23.3%,UPDATE
2026-01-17 19:18:41,Nitro Tap,10.2%,UPDATE
2026-01-17 19:19:33,Nitro Tap,10.1%,UPDATE
2026-01-17 19:21:29,Nitro Tap,11.26 pts,POUR
2026-01-17 19:24:04,Wisco Tap,50.9%,UPDATE
2026-01-17 19:31:19,Nitro Tap,10.0%,UPDATE
2026-01-17 19:33:47,Nitro Tap,10.1%,UPDATE
2026-01-17 19:33:56,Nitro Tap,10.2%,UPDATE
2026-01-17 19:34:08,Nitro Tap,10.3%,UPDATE
2026-01-17 19:34:28,Nitro Tap,10.2%,UPDATE
2026-01-17 19:34:33,Nitro Tap,10.1%,UPDATE
2026-01-17 19:37:11,Nitro Tap,10.2%,UPDATE
2026-01-17 19:38:32,Nitro Tap,10.3%,UPDATE
2026-01-17 19:44:05,Nitro Tap,10.4%,UPDATE
2026-01-17 19:49:04,Nitro Tap,10.5%,UPDATE
2026-01-17 19:52:49,Nitro Tap,10.6%,UPDATE
2026-01-17 19:55:06,Nitro Tap,10.7%,UPDATE
2026-01-17 19:58:51,Nitro Tap,10.8%,UPDATE
2026-01-17 20:01:50,Nitro Tap,10.9%,UPDATE
2026-01-17 20:05:51,Nitro Tap,11.0%,UPDATE
2026-01-17 20:07:46,Wisco Tap,50.8%,UPDATE
2026-01-17 20:08:32,Nitro Tap,11.1%,UPDATE
2026-01-17 20:11:33,Nitro Tap,11.2%,UPDATE
2026-01-17 20:15:23,Nitro Tap,11.3%,UPDATE
2026-01-17 20:20:10,Nitro Tap,11.4%,UPDATE
2026-01-17 20:24:21,Nitro Tap,11.5%,UPDATE
2026-01-17 20:28:23,Nitro Tap,11.6%,UPDATE
2026-01-17 20:32:30,Nitro Tap,11.7%,UPDATE
2026-01-17 20:37:41,Nitro Tap,11.8%,UPDATE
2026-01-17 20:39:24,Law Tap,23.4%,UPDATE
2026-01-17 20:43:56,Nitro Tap,11.9%,UPDATE
2026-01-17 20:52:54,Nitro Tap,11.8%,UPDATE
2026-01-17 20:52:58,Nitro Tap,11.7%,UPDATE
2026-01-17 20:53:09,Nitro Tap,11.6%,UPDATE
2026-01-17 20:53:16,Nitro Tap,11.5%,UPDATE
2026-01-17 20:53:34,Nitro Tap,11.4%,UPDATE
2026-01-17 20:53:45,Nitro Tap,11.3%,UPDATE
2026-01-17 20:54:37,Nitro Tap,11.2%,UPDATE
2026-01-17 20:55:16,Nitro Tap,11.1%,UPDATE
2026-01-17 20:56:13,Nitro Tap,11.0%,UPDATE
2026-01-17 20:57:41,Nitro Tap,10.9%,UPDATE
2026-01-17 20:59:36,Nitro Tap,10.8%,UPDATE
2026-01-17 21:00:47,Nitro Tap,10.7%,UPDATE
2026-01-17 21:02:13,Nitro Tap,10.6%,UPDATE
2026-01-17 21:04:17,Nitro Tap,10.5%,UPDATE
2026-01-17 21:04:41,Nitro Tap,10.4%,UPDATE
2026-01-17 21:05:17,Nitro Tap,10.3%,UPDATE
2026-01-17 21:05:43,Nitro Tap,10.2%,UPDATE
2026-01-17 21:06:18,Nitro Tap,10.1%,UPDATE
2026-01-17 21:13:36,Nitro Tap,11.84 pts,POUR
2026-01-17 21:18:46,Nitro Tap,10.0%,UPDATE
2026-01-17 21:20:49,Nitro Tap,10.1%,UPDATE
2026-01-17 21:22:03,Nitro Tap,10.2%,UPDATE
2026-01-17 21:22:04,Nitro Tap,10.1%,UPDATE
2026-01-17 21:23:24,Nitro Tap,10.2%,UPDATE
2026-01-17 21:24:34,Law Tap,23.5%,UPDATE
2026-01-17 21:26:48,Nitro Tap,10.3%,UPDATE
2026-01-17 21:30:23,Nitro Tap,10.4%,UPDATE
2026-01-17 21:37:45,Nitro Tap,10.5%,UPDATE
2026-01-17 21:40:46,Nitro Tap,10.6%,UPDATE
2026-01-17 21:44:09,Nitro Tap,10.7%,UPDATE
2026-01-17 21:45:59,Nitro Tap,10.8%,UPDATE
2026-01-17 21:50:20,Nitro Tap,10.9%,UPDATE
2026-01-17 21:53:16,Nitro Tap,11.0%,UPDATE
2026-01-17 21:56:45,Nitro Tap,11.1%,UPDATE
2026-01-17 22:00:27,Nitro Tap,11.2%,UPDATE
2026-01-17 22:03:47,Nitro Tap,11.3%,UPDATE
2026-01-17 22:04:35,Wisco Tap,50.9%,UPDATE
2026-01-17 22:08:48,Nitro Tap,11.4%,UPDATE
2026-01-17 22:11:49,Nitro Tap,11.5%,UPDATE
2026-01-17 22:16:41,Nitro Tap,11.6%,UPDATE
2026-01-17 22:22:12,Nitro Tap,11.7%,UPDATE
2026-01-17 22:27:16,Nitro Tap,11.8%,UPDATE
2026-01-17 22:27:53,Wisco Tap,50.8%,UPDATE
2026-01-17 22:32:56,Nitro Tap,11.9%,UPDATE
2026-01-17 22:39:43,Nitro Tap,11.8%,UPDATE
2026-01-17 22:39:50,Nitro Tap,11.7%,UPDATE
2026-01-17 22:40:01,Nitro Tap,11.6%,UPDATE
2026-01-17 22:40:14,Nitro Tap,11.5%,UPDATE
2026-01-17 22:40:21,Nitro Tap,11.4%,UPDATE
2026-01-17 22:40:31,Nitro Tap,11.3%,UPDATE
2026-01-17 22:41:11,Wisco Tap,50.9%,UPDATE
2026-01-17 22:41:29,Nitro Tap,11.2%,UPDATE
2026-01-17 22:41:55,Nitro Tap,11.1%,UPDATE
2026-01-17 22:42:06,Law Tap,23.6%,UPDATE
2026-01-17 22:42:44,Nitro Tap,11.0%,UPDATE
2026-01-17 22:43:37,Nitro Tap,10.9%,UPDATE
2026-01-17 22:47:08,Nitro Tap,10.8%,UPDATE
2026-01-17 22:48:28,Nitro Tap,10.7%,UPDATE
2026-01-17 22:48:54,Nitro Tap,10.6%,UPDATE
2026-01-17 22:49:45,Nitro Tap,10.5%,UPDATE
2026-01-17 22:50:33,Nitro Tap,10.4%,UPDATE
2026-01-17 22:51:30,Nitro Tap,10.3%,UPDATE
2026-01-17 22:52:06,Nitro Tap,10.2%,UPDATE
2026-01-17 22:52:58,Nitro Tap,10.1%,UPDATE
2026-01-17 22:54:20,Nitro Tap,11.70 pts,POUR
2026-01-17 23:08:21,Nitro Tap,10.2%,UPDATE
2026-01-17 23:08:37,Nitro Tap,10.3%,UPDATE
2026-01-17 23:08:53,Nitro Tap,10.2%,UPDATE
2026-01-17 23:09:25,Nitro Tap,10.1%,UPDATE
2026-01-17 23:11:10,Nitro Tap,10.2%,UPDATE
2026-01-17 23:11:23,Wisco Tap,51.0%,UPDATE
2026-01-17 23:12:59,Nitro Tap,10.3%,UPDATE
2026-01-17 23:22:26,Nitro Tap,10.4%,UPDATE
2026-01-17 23:24:28,Nitro Tap,10.5%,UPDATE
2026-01-17 23:26:30,Nitro Tap,10.6%,UPDATE
2026-01-17 23:30:28,Nitro Tap,10.7%,UPDATE
2026-01-17 23:33:04,Nitro Tap,10.8%,UPDATE
2026-01-17 23:36:25,Nitro Tap,10.9%,UPDATE
2026-01-17 23:39:56,Nitro Tap,11.0%,UPDATE
2026-01-17 23:43:42,Nitro Tap,11.1%,UPDATE
2026-01-17 23:47:13,Nitro Tap,11.2%,UPDATE
2026-01-17 23:50:28,Nitro Tap,11.3%,UPDATE
2026-01-17 23:50:42,Wisco Tap,51.1%,UPDATE
2026-01-17 23:54:15,Nitro Tap,11.4%,UPDATE
2026-01-17 23:58:32,Nitro Tap,11.5%,UPDATE
2026-01-18 00:03:08,Nitro Tap,11.6%,UPDATE
2026-01-18 00:03:23,Law Tap,23.5%,UPDATE
2026-01-18 00:06:50,Nitro Tap,11.7%,UPDATE
2026-01-18 00:11:53,Wisco Tap,51.2%,UPDATE
2026-01-18 00:12:42,Wisco Tap,51.1%,UPDATE
2026-01-18 00:13:00,Wisco Tap,51.0%,UPDATE
2026-01-18 00:13:11,Wisco Tap,50.9%,UPDATE
2026-01-18 00:13:20,Wisco Tap,50.8%,UPDATE
2026-01-18 00:13:35,Wisco Tap,50.7%,UPDATE
2026-01-18 00:13:53,Wisco Tap,50.6%,UPDATE
2026-01-18 00:14:08,Wisco Tap,50.5%,UPDATE
2026-01-18 00:14:36,Wisco Tap,50.4%,UPDATE
2026-01-18 00:14:51,Law Tap,23.4%,UPDATE
2026-01-18 00:15:03,Nitro Tap,11.8%,UPDATE
2026-01-18 00:15:40,Law Tap,23.3%,UPDATE
2026-01-18 00:16:01,Wisco Tap,50.3%,UPDATE
2026-01-18 00:16:17,Law Tap,23.2%,UPDATE
2026-01-18 00:16:29,Wisco Tap,50.2%,UPDATE
2026-01-18 00:17:00,Wisco Tap,50.1%,UPDATE
2026-01-18 00:18:32,Wisco Tap,50.0%,UPDATE
2026-01-18 00:18:45,Nitro Tap,11.9%,UPDATE
2026-01-18 00:18:57,Wisco Tap,49.9%,UPDATE
2026-01-18 00:19:21,Law Tap,23.1%,UPDATE
2026-01-18 00:22:20,Wisco Tap,49.8%,UPDATE
2026-01-18 00:23:14,Wisco Tap,8.18 pts,POUR
2026-01-18 00:25:51,Wisco Tap,49.7%,UPDATE
2026-01-18 00:28:48,Nitro Tap,11.8%,UPDATE
2026-01-18 00:28:56,Nitro Tap,11.7%,UPDATE
2026-01-18 00:29:01,Nitro Tap,11.6%,UPDATE
2026-01-18 00:29:14,Nitro Tap,11.5%,UPDATE
2026-01-18 00:29:22,Nitro Tap,11.4%,UPDATE
2026-01-18 00:29:41,Nitro Tap,11.3%,UPDATE
2026-01-18 00:30:08,Nitro Tap,11.2%,UPDATE
2026-01-18 00:30:42,Nitro Tap,11.1%,UPDATE
2026-01-18 00:31:32,Nitro Tap,11.0%,UPDATE
2026-01-18 00:32:46,Law Tap,23.0%,UPDATE
2026-01-18 00:33:28,Nitro Tap,10.9%,UPDATE
2026-01-18 00:34:18,Nitro Tap,10.8%,UPDATE
2026-01-18 00:37:26,Nitro Tap,10.7%,UPDATE
2026-01-18 00:38:54,Nitro Tap,10.6%,UPDATE
2026-01-18 00:39:46,Nitro Tap,10.5%,UPDATE
2026-01-18 00:40:18,Nitro Tap,10.4%,UPDATE
2026-01-18 00:40:58,Nitro Tap,10.3%,UPDATE
2026-01-18 00:42:46,Nitro Tap,10.2%,UPDATE
2026-01-18 00:43:43,Wisco Tap,49.8%,UPDATE
2026-01-18 00:44:16,Nitro Tap,10.1%,UPDATE
2026-01-18 00:46:11,Nitro Tap,12.17 pts,POUR
2026-01-18 00:47:50,Nitro Tap,10.2%,UPDATE
2026-01-18 00:48:00,Nitro Tap,10.3%,UPDATE
2026-01-18 00:48:27,Nitro Tap,10.2%,UPDATE
2026-01-18 00:51:02,Nitro Tap,10.3%,UPDATE
2026-01-18 00:51:29,Nitro Tap,10.4%,UPDATE
2026-01-18 00:53:13,Nitro Tap,10.5%,UPDATE
2026-01-18 00:56:48,Nitro Tap,10.6%,UPDATE
2026-01-18 00:56:59,Law Tap,22.9%,UPDATE
2026-01-18 01:03:29,Nitro Tap,10.7%,UPDATE
2026-01-18 01:07:48,Nitro Tap,10.8%,UPDATE
2026-01-18 01:12:03,Nitro Tap,10.9%,UPDATE
2026-01-18 01:15:37,Nitro Tap,11.0%,UPDATE
2026-01-18 01:19:13,Nitro Tap,11.1%,UPDATE
2026-01-18 01:19:25,Law Tap,22.8%,UPDATE
2026-01-18 01:21:32,Wisco Tap,49.9%,UPDATE
2026-01-18 01:23:49,Nitro Tap,11.2%,UPDATE
2026-01-18 01:28:20,Nitro Tap,11.3%,UPDATE
2026-01-18 01:29:03,Wisco Tap,48.5%,UPDATE
2026-01-18 01:30:18,Wisco Tap,48.6%,UPDATE
2026-01-18 01:31:07,Wisco Tap,50.0%,UPDATE
2026-01-18 01:31:49,Nitro Tap,11.4%,UPDATE
2026-01-18 01:36:41,Nitro Tap,11.5%,UPDATE
2026-01-18 01:39:30,Wisco Tap,50.1%,UPDATE
2026-01-18 01:39:50,Wisco Tap,50.2%,UPDATE
2026-01-18 01:40:06,Wisco Tap,50.3%,UPDATE
2026-01-18 01:40:17,Wisco Tap,50.4%,UPDATE
2026-01-18 01:40:38,Wisco Tap,50.5%,UPDATE
2026-01-18 01:41:05,Wisco Tap,50.6%,UPDATE
2026-01-18 01:41:48,Wisco Tap,50.7%,UPDATE
2026-01-18 01:42:18,Law Tap,22.9%,UPDATE
2026-01-18 01:43:17,Law Tap,23.0%,UPDATE
2026-01-18 01:43:43,Nitro Tap,11.6%,UPDATE
2026-01-18 01:43:57,Wisco Tap,50.8%,UPDATE
2026-01-18 01:45:18,Law Tap,23.1%,UPDATE
2026-01-18 01:45:31,Wisco Tap,50.9%,UPDATE
2026-01-18 01:47:22,Wisco Tap,51.0%,UPDATE
2026-01-18 01:47:36,Nitro Tap,11.7%,UPDATE
2026-01-18 01:48:56,Wisco Tap,51.1%,UPDATE
2026-01-18 01:54:44,Law Tap,23.2%,UPDATE
2026-01-18 01:57:21,Nitro Tap,11.8%,UPDATE
2026-01-18 01:59:47,Nitro Tap,11.9%,UPDATE
2026-01-18 02:00:00,Nitro Tap,11.8%,UPDATE
2026-01-18 02:00:19,Nitro Tap,11.7%,UPDATE
2026-01-18 02:00:34,Nitro Tap,11.6%,UPDATE
2026-01-18 02:00:52,Nitro Tap,11.5%,UPDATE
2026-01-18 02:01:09,Nitro Tap,11.4%,UPDATE
2026-01-18 02:02:30,Nitro Tap,11.3%,UPDATE
2026-01-18 02:03:56,Nitro Tap,11.2%,UPDATE
2026-01-18 02:04:21,Nitro Tap,11.1%,UPDATE
2026-01-18 02:05:30,Nitro Tap,11.0%,UPDATE
2026-01-18 02:07:19,Nitro Tap,10.9%,UPDATE
2026-01-18 02:08:40,Nitro Tap,10.8%,UPDATE
2026-01-18 02:09:31,Nitro Tap,10.7%,UPDATE
2026-01-18 02:10:32,Nitro Tap,10.6%,UPDATE
2026-01-18 02:11:42,Nitro Tap,10.5%,UPDATE
2026-01-18 02:12:52,Nitro Tap,10.4%,UPDATE
2026-01-18 02:14:41,Nitro Tap,10.3%,UPDATE
2026-01-18 02:15:32,Nitro Tap,10.2%,UPDATE
2026-01-18 02:23:57,Nitro Tap,10.48 pts,POUR
2026-01-18 02:24:21,Nitro Tap,10.1%,UPDATE
2026-01-18 02:27:37,Wisco Tap,51.2%,UPDATE
2026-01-18 02:28:38,Nitro Tap,10.2%,UPDATE
2026-01-18 02:28:38,Nitro Tap,10.3%,UPDATE
2026-01-18 02:28:52,Nitro Tap,10.4%,UPDATE
2026-01-18 02:29:19,Nitro Tap,10.3%,UPDATE
2026-01-18 02:29:48,Nitro Tap,10.2%,UPDATE
2026-01-18 02:32:10,Nitro Tap,10.3%,UPDATE
2026-01-18 02:34:35,Nitro Tap,10.4%,UPDATE
2026-01-18 02:40:38,Nitro Tap,10.5%,UPDATE
2026-01-18 02:44:40,Nitro Tap,10.6%,UPDATE
2026-01-18 02:48:39,Nitro Tap,10.7%,UPDATE
2026-01-18 02:52:37,Nitro Tap,10.8%,UPDATE
2026-01-18 02:56:10,Nitro Tap,10.9%,UPDATE
2026-01-18 02:57:58,Wisco Tap,51.1%,UPDATE
2026-01-18 02:59:07,Nitro Tap,11.0%,UPDATE
2026-01-18 03:02:10,Nitro Tap,11.1%,UPDATE
2026-01-18 03:05:55,Nitro Tap,11.2%,UPDATE
2026-01-18 03:09:40,Nitro Tap,11.3%,UPDATE
2026-01-18 03:13:39,Nitro Tap,11.4%,UPDATE
2026-01-18 03:17:41,Nitro Tap,11.5%,UPDATE
2026-01-18 03:21:12,Nitro Tap,11.6%,UPDATE
2026-01-18 03:23:28,Wisco Tap,49.6%,UPDATE
2026-01-18 03:27:20,Wisco Tap,51.1%,UPDATE
2026-01-18 03:27:38,Nitro Tap,11.7%,UPDATE
2026-01-18 03:31:40,Nitro Tap,11.8%,UPDATE
2026-01-18 03:37:39,Nitro Tap,11.9%,UPDATE
2026-01-18 03:43:46,Nitro Tap,12.0%,UPDATE
2026-01-18 03:52:06,Nitro Tap,11.9%,UPDATE
2026-01-18 03:52:24,Nitro Tap,11.8%,UPDATE
2026-01-18 03:52:36,Nitro Tap,11.7%,UPDATE
2026-01-18 03:52:48,Nitro Tap,11.6%,UPDATE
2026-01-18 03:53:06,Nitro Tap,11.5%,UPDATE
2026-01-18 03:53:31,Nitro Tap,11.4%,UPDATE
2026-01-18 03:53:55,Nitro Tap,11.3%,UPDATE
2026-01-18 03:54:29,Nitro Tap,11.2%,UPDATE
2026-01-18 03:54:42,Law Tap,23.3%,UPDATE
2026-01-18 03:55:15,Nitro Tap,11.1%,UPDATE
2026-01-18 03:56:15,Nitro Tap,11.0%,UPDATE
2026-01-18 03:57:40,Nitro Tap,10.9%,UPDATE
2026-01-18 04:01:15,Nitro Tap,10.8%,UPDATE
2026-01-18 04:01:49,Nitro Tap,10.7%,UPDATE
2026-01-18 04:02:40,Nitro Tap,10.6%,UPDATE
2026-01-18 04:03:48,Nitro Tap,10.5%,UPDATE
2026-01-18 04:04:51,Nitro Tap,10.4%,UPDATE
2026-01-18 04:05:43,Nitro Tap,10.3%,UPDATE
2026-01-18 04:07:28,Nitro Tap,10.2%,UPDATE
2026-01-18 04:08:19,Nitro Tap,10.1%,UPDATE
2026-01-18 04:09:18,Nitro Tap,11.43 pts,POUR
2026-01-18 04:11:19,Nitro Tap,10.2%,UPDATE
2026-01-18 04:11:35,Nitro Tap,10.3%,UPDATE
2026-01-18 04:14:21,Nitro Tap,10.4%,UPDATE
2026-01-18 04:15:46,Nitro Tap,10.5%,UPDATE
2026-01-18 04:18:54,Wisco Tap,51.0%,UPDATE
2026-01-18 04:19:33,Nitro Tap,10.6%,UPDATE
2026-01-18 04:24:42,Nitro Tap,10.7%,UPDATE
2026-01-18 04:27:35,Wisco Tap,51.1%,UPDATE
2026-01-18 04:28:34,Wisco Tap,51.0%,UPDATE
2026-01-18 04:30:32,Nitro Tap,10.8%,UPDATE
2026-01-18 04:35:40,Nitro Tap,10.9%,UPDATE
2026-01-18 04:38:16,Nitro Tap,11.0%,UPDATE
2026-01-18 04:42:42,Nitro Tap,11.1%,UPDATE
2026-01-18 04:46:58,Nitro Tap,11.2%,UPDATE
2026-01-18 04:51:30,Nitro Tap,11.3%,UPDATE
2026-01-18 04:52:35,Wisco Tap,51.1%,UPDATE
2026-01-18 04:53:57,Wisco Tap,51.0%,UPDATE
2026-01-18 04:55:49,Nitro Tap,11.4%,UPDATE
2026-01-18 04:59:35,Wisco Tap,51.1%,UPDATE
2026-01-18 05:00:22,Nitro Tap,11.5%,UPDATE
2026-01-18 05:06:21,Nitro Tap,11.6%,UPDATE
2026-01-18 05:08:00,Law Tap,23.4%,UPDATE
2026-01-18 05:09:19,Law Tap,23.3%,UPDATE
2026-01-18 05:10:37,Law Tap,23.4%,UPDATE
2026-01-18 05:11:26,Nitro Tap,11.7%,UPDATE
2026-01-18 05:15:42,Wisco Tap,51.0%,UPDATE
2026-01-18 05:16:50,Nitro Tap,11.8%,UPDATE
2026-01-18 05:24:27,Nitro Tap,11.9%,UPDATE
2026-01-18 05:27:06,Nitro Tap,11.8%,UPDATE
2026-01-18 05:27:09,Nitro Tap,11.7%,UPDATE
2026-01-18 05:27:29,Nitro Tap,11.6%,UPDATE
2026-01-18 05:27:54,Nitro Tap,11.5%,UPDATE
2026-01-18 05:27:59,Nitro Tap,11.4%,UPDATE
2026-01-18 05:28:14,Wisco Tap,50.9%,UPDATE
2026-01-18 05:28:26,Nitro Tap,11.3%,UPDATE
2026-01-18 05:28:27,Nitro Tap,11.2%,UPDATE
2026-01-18 05:30:11,Nitro Tap,11.1%,UPDATE
2026-01-18 05:30:47,Nitro Tap,11.0%,UPDATE
2026-01-18 05:32:06,Nitro Tap,10.9%,UPDATE
2026-01-18 05:34:09,Nitro Tap,10.8%,UPDATE
2026-01-18 05:37:23,Nitro Tap,10.7%,UPDATE
2026-01-18 05:37:49,Nitro Tap,10.6%,UPDATE
2026-01-18 05:38:28,Nitro Tap,10.5%,UPDATE
2026-01-18 05:38:53,Nitro Tap,10.4%,UPDATE
2026-01-18 05:39:29,Nitro Tap,10.3%,UPDATE
2026-01-18 05:41:05,Nitro Tap,10.2%,UPDATE
2026-01-18 05:42:57,Nitro Tap,11.06 pts,POUR
2026-01-18 05:47:48,Nitro Tap,10.3%,UPDATE
2026-01-18 05:48:37,Nitro Tap,10.4%,UPDATE
2026-01-18 05:49:35,Nitro Tap,10.5%,UPDATE
2026-01-18 05:51:31,Nitro Tap,10.6%,UPDATE
2026-01-18 05:53:36,Wisco Tap,51.0%,UPDATE
2026-01-18 05:57:19,Nitro Tap,10.7%,UPDATE
2026-01-18 06:02:35,Nitro Tap,10.8%,UPDATE
2026-01-18 06:07:27,Nitro Tap,10.9%,UPDATE
2026-01-18 06:11:09,Nitro Tap,11.0%,UPDATE
2026-01-18 06:12:48,Wisco Tap,51.1%,UPDATE
2026-01-18 06:15:39,Nitro Tap,11.1%,UPDATE
2026-01-18 06:18:56,Nitro Tap,11.2%,UPDATE
2026-01-18 06:23:46,Nitro Tap,11.3%,UPDATE
2026-01-18 06:26:44,Wisco Tap,51.2%,UPDATE
2026-01-18 06:28:11,Nitro Tap,11.4%,UPDATE
2026-01-18 06:31:59,Nitro Tap,11.5%,UPDATE
2026-01-18 06:39:13,Nitro Tap,11.6%,UPDATE
2026-01-18 06:40:21,Wisco Tap,51.1%,UPDATE
2026-01-18 06:41:54,Nitro Tap,11.7%,UPDATE
2026-01-18 06:47:46,Nitro Tap,11.8%,UPDATE
2026-01-18 06:51:30,Wisco Tap,51.0%,UPDATE
2026-01-18 06:55:33,Nitro Tap,11.9%,UPDATE
2026-01-18 07:00:42,Nitro Tap,11.8%,UPDATE
2026-01-18 07:00:55,Nitro Tap,11.7%,UPDATE
2026-01-18 07:01:10,Nitro Tap,11.6%,UPDATE
2026-01-18 07:01:30,Nitro Tap,11.5%,UPDATE
2026-01-18 07:01:50,Nitro Tap,11.4%,UPDATE
2026-01-18 07:02:16,Nitro Tap,11.3%,UPDATE
2026-01-18 07:02:51,Nitro Tap,11.2%,UPDATE
2026-01-18 07:04:12,Nitro Tap,11.1%,UPDATE
2026-01-18 07:05:14,Nitro Tap,11.0%,UPDATE
2026-01-18 07:07:05,Nitro Tap,10.9%,UPDATE
2026-01-18 07:09:03,Nitro Tap,10.8%,UPDATE
2026-01-18 07:10:17,Nitro Tap,10.7%,UPDATE
2026-01-18 07:12:10,Nitro Tap,10.6%,UPDATE
2026-01-18 07:12:50,Nitro Tap,10.5%,UPDATE
2026-01-18 07:13:50,Nitro Tap,10.4%,UPDATE
2026-01-18 07:14:15,Nitro Tap,10.3%,UPDATE
2026-01-18 07:15:17,Nitro Tap,10.2%,UPDATE
2026-01-18 07:16:07,Nitro Tap,10.42 pts,POUR
2026-01-18 07:28:24,Nitro Tap,10.1%,UPDATE
2026-01-18 07:31:55,Nitro Tap,10.2%,UPDATE
2026-01-18 07:32:49,Nitro Tap,10.3%,UPDATE
2026-01-18 07:35:03,Nitro Tap,10.4%,UPDATE
2026-01-18 07:42:08,Nitro Tap,10.5%,UPDATE
2026-01-18 07:44:56,Nitro Tap,10.6%,UPDATE
2026-01-18 07:48:03,Law Tap,23.3%,UPDATE
2026-01-18 07:48:15,Nitro Tap,10.7%,UPDATE
2026-01-18 07:52:10,Nitro Tap,10.8%,UPDATE
2026-01-18 07:54:35,Wisco Tap,50.9%,UPDATE
2026-01-18 07:55:09,Law Tap,23.4%,UPDATE
2026-01-18 07:55:45,Nitro Tap,10.9%,UPDATE
2026-01-18 07:59:27,Nitro Tap,11.0%,UPDATE
2026-01-18 08:03:37,Nitro Tap,11.1%,UPDATE
2026-01-18 08:05:57,Nitro Tap,11.2%,UPDATE
2026-01-18 08:07:36,Wisco Tap,50.8%,UPDATE
2026-01-18 08:09:22,Nitro Tap,11.3%,UPDATE
2026-01-18 08:12:22,Law Tap,23.3%,UPDATE
2026-01-18 08:13:58,Nitro Tap,11.4%,UPDATE
2026-01-18 08:18:57,Nitro Tap,11.5%,UPDATE
2026-01-18 08:20:18,Wisco Tap,50.7%,UPDATE
2026-01-18 08:20:40,Wisco Tap,50.6%,UPDATE
2026-01-18 08:20:58,Wisco Tap,50.5%,UPDATE
2026-01-18 08:21:16,Wisco Tap,50.4%,UPDATE
2026-01-18 08:21:39,Wisco Tap,50.3%,UPDATE
2026-01-18 08:21:57,Wisco Tap,50.2%,UPDATE
2026-01-18 08:22:47,Wisco Tap,50.1%,UPDATE
2026-01-18 08:23:02,Law Tap,23.2%,UPDATE
2026-01-18 08:23:14,Wisco Tap,50.0%,UPDATE
2026-01-18 08:23:50,Wisco Tap,49.9%,UPDATE
2026-01-18 08:24:02,Law Tap,23.1%,UPDATE
2026-01-18 08:24:26,Wisco Tap,49.8%,UPDATE
2026-01-18 08:25:18,Wisco Tap,49.7%,UPDATE
2026-01-18 08:25:29,Law Tap,23.0%,UPDATE
2026-01-18 08:26:00,Nitro Tap,11.6%,UPDATE
2026-01-18 08:27:05,Wisco Tap,49.6%,UPDATE
2026-01-18 08:27:57,Nitro Tap,11.7%,UPDATE
2026-01-18 08:28:59,Law Tap,22.9%,UPDATE
2026-01-18 08:29:15,Wisco Tap,49.5%,UPDATE
2026-01-18 08:30:17,Nitro Tap,11.8%,UPDATE
2026-01-18 08:30:54,Wisco Tap,49.4%,UPDATE
2026-01-18 08:31:47,Wisco Tap,8.05 pts,POUR
2026-01-18 08:35:50,Nitro Tap,11.9%,UPDATE
2026-01-18 08:37:13,Wisco Tap,49.3%,UPDATE
2026-01-18 08:41:16,Wisco Tap,49.2%,UPDATE
2026-01-18 08:48:03,Law Tap,22.8%,UPDATE
2026-01-18 08:49:48,Law Tap,22.9%,UPDATE
2026-01-18 08:52:11,Nitro Tap,11.8%,UPDATE
2026-01-18 08:52:31,Nitro Tap,11.7%,UPDATE
2026-01-18 08:52:44,Nitro Tap,11.6%,UPDATE
2026-01-18 08:53:02,Nitro Tap,11.5%,UPDATE
2026-01-18 08:53:15,Nitro Tap,11.4%,UPDATE
2026-01-18 08:53:41,Nitro Tap,11.3%,UPDATE
2026-01-18 08:54:23,Nitro Tap,11.2%,UPDATE
2026-01-18 08:54:51,Nitro Tap,11.1%,UPDATE
2026-01-18 08:55:26,Nitro Tap,11.0%,UPDATE
2026-01-18 08:55:50,Wisco Tap,49.3%,UPDATE
2026-01-18 08:56:26,Nitro Tap,10.9%,UPDATE
2026-01-18 08:58:25,Nitro Tap,10.8%,UPDATE
2026-01-18 09:00:32,Law Tap,22.8%,UPDATE
2026-01-18 09:01:18,Nitro Tap,10.7%,UPDATE
2026-01-18 09:02:31,Nitro Tap,10.6%,UPDATE
2026-01-18 09:03:25,Nitro Tap,10.5%,UPDATE
2026-01-18 09:03:49,Wisco Tap,49.4%,UPDATE
2026-01-18 09:04:26,Nitro Tap,10.4%,UPDATE
2026-01-18 09:05:08,Nitro Tap,10.3%,UPDATE
2026-01-18 09:06:26,Nitro Tap,10.2%,UPDATE
2026-01-18 09:07:23,Nitro Tap,10.1%,UPDATE
2026-01-18 09:10:33,Nitro Tap,11.84 pts,POUR
2026-01-18 09:12:01,Nitro Tap,10.0%,UPDATE
2026-01-18 09:12:05,Nitro Tap,10.1%,UPDATE
2026-01-18 09:12:06,Nitro Tap,10.2%,UPDATE
2026-01-18 09:12:18,Nitro Tap,10.3%,UPDATE
2026-01-18 09:12:24,Nitro Tap,10.4%,UPDATE
2026-01-18 09:12:39,Nitro Tap,10.3%,UPDATE
2026-01-18 09:14:18,Nitro Tap,10.2%,UPDATE
2026-01-18 09:15:31,Nitro Tap,10.3%,UPDATE
2026-01-18 09:16:22,Nitro Tap,10.4%,UPDATE
2026-01-18 09:19:32,Nitro Tap,10.5%,UPDATE
2026-01-18 09:19:51,Law Tap,22.7%,UPDATE
2026-01-18 09:23:46,Nitro Tap,10.6%,UPDATE
2026-01-18 09:30:13,Nitro Tap,10.7%,UPDATE
2026-01-18 09:34:39,Nitro Tap,10.8%,UPDATE
2026-01-18 09:37:39,Nitro Tap,10.9%,UPDATE
2026-01-18 09:41:23,Nitro Tap,11.0%,UPDATE
2026-01-18 09:44:06,Law Tap,22.6%,UPDATE
2026-01-18 09:44:23,Wisco Tap,49.5%,UPDATE
2026-01-18 09:45:28,Nitro Tap,11.1%,UPDATE
2026-01-18 09:48:54,Nitro Tap,11.2%,UPDATE
2026-01-18 09:52:31,Nitro Tap,11.3%,UPDATE
2026-01-18 09:56:28,Wisco Tap,49.6%,UPDATE
2026-01-18 09:56:52,Wisco Tap,49.7%,UPDATE
2026-01-18 09:57:07,Wisco Tap,49.8%,UPDATE
2026-01-18 09:57:22,Wisco Tap,49.9%,UPDATE
2026-01-18 09:57:35,Wisco Tap,50.0%,UPDATE
2026-01-18 09:57:57,Wisco Tap,50.1%,UPDATE
2026-01-18 09:58:39,Wisco Tap,50.2%,UPDATE
2026-01-18 09:58:54,Law Tap,22.7%,UPDATE
2026-01-18 09:59:06,Nitro Tap,11.4%,UPDATE
2026-01-18 09:59:39,Wisco Tap,50.3%,UPDATE
2026-01-18 09:59:41,Wisco Tap,50.4%,UPDATE
2026-01-18 10:00:51,Law Tap,22.8%,UPDATE
2026-01-18 10:01:16,Wisco Tap,50.5%,UPDATE
2026-01-18 10:02:30,Wisco Tap,50.6%,UPDATE
2026-01-18 10:02:41,Nitro Tap,11.5%,UPDATE
2026-01-18 10:03:32,Law Tap,22.9%,UPDATE
2026-01-18 10:03:46,Wisco Tap,50.7%,UPDATE
2026-01-18 10:09:40,Nitro Tap,11.6%,UPDATE
2026-01-18 10:13:28,Nitro Tap,11.7%,UPDATE
2026-01-18 10:20:09,Nitro Tap,11.8%,UPDATE
2026-01-18 10:22:48,Nitro Tap,11.7%,UPDATE
2026-01-18 10:23:08,Nitro Tap,11.6%,UPDATE
2026-01-18 10:23:26,Nitro Tap,11.5%,UPDATE
2026-01-18 10:23:39,Nitro Tap,11.4%,UPDATE
2026-01-18 10:24:09,Nitro Tap,11.3%,UPDATE
2026-01-18 10:24:50,Nitro Tap,11.2%,UPDATE
2026-01-18 10:25:23,Nitro Tap,11.1%,UPDATE
2026-01-18 10:26:49,Nitro Tap,11.0%,UPDATE
2026-01-18 10:27:52,Wisco Tap,50.6%,UPDATE
2026-01-18 10:28:49,Nitro Tap,10.9%,UPDATE
2026-01-18 10:29:50,Nitro Tap,10.8%,UPDATE
2026-01-18 10:30:59,Nitro Tap,10.7%,UPDATE
2026-01-18 10:32:35,Nitro Tap,10.6%,UPDATE
2026-01-18 10:34:02,Nitro Tap,10.5%,UPDATE
2026-01-18 10:34:36,Nitro Tap,10.4%,UPDATE
2026-01-18 10:35:03,Nitro Tap,10.3%,UPDATE
2026-01-18 10:35:37,Nitro Tap,10.2%,UPDATE
2026-01-18 10:37:50,Nitro Tap,9.44 pts,POUR
2026-01-18 10:38:33,Law Tap,23.0%,UPDATE
2026-01-18 10:43:51,Nitro Tap,10.1%,UPDATE
2026-01-18 10:51:54,Nitro Tap,10.2%,UPDATE
2026-01-18 10:57:27,Nitro Tap,10.3%,UPDATE
2026-01-18 10:58:23,Nitro Tap,10.4%,UPDATE
2026-01-18 11:06:53,Nitro Tap,10.5%,UPDATE
2026-01-18 11:09:22,Nitro Tap,10.6%,UPDATE
2026-01-18 11:14:08,Nitro Tap,10.7%,UPDATE
2026-01-18 11:14:53,Wisco Tap,50.5%,UPDATE
2026-01-18 11:16:02,Nitro Tap,10.8%,UPDATE
2026-01-18 11:16:59,Law Tap,23.1%,UPDATE
2026-01-18 11:19:12,Nitro Tap,10.9%,UPDATE
2026-01-18 11:23:58,Nitro Tap,11.0%,UPDATE
2026-01-18 11:25:40,Nitro Tap,11.1%,UPDATE
2026-01-18 11:28:58,Nitro Tap,11.2%,UPDATE
2026-01-18 11:32:58,Nitro Tap,11.3%,UPDATE
2026-01-18 11:37:17,Nitro Tap,11.4%,UPDATE
2026-01-18 11:41:20,Nitro Tap,11.5%,UPDATE
2026-01-18 11:45:00,Nitro Tap,11.6%,UPDATE
2026-01-18 11:48:58,Nitro Tap,11.7%,UPDATE
2026-01-18 11:54:44,Nitro Tap,11.8%,UPDATE
2026-01-18 11:59:47,Nitro Tap,11.9%,UPDATE
2026-01-18 12:07:58,Nitro Tap,12.0%,UPDATE
2026-01-18 12:09:03,Wisco Tap,50.4%,UPDATE
2026-01-18 12:10:31,Nitro Tap,11.9%,UPDATE
2026-01-18 12:10:45,Nitro Tap,11.8%,UPDATE
2026-01-18 12:10:53,Nitro Tap,11.7%,UPDATE
2026-01-18 12:11:01,Nitro Tap,11.6%,UPDATE
2026-01-18 12:11:15,Nitro Tap,11.5%,UPDATE
2026-01-18 12:11:34,Nitro Tap,11.4%,UPDATE
2026-01-18 12:11:54,Nitro Tap,11.3%,UPDATE
2026-01-18 12:12:31,Nitro Tap,11.2%,UPDATE
2026-01-18 12:13:01,Nitro Tap,11.1%,UPDATE
2026-01-18 12:13:40,Nitro Tap,11.0%,UPDATE
2026-01-18 12:16:18,Nitro Tap,10.9%,UPDATE
2026-01-18 12:17:12,Nitro Tap,10.8%,UPDATE
2026-01-18 12:19:20,Law Tap,23.2%,UPDATE
2026-01-18 12:20:07,Nitro Tap,10.7%,UPDATE
2026-01-18 12:20:35,Nitro Tap,10.6%,UPDATE
2026-01-18 12:21:32,Nitro Tap,10.5%,UPDATE
2026-01-18 12:22:22,Nitro Tap,10.4%,UPDATE
2026-01-18 12:22:53,Nitro Tap,10.3%,UPDATE
2026-01-18 12:23:29,Nitro Tap,10.2%,UPDATE
2026-01-18 12:25:33,Nitro Tap,10.1%,UPDATE
2026-01-18 12:26:55,Nitro Tap,10.2%,UPDATE
2026-01-18 12:27:49,Nitro Tap,11.33 pts,POUR
2026-01-18 12:29:49,Nitro Tap,10.1%,UPDATE
2026-01-18 12:31:33,Wisco Tap,50.5%,UPDATE
2026-01-18 12:39:23,Nitro Tap,10.0%,UPDATE
2026-01-18 12:39:24,Nitro Tap,10.1%,UPDATE
2026-01-18 12:39:46,Nitro Tap,10.2%,UPDATE
2026-01-18 12:41:05,Nitro Tap,10.1%,UPDATE
2026-01-18 12:42:28,Nitro Tap,10.2%,UPDATE
2026-01-18 12:45:25,Nitro Tap,10.3%,UPDATE
2026-01-18 12:47:50,Nitro Tap,10.4%,UPDATE
2026-01-18 12:53:36,Nitro Tap,10.5%,UPDATE
2026-01-18 12:57:55,Nitro Tap,10.6%,UPDATE
2026-01-18 13:02:14,Nitro Tap,10.7%,UPDATE
2026-01-18 13:04:32,Nitro Tap,10.8%,UPDATE
2026-01-18 13:07:41,Nitro Tap,10.9%,UPDATE
2026-01-18 13:12:01,Nitro Tap,11.0%,UPDATE
2026-01-18 13:14:33,Nitro Tap,11.1%,UPDATE
2026-01-18 13:17:53,Nitro Tap,11.2%,UPDATE
2026-01-18 13:23:17,Nitro Tap,11.3%,UPDATE
2026-01-18 13:26:26,Nitro Tap,11.4%,UPDATE
2026-01-18 13:29:15,Wisco Tap,50.6%,UPDATE
2026-01-18 13:29:27,Law Tap,23.3%,UPDATE
2026-01-18 13:31:35,Nitro Tap,11.5%,UPDATE
2026-01-18 13:34:52,Nitro Tap,11.6%,UPDATE
2026-01-18 13:39:42,Nitro Tap,11.7%,UPDATE
2026-01-18 13:44:29,Nitro Tap,11.8%,UPDATE
2026-01-18 13:50:40,Nitro Tap,11.9%,UPDATE
2026-01-18 13:59:08,Nitro Tap,11.8%,UPDATE
2026-01-18 13:59:16,Nitro Tap,11.7%,UPDATE
2026-01-18 13:59:24,Nitro Tap,11.6%,UPDATE
2026-01-18 13:59:34,Nitro Tap,11.5%,UPDATE
2026-01-18 13:59:54,Nitro Tap,11.4%,UPDATE
2026-01-18 14:00:10,Nitro Tap,11.3%,UPDATE
2026-01-18 14:00:51,Nitro Tap,11.2%,UPDATE
2026-01-18 14:01:16,Nitro Tap,11.1%,UPDATE
2026-01-18 14:02:40,Nitro Tap,11.0%,UPDATE
2026-01-18 14:04:19,Nitro Tap,10.9%,UPDATE
2026-01-18 14:05:09,Nitro Tap,10.8%,UPDATE
2026-01-18 14:07:39,Nitro Tap,10.7%,UPDATE
2026-01-18 14:10:20,Nitro Tap,10.6%,UPDATE
2026-01-18 14:10:51,Nitro Tap,10.5%,UPDATE
2026-01-18 14:11:15,Nitro Tap,10.4%,UPDATE
2026-01-18 14:11:17,Nitro Tap,10.3%,UPDATE
2026-01-18 14:11:45,Nitro Tap,10.2%,UPDATE
2026-01-18 14:11:55,Law Tap,23.4%,UPDATE
2026-01-18 14:12:42,Nitro Tap,10.1%,UPDATE
2026-01-18 14:18:54,Nitro Tap,11.43 pts,POUR
2026-01-18 14:23:17,Wisco Tap,50.7%,UPDATE
2026-01-18 14:27:46,Wisco Tap,50.6%,UPDATE
2026-01-18 14:27:59,Wisco Tap,50.5%,UPDATE
2026-01-18 14:28:09,Wisco Tap,50.4%,UPDATE
2026-01-18 14:28:21,Wisco Tap,50.3%,UPDATE
2026-01-18 14:28:31,Wisco Tap,50.2%,UPDATE
2026-01-18 14:28:48,Wisco Tap,50.1%,UPDATE
2026-01-18 14:29:09,Wisco Tap,50.0%,UPDATE
2026-01-18 14:29:37,Wisco Tap,49.9%,UPDATE
2026-01-18 14:30:23,Wisco Tap,49.8%,UPDATE
2026-01-18 14:31:08,Wisco Tap,49.7%,UPDATE
2026-01-18 14:31:22,Law Tap,23.3%,UPDATE
2026-01-18 14:31:45,Nitro Tap,10.2%,UPDATE
2026-01-18 14:31:58,Law Tap,23.2%,UPDATE
2026-01-18 14:32:13,Wisco Tap,49.6%,UPDATE
2026-01-18 14:32:25,Law Tap,23.1%,UPDATE
2026-01-18 14:32:39,Wisco Tap,49.5%,UPDATE
2026-01-18 14:32:52,Law Tap,23.0%,UPDATE
2026-01-18 14:33:17,Wisco Tap,49.4%,UPDATE
2026-01-18 14:34:37,Nitro Tap,10.3%,UPDATE
2026-01-18 14:35:58,Law Tap,22.9%,UPDATE
2026-01-18 14:35:58,Law Tap,2.67 pts,POUR
2026-01-18 14:36:43,Wisco Tap,49.3%,UPDATE
2026-01-18 14:39:39,Nitro Tap,10.4%,UPDATE
2026-01-18 14:40:38,Wisco Tap,8.42 pts,POUR
2026-01-18 14:42:53,Nitro Tap,10.5%,UPDATE
2026-01-18 14:43:34,Wisco Tap,49.2%,UPDATE
2026-01-18 14:46:56,Nitro Tap,10.6%,UPDATE
2026-01-18 14:49:09,Nitro Tap,10.7%,UPDATE
2026-01-18 14:52:42,Nitro Tap,10.8%,UPDATE
2026-01-18 14:56:16,Nitro Tap,10.9%,UPDATE
2026-01-18 14:56:28,Wisco Tap,49.3%,UPDATE
2026-01-18 15:00:18,Nitro Tap,11.0%,UPDATE
2026-01-18 15:04:01,Nitro Tap,11.1%,UPDATE
2026-01-18 15:06:28,Nitro Tap,11.2%,UPDATE
2026-01-18 15:09:04,Law Tap,22.8%,UPDATE
2026-01-18 15:10:53,Nitro Tap,11.3%,UPDATE
2026-01-18 15:15:04,Nitro Tap,11.4%,UPDATE
2026-01-18 15:18:40,Nitro Tap,11.5%,UPDATE
2026-01-18 15:24:20,Nitro Tap,11.6%,UPDATE
2026-01-18 15:26:46,Nitro Tap,11.7%,UPDATE
2026-01-18 15:28:08,Law Tap,22.7%,UPDATE
2026-01-18 15:31:58,Nitro Tap,11.8%,UPDATE
2026-01-18 15:38:27,Nitro Tap,11.9%,UPDATE
2026-01-18 15:47:06,Nitro Tap,11.8%,UPDATE
2026-01-18 15:47:08,Nitro Tap,11.7%,UPDATE
2026-01-18 15:47:16,Nitro Tap,11.6%,UPDATE
2026-01-18 15:47:26,Nitro Tap,11.5%,UPDATE
2026-01-18 15:47:38,Nitro Tap,11.4%,UPDATE
2026-01-18 15:48:02,Nitro Tap,11.3%,UPDATE
2026-01-18 15:48:45,Nitro Tap,11.2%,UPDATE
2026-01-18 15:49:43,Nitro Tap,11.1%,UPDATE
2026-01-18 15:50:14,Wisco Tap,49.4%,UPDATE
2026-01-18 15:50:34,Nitro Tap,11.0%,UPDATE
2026-01-18 15:51:38,Nitro Tap,10.9%,UPDATE
2026-01-18 15:52:39,Nitro Tap,10.8%,UPDATE
2026-01-18 15:52:54,Law Tap,22.6%,UPDATE
2026-01-18 15:55:00,Nitro Tap,10.7%,UPDATE
2026-01-18 15:56:11,Nitro Tap,10.6%,UPDATE
2026-01-18 15:57:53,Nitro Tap,10.5%,UPDATE
2026-01-18 15:58:02,Nitro Tap,10.4%,UPDATE
2026-01-18 15:59:07,Nitro Tap,10.3%,UPDATE
2026-01-18 15:59:33,Nitro Tap,10.2%,UPDATE
2026-01-18 16:01:03,Nitro Tap,10.1%,UPDATE
2026-01-18 16:04:46,Law Tap,22.7%,UPDATE
2026-01-18 16:05:16,Wisco Tap,49.5%,UPDATE
2026-01-18 16:05:36,Wisco Tap,49.6%,UPDATE
2026-01-18 16:05:48,Wisco Tap,49.7%,UPDATE
2026-01-18 16:06:10,Wisco Tap,49.8%,UPDATE
2026-01-18 16:06:38,Wisco Tap,49.9%,UPDATE
2026-01-18 16:07:08,Wisco Tap,50.0%,UPDATE
2026-01-18 16:07:56,Wisco Tap,50.1%,UPDATE
2026-01-18 16:08:48,Law Tap,22.8%,UPDATE
2026-01-18 16:09:16,Wisco Tap,50.2%,UPDATE
2026-01-18 16:09:57,Law Tap,22.9%,UPDATE
2026-01-18 16:11:05,Wisco Tap,50.3%,UPDATE
2026-01-18 16:11:34,Nitro Tap,10.0%,UPDATE
2026-01-18 16:12:59,Wisco Tap,50.4%,UPDATE
2026-01-18 16:13:56,Law Tap,23.0%,UPDATE
2026-01-18 16:15:54,Nitro Tap,10.1%,UPDATE
2026-01-18 16:16:17,Nitro Tap,10.2%,UPDATE
2026-01-18 16:16:44,Wisco Tap,50.5%,UPDATE
2026-01-18 16:17:28,Nitro Tap,10.1%,UPDATE
2026-01-18 16:20:00,Nitro Tap,10.2%,UPDATE
2026-01-18 16:22:14,Nitro Tap,10.3%,UPDATE
2026-01-18 16:22:43,Nitro Tap,10.25 pts,POUR
2026-01-18 16:27:51,Nitro Tap,10.4%,UPDATE
2026-01-18 16:28:19,Wisco Tap,50.6%,UPDATE
2026-01-18 16:29:56,Law Tap,23.1%,UPDATE
2026-01-18 16:31:53,Nitro Tap,10.5%,UPDATE
2026-01-18 16:32:45,Wisco Tap,50.5%,UPDATE
2026-01-18 16:35:49,Nitro Tap,10.6%,UPDATE
2026-01-18 16:38:24,Nitro Tap,10.7%,UPDATE
2026-01-18 16:41:40,Nitro Tap,10.8%,UPDATE
2026-01-18 16:46:44,Nitro Tap,10.9%,UPDATE
2026-01-18 16:48:43,Nitro Tap,11.0%,UPDATE
2026-01-18 16:52:03,Nitro Tap,11.1%,UPDATE
2026-01-18 16:53:12,Wisco Tap,50.4%,UPDATE
2026-01-18 16:55:50,Nitro Tap,11.2%,UPDATE
2026-01-18 16:59:04,Nitro Tap,11.3%,UPDATE
2026-01-18 17:02:34,Nitro Tap,11.4%,UPDATE
2026-01-18 17:09:34,Nitro Tap,11.5%,UPDATE
2026-01-18 17:14:44,Nitro Tap,11.6%,UPDATE
2026-01-18 17:17:02,Nitro Tap,11.7%,UPDATE
2026-01-18 17:20:37,Nitro Tap,11.8%,UPDATE
2026-01-18 17:27:50,Law Tap,23.2%,UPDATE
2026-01-18 17:28:36,Nitro Tap,11.9%,UPDATE
2026-01-18 17:33:45,Nitro Tap,11.8%,UPDATE
2026-01-18 17:33:59,Nitro Tap,11.7%,UPDATE
2026-01-18 17:34:09,Nitro Tap,11.6%,UPDATE
2026-01-18 17:34:34,Nitro Tap,11.5%,UPDATE
2026-01-18 17:34:51,Nitro Tap,11.4%,UPDATE
2026-01-18 17:35:16,Nitro Tap,11.3%,UPDATE
2026-01-18 17:36:22,Nitro Tap,11.2%,UPDATE
2026-01-18 17:36:48,Nitro Tap,11.1%,UPDATE
2026-01-18 17:37:13,Nitro Tap,11.0%,UPDATE
2026-01-18 17:38:03,Nitro Tap,10.9%,UPDATE
2026-01-18 17:39:22,Nitro Tap,10.8%,UPDATE
2026-01-18 17:42:58,Nitro Tap,10.7%,UPDATE
2026-01-18 17:44:37,Nitro Tap,10.6%,UPDATE
2026-01-18 17:45:02,Nitro Tap,10.5%,UPDATE
2026-01-18 17:45:09,Nitro Tap,10.4%,UPDATE
2026-01-18 17:45:46,Nitro Tap,10.3%,UPDATE
2026-01-18 17:47:13,Nitro Tap,10.2%,UPDATE
2026-01-18 17:48:04,Nitro Tap,10.1%,UPDATE
2026-01-18 17:52:26,Nitro Tap,11.33 pts,POUR
2026-01-18 17:56:59,Nitro Tap,10.0%,UPDATE
2026-01-18 18:02:28,Law Tap,23.3%,UPDATE
2026-01-18 18:03:08,Nitro Tap,10.1%,UPDATE
2026-01-18 18:03:19,Nitro Tap,10.2%,UPDATE
2026-01-18 18:03:45,Nitro Tap,10.1%,UPDATE
2026-01-18 18:07:39,Nitro Tap,10.2%,UPDATE
2026-01-18 18:09:21,Nitro Tap,10.3%,UPDATE
2026-01-18 18:15:58,Nitro Tap,10.4%,UPDATE
2026-01-18 18:19:21,Nitro Tap,10.5%,UPDATE
2026-01-18 18:23:42,Nitro Tap,10.6%,UPDATE
2026-01-18 18:27:06,Nitro Tap,10.7%,UPDATE
2026-01-18 18:29:21,Nitro Tap,10.8%,UPDATE
2026-01-18 18:32:33,Nitro Tap,10.9%,UPDATE
2026-01-18 18:33:57,Law Tap,23.4%,UPDATE
2026-01-18 18:35:44,Nitro Tap,11.0%,UPDATE
2026-01-18 18:40:32,Nitro Tap,11.1%,UPDATE
2026-01-18 18:43:23,Nitro Tap,11.2%,UPDATE
2026-01-18 18:46:09,Nitro Tap,11.3%,UPDATE
2026-01-18 18:49:43,Nitro Tap,11.4%,UPDATE
2026-01-18 18:53:48,Nitro Tap,11.5%,UPDATE
2026-01-18 18:58:13,Nitro Tap,11.6%,UPDATE
2026-01-18 19:03:22,Nitro Tap,11.7%,UPDATE
2026-01-18 19:07:44,Nitro Tap,11.8%,UPDATE
2026-01-18 19:09:32,Wisco Tap,50.5%,UPDATE
2026-01-18 19:14:45,Nitro Tap,11.9%,UPDATE
2026-01-18 19:20:23,Nitro Tap,11.8%,UPDATE
2026-01-18 19:20:42,Nitro Tap,11.7%,UPDATE
2026-01-18 19:20:54,Nitro Tap,11.6%,UPDATE
2026-01-18 19:21:11,Nitro Tap,11.5%,UPDATE
2026-01-18 19:21:28,Nitro Tap,11.4%,UPDATE
2026-01-18 19:21:54,Nitro Tap,11.3%,UPDATE
2026-01-18 19:23:46,Nitro Tap,11.2%,UPDATE
2026-01-18 19:24:11,Nitro Tap,11.1%,UPDATE
2026-01-18 19:24:44,Nitro Tap,11.0%,UPDATE
2026-01-18 19:25:10,Nitro Tap,10.9%,UPDATE
2026-01-18 19:26:09,Nitro Tap,10.8%,UPDATE
2026-01-18 19:27:59,Nitro Tap,10.7%,UPDATE
2026-01-18 19:30:05,Nitro Tap,10.6%,UPDATE
2026-01-18 19:30:43,Wisco Tap,50.6%,UPDATE
2026-01-18 19:30:56,Nitro Tap,10.5%,UPDATE
2026-01-18 19:32:22,Nitro Tap,10.4%,UPDATE
2026-01-18 19:33:11,Nitro Tap,10.3%,UPDATE
2026-01-18 19:33:50,Nitro Tap,10.2%,UPDATE
2026-01-18 19:34:43,Wisco Tap,50.5%,UPDATE
2026-01-18 19:37:39,Nitro Tap,10.1%,UPDATE
2026-01-18 19:38:35,Nitro Tap,10.0%,UPDATE
2026-01-18 19:49:07,Nitro Tap,10.1%,UPDATE
2026-01-18 19:49:22,Nitro Tap,10.2%,UPDATE
2026-01-18 19:50:23,Nitro Tap,10.1%,UPDATE
2026-01-18 19:52:56,Nitro Tap,10.2%,UPDATE
2026-01-18 19:55:37,Nitro Tap,10.3%,UPDATE
2026-01-18 19:56:02,Nitro Tap,9.67 pts,POUR
2026-01-18 19:56:54,Wisco Tap,50.6%,UPDATE
2026-01-18 20:00:44,Law Tap,23.5%,UPDATE
2026-01-18 20:02:14,Nitro Tap,10.4%,UPDATE
2026-01-18 20:06:07,Nitro Tap,10.5%,UPDATE
2026-01-18 20:09:32,Nitro Tap,10.6%,UPDATE
2026-01-18 20:10:48,Law Tap,23.4%,UPDATE
2026-01-18 20:11:25,Wisco Tap,50.7%,UPDATE
2026-01-18 20:13:38,Nitro Tap,10.7%,UPDATE
2026-01-18 20:15:36,Nitro Tap,10.8%,UPDATE
2026-01-18 20:19:08,Nitro Tap,10.9%,UPDATE
2026-01-18 20:20:50,Law Tap,23.5%,UPDATE
2026-01-18 20:23:38,Nitro Tap,11.0%,UPDATE
2026-01-18 20:25:35,Nitro Tap,11.1%,UPDATE
2026-01-18 20:31:11,Nitro Tap,11.2%,UPDATE
2026-01-18 20:33:45,Nitro Tap,11.3%,UPDATE
2026-01-18 20:37:07,Nitro Tap,11.4%,UPDATE
2026-01-18 20:39:12,Wisco Tap,50.6%,UPDATE
2026-01-18 20:39:12,Wisco Tap,50.7%,UPDATE
2026-01-18 20:39:20,Wisco Tap,50.6%,UPDATE
2026-01-18 20:39:46,Wisco Tap,50.5%,UPDATE
2026-01-18 20:39:56,Wisco Tap,50.4%,UPDATE
2026-01-18 20:40:10,Wisco Tap,50.3%,UPDATE
2026-01-18 20:40:24,Wisco Tap,50.2%,UPDATE
2026-01-18 20:40:37,Wisco Tap,50.1%,UPDATE
2026-01-18 20:41:00,Wisco Tap,50.0%,UPDATE
2026-01-18 20:41:30,Wisco Tap,49.9%,UPDATE
2026-01-18 20:42:22,Nitro Tap,11.5%,UPDATE
2026-01-18 20:42:32,Wisco Tap,49.8%,UPDATE
2026-01-18 20:42:57,Law Tap,23.4%,UPDATE
2026-01-18 20:43:09,Wisco Tap,49.7%,UPDATE
2026-01-18 20:43:23,Law Tap,23.3%,UPDATE
2026-01-18 20:43:43,Wisco Tap,49.6%,UPDATE
2026-01-18 20:43:55,Law Tap,23.2%,UPDATE
2026-01-18 20:44:08,Wisco Tap,49.5%,UPDATE
2026-01-18 20:44:43,Law Tap,23.1%,UPDATE
2026-01-18 20:46:04,Wisco Tap,49.4%,UPDATE
2026-01-18 20:46:16,Law Tap,2.71 pts,POUR
2026-01-18 20:48:37,Wisco Tap,49.3%,UPDATE
2026-01-18 20:49:15,Nitro Tap,11.6%,UPDATE
2026-01-18 20:50:49,Nitro Tap,11.7%,UPDATE
2026-01-18 20:51:02,Wisco Tap,7.91 pts,POUR
2026-01-18 20:55:04,Law Tap,23.0%,UPDATE
2026-01-18 20:56:16,Nitro Tap,11.8%,UPDATE
2026-01-18 21:02:17,Nitro Tap,11.9%,UPDATE
2026-01-18 21:07:01,Nitro Tap,11.8%,UPDATE
2026-01-18 21:07:15,Nitro Tap,11.7%,UPDATE
2026-01-18 21:07:24,Nitro Tap,11.6%,UPDATE
2026-01-18 21:07:33,Nitro Tap,11.5%,UPDATE
2026-01-18 21:07:50,Nitro Tap,11.4%,UPDATE
2026-01-18 21:08:13,Nitro Tap,11.3%,UPDATE
2026-01-18 21:08:47,Nitro Tap,11.2%,UPDATE
2026-01-18 21:09:03,Nitro Tap,11.1%,UPDATE
2026-01-18 21:09:42,Wisco Tap,49.4%,UPDATE
2026-01-18 21:09:54,Nitro Tap,11.0%,UPDATE
2026-01-18 21:10:44,Nitro Tap,10.9%,UPDATE
2026-01-18 21:13:27,Nitro Tap,10.8%,UPDATE
2026-01-18 21:13:39,Wisco Tap,49.5%,UPDATE
2026-01-18 21:14:43,Nitro Tap,10.7%,UPDATE
2026-01-18 21:16:34,Nitro Tap,10.6%,UPDATE
2026-01-18 21:18:09,Nitro Tap,10.5%,UPDATE
2026-01-18 21:18:35,Nitro Tap,10.4%,UPDATE
2026-01-18 21:19:28,Nitro Tap,10.3%,UPDATE
2026-01-18 21:21:09,Nitro Tap,10.2%,UPDATE
2026-01-18 21:21:41,Nitro Tap,10.1%,UPDATE
2026-01-18 21:22:21,Law Tap,22.9%,UPDATE
2026-01-18 21:22:35,Nitro Tap,10.0%,UPDATE
2026-01-18 21:23:47,Nitro Tap,11.67 pts,POUR
2026-01-18 21:25:07,Wisco Tap,49.4%,UPDATE
2026-01-18 21:27:11,Nitro Tap,10.1%,UPDATE
2026-01-18 21:27:27,Nitro Tap,10.2%,UPDATE
2026-01-18 21:27:56,Nitro Tap,10.1%,UPDATE
2026-01-18 21:29:35,Nitro Tap,10.2%,UPDATE
2026-01-18 21:32:11,Nitro Tap,10.3%,UPDATE
2026-01-18 21:33:10,Nitro Tap,10.4%,UPDATE
2026-01-18 21:36:50,Nitro Tap,10.5%,UPDATE
2026-01-18 21:43:03,Nitro Tap,10.6%,UPDATE
2026-01-18 21:43:14,Law Tap,22.8%,UPDATE
2026-01-18 21:46:22,Nitro Tap,10.7%,UPDATE
2026-01-18 21:49:51,Nitro Tap,10.8%,UPDATE
2026-01-18 21:53:49,Nitro Tap,10.9%,UPDATE
2026-01-18 21:55:30,Wisco Tap,49.5%,UPDATE
2026-01-18 21:57:39,Nitro Tap,11.0%,UPDATE
2026-01-18 22:02:15,Nitro Tap,11.1%,UPDATE
2026-01-18 22:05:47,Wisco Tap,49.6%,UPDATE
2026-01-18 22:05:57,Nitro Tap,11.2%,UPDATE
2026-01-18 22:10:48,Nitro Tap,11.3%,UPDATE
2026-01-18 22:13:13,Law Tap,22.7%,UPDATE
2026-01-18 22:13:21,Law Tap,22.8%,UPDATE
2026-01-18 22:14:02,Wisco Tap,49.7%,UPDATE
2026-01-18 22:14:18,Wisco Tap,49.8%,UPDATE
2026-01-18 22:14:33,Wisco Tap,49.9%,UPDATE
2026-01-18 22:14:44,Wisco Tap,50.0%,UPDATE
2026-01-18 22:15:08,Wisco Tap,50.1%,UPDATE
2026-01-18 22:15:34,Nitro Tap,11.4%,UPDATE
2026-01-18 22:15:54,Law Tap,22.9%,UPDATE
2026-01-18 22:16:44,Wisco Tap,50.2%,UPDATE
2026-01-18 22:17:21,Wisco Tap,50.3%,UPDATE
2026-01-18 22:17:46,Wisco Tap,50.4%,UPDATE
2026-01-18 22:18:01,Law Tap,23.0%,UPDATE
2026-01-18 22:18:23,Wisco Tap,50.5%,UPDATE
2026-01-18 22:19:44,Nitro Tap,11.5%,UPDATE
2026-01-18 22:21:10,Law Tap,23.1%,UPDATE
2026-01-18 22:22:26,Wisco Tap,50.6%,UPDATE
2026-01-18 22:23:58,Nitro Tap,11.6%,UPDATE
2026-01-18 22:29:11,Law Tap,23.2%,UPDATE
2026-01-18 22:29:25,Nitro Tap,11.7%,UPDATE
2026-01-18 22:36:12,Nitro Tap,11.6%,UPDATE
2026-01-18 22:36:28,Nitro Tap,11.5%,UPDATE
2026-01-18 22:36:45,Nitro Tap,11.4%,UPDATE
2026-01-18 22:37:13,Nitro Tap,11.3%,UPDATE
2026-01-18 22:37:40,Nitro Tap,11.2%,UPDATE
2026-01-18 22:38:15,Nitro Tap,11.1%,UPDATE
2026-01-18 22:39:33,Nitro Tap,11.0%,UPDATE
2026-01-18 22:40:22,Nitro Tap,10.9%,UPDATE
2026-01-18 22:43:48,Nitro Tap,10.8%,UPDATE
2026-01-18 22:45:00,Wisco Tap,50.7%,UPDATE
2026-01-18 22:47:01,Nitro Tap,10.7%,UPDATE
2026-01-18 22:47:26,Nitro Tap,10.6%,UPDATE
2026-01-18 22:49:17,Nitro Tap,10.5%,UPDATE
2026-01-18 22:49:19,Nitro Tap,10.4%,UPDATE
2026-01-18 22:49:43,Nitro Tap,10.3%,UPDATE
2026-01-18 22:50:08,Nitro Tap,10.2%,UPDATE
2026-01-18 22:51:01,Nitro Tap,10.1%,UPDATE
2026-01-18 22:51:38,Nitro Tap,9.71 pts,POUR
2026-01-18 23:03:47,Nitro Tap,10.0%,UPDATE
2026-01-18 23:04:10,Nitro Tap,10.1%,UPDATE
2026-01-18 23:04:37,Nitro Tap,10.0%,UPDATE
2026-01-18 23:06:18,Nitro Tap,10.1%,UPDATE
2026-01-18 23:06:33,Nitro Tap,10.2%,UPDATE
2026-01-18 23:07:26,Nitro Tap,10.1%,UPDATE
2026-01-18 23:09:55,Nitro Tap,10.2%,UPDATE
2026-01-18 23:11:52,Nitro Tap,10.3%,UPDATE
2026-01-18 23:18:03,Nitro Tap,10.4%,UPDATE
2026-01-18 23:22:39,Nitro Tap,10.5%,UPDATE
2026-01-18 23:26:39,Nitro Tap,10.6%,UPDATE
2026-01-18 23:29:07,Nitro Tap,10.7%,UPDATE
2026-01-18 23:32:38,Nitro Tap,10.8%,UPDATE
2026-01-18 23:36:25,Nitro Tap,10.9%,UPDATE
2026-01-18 23:38:25,Nitro Tap,11.0%,UPDATE
2026-01-18 23:41:00,Nitro Tap,11.1%,UPDATE
2026-01-18 23:44:08,Nitro Tap,11.2%,UPDATE
2026-01-18 23:45:17,Law Tap,23.3%,UPDATE
2026-01-18 23:49:43,Nitro Tap,11.3%,UPDATE
2026-01-18 23:53:43,Nitro Tap,11.4%,UPDATE
2026-01-18 23:56:45,Nitro Tap,11.5%,UPDATE
2026-01-19 00:00:21,Nitro Tap,11.6%,UPDATE
2026-01-19 00:04:46,Nitro Tap,11.7%,UPDATE
2026-01-19 00:09:21,Nitro Tap,11.8%,UPDATE
2026-01-19 00:16:34,Nitro Tap,11.9%,UPDATE
2026-01-19 00:23:58,Nitro Tap,12.0%,UPDATE
2026-01-19 00:25:05,Law Tap,23.4%,UPDATE
2026-01-19 00:26:30,Nitro Tap,11.9%,UPDATE
2026-01-19 00:26:43,Nitro Tap,11.8%,UPDATE
2026-01-19 00:26:55,Nitro Tap,11.7%,UPDATE
2026-01-19 00:27:03,Nitro Tap,11.6%,UPDATE
2026-01-19 00:27:13,Nitro Tap,11.5%,UPDATE
2026-01-19 00:27:32,Nitro Tap,11.4%,UPDATE
2026-01-19 00:28:01,Nitro Tap,11.3%,UPDATE
2026-01-19 00:28:48,Nitro Tap,11.2%,UPDATE
2026-01-19 00:29:08,Wisco Tap,50.8%,UPDATE
2026-01-19 00:29:48,Nitro Tap,11.1%,UPDATE
2026-01-19 00:30:44,Nitro Tap,11.0%,UPDATE
2026-01-19 00:31:10,Nitro Tap,10.9%,UPDATE
2026-01-19 00:32:34,Nitro Tap,10.8%,UPDATE
2026-01-19 00:35:17,Nitro Tap,10.7%,UPDATE
2026-01-19 00:35:33,Wisco Tap,50.7%,UPDATE
2026-01-19 00:36:11,Nitro Tap,10.6%,UPDATE
2026-01-19 00:36:40,Wisco Tap,50.8%,UPDATE
2026-01-19 00:37:55,Nitro Tap,10.5%,UPDATE
2026-01-19 00:39:49,Nitro Tap,10.4%,UPDATE
2026-01-19 00:40:44,Nitro Tap,10.3%,UPDATE
2026-01-19 00:41:09,Nitro Tap,10.2%,UPDATE
2026-01-19 00:41:58,Nitro Tap,10.1%,UPDATE
2026-01-19 00:46:31,Nitro Tap,10.2%,UPDATE
2026-01-19 00:47:49,Nitro Tap,10.3%,UPDATE
2026-01-19 00:48:46,Nitro Tap,10.4%,UPDATE
2026-01-19 00:49:50,Nitro Tap,10.5%,UPDATE
2026-01-19 00:52:00,Nitro Tap,10.6%,UPDATE
2026-01-19 00:57:16,Nitro Tap,10.7%,UPDATE
2026-01-19 01:01:37,Nitro Tap,7.30 pts,POUR
2026-01-19 01:02:51,Nitro Tap,10.8%,UPDATE
2026-01-19 01:07:15,Nitro Tap,10.9%,UPDATE
2026-01-19 01:11:47,Nitro Tap,11.0%,UPDATE
2026-01-19 01:17:16,Nitro Tap,11.1%,UPDATE
2026-01-19 01:20:02,Nitro Tap,11.2%,UPDATE
2026-01-19 01:25:18,Nitro Tap,11.3%,UPDATE
2026-01-19 01:29:15,Nitro Tap,11.4%,UPDATE
2026-01-19 01:33:39,Law Tap,23.5%,UPDATE
2026-01-19 01:34:51,Nitro Tap,11.5%,UPDATE
2026-01-19 01:40:55,Wisco Tap,50.9%,UPDATE
2026-01-19 01:41:21,Nitro Tap,11.6%,UPDATE
2026-01-19 01:46:55,Nitro Tap,11.7%,UPDATE
2026-01-19 01:53:24,Nitro Tap,11.8%,UPDATE
2026-01-19 01:54:46,Nitro Tap,11.7%,UPDATE
2026-01-19 01:55:01,Nitro Tap,11.6%,UPDATE
2026-01-19 01:55:12,Nitro Tap,11.5%,UPDATE
2026-01-19 01:55:38,Nitro Tap,11.4%,UPDATE
2026-01-19 01:56:35,Nitro Tap,11.3%,UPDATE
2026-01-19 01:57:27,Nitro Tap,11.2%,UPDATE
2026-01-19 01:57:57,Nitro Tap,11.1%,UPDATE
2026-01-19 01:58:53,Nitro Tap,11.0%,UPDATE
2026-01-19 02:01:54,Nitro Tap,10.9%,UPDATE
2026-01-19 02:03:27,Nitro Tap,10.8%,UPDATE
2026-01-19 02:05:21,Nitro Tap,10.7%,UPDATE
2026-01-19 02:06:04,Nitro Tap,10.6%,UPDATE
2026-01-19 02:06:30,Nitro Tap,10.5%,UPDATE
2026-01-19 02:07:18,Nitro Tap,10.4%,UPDATE
2026-01-19 02:08:09,Nitro Tap,10.3%,UPDATE
2026-01-19 02:10:34,Nitro Tap,10.2%,UPDATE
2026-01-19 02:12:48,Nitro Tap,10.3%,UPDATE
2026-01-19 02:12:53,Nitro Tap,10.4%,UPDATE
2026-01-19 02:13:05,Nitro Tap,10.5%,UPDATE
2026-01-19 02:13:19,Nitro Tap,10.4%,UPDATE
2026-01-19 02:13:35,Nitro Tap,10.3%,UPDATE
2026-01-19 02:15:08,Wisco Tap,51.0%,UPDATE
2026-01-19 02:16:13,Nitro Tap,10.4%,UPDATE
2026-01-19 02:17:12,Nitro Tap,10.5%,UPDATE
2026-01-19 02:18:11,Nitro Tap,10.6%,UPDATE
2026-01-19 02:22:19,Nitro Tap,10.7%,UPDATE
2026-01-19 02:24:37,Nitro Tap,6.97 pts,POUR
2026-01-19 02:29:12,Nitro Tap,10.8%,UPDATE
2026-01-19 02:33:21,Nitro Tap,10.9%,UPDATE
2026-01-19 02:37:38,Nitro Tap,11.0%,UPDATE
2026-01-19 02:42:12,Nitro Tap,11.1%,UPDATE
2026-01-19 02:46:11,Nitro Tap,11.2%,UPDATE
2026-01-19 02:50:24,Nitro Tap,11.3%,UPDATE
2026-01-19 02:55:29,Nitro Tap,11.4%,UPDATE
2026-01-19 02:59:01,Nitro Tap,11.5%,UPDATE
2026-01-19 03:04:04,Nitro Tap,11.6%,UPDATE
2026-01-19 03:10:07,Nitro Tap,11.7%,UPDATE
2026-01-19 03:13:14,Wisco Tap,51.1%,UPDATE
2026-01-19 03:15:30,Nitro Tap,11.8%,UPDATE
2026-01-19 03:23:19,Nitro Tap,11.9%,UPDATE
2026-01-19 03:27:17,Nitro Tap,11.8%,UPDATE
2026-01-19 03:27:26,Nitro Tap,11.7%,UPDATE
2026-01-19 03:27:40,Nitro Tap,11.6%,UPDATE
2026-01-19 03:28:42,Nitro Tap,11.5%,UPDATE
2026-01-19 03:29:05,Nitro Tap,11.4%,UPDATE
2026-01-19 03:29:06,Nitro Tap,11.3%,UPDATE
2026-01-19 03:29:08,Nitro Tap,11.2%,UPDATE
2026-01-19 03:29:35,Nitro Tap,11.1%,UPDATE
2026-01-19 03:30:41,Nitro Tap,11.0%,UPDATE
2026-01-19 03:33:42,Nitro Tap,10.9%,UPDATE
2026-01-19 03:36:09,Nitro Tap,10.8%,UPDATE
2026-01-19 03:36:36,Nitro Tap,10.7%,UPDATE
2026-01-19 03:37:21,Nitro Tap,10.6%,UPDATE
2026-01-19 03:38:18,Nitro Tap,10.5%,UPDATE
2026-01-19 03:39:20,Nitro Tap,10.4%,UPDATE
2026-01-19 03:40:53,Nitro Tap,10.3%,UPDATE
2026-01-19 03:41:43,Nitro Tap,10.2%,UPDATE
2026-01-19 03:42:33,Nitro Tap,10.75 pts,POUR
2026-01-19 03:44:56,Nitro Tap,10.3%,UPDATE
2026-01-19 03:45:00,Nitro Tap,10.4%,UPDATE
2026-01-19 03:45:09,Nitro Tap,10.5%,UPDATE
2026-01-19 03:45:34,Nitro Tap,10.4%,UPDATE
2026-01-19 03:45:55,Nitro Tap,10.3%,UPDATE
2026-01-19 03:47:54,Nitro Tap,10.4%,UPDATE
2026-01-19 03:50:44,Nitro Tap,10.5%,UPDATE
2026-01-19 03:51:33,Nitro Tap,10.6%,UPDATE
2026-01-19 03:53:03,Nitro Tap,10.7%,UPDATE
2026-01-19 03:54:36,Wisco Tap,49.6%,UPDATE
2026-01-19 03:59:03,Nitro Tap,10.8%,UPDATE
2026-01-19 03:59:29,Wisco Tap,51.1%,UPDATE
2026-01-19 04:02:00,Wisco Tap,51.0%,UPDATE
2026-01-19 04:02:13,Wisco Tap,50.9%,UPDATE
2026-01-19 04:02:27,Wisco Tap,50.8%,UPDATE
2026-01-19 04:02:58,Law Tap,23.4%,UPDATE
2026-01-19 04:03:27,Wisco Tap,50.7%,UPDATE
2026-01-19 04:03:28,Wisco Tap,50.6%,UPDATE
2026-01-19 04:03:44,Wisco Tap,50.5%,UPDATE
2026-01-19 04:04:07,Wisco Tap,50.4%,UPDATE
2026-01-19 04:04:35,Nitro Tap,10.9%,UPDATE
2026-01-19 04:04:56,Wisco Tap,50.3%,UPDATE
2026-01-19 04:04:57,Wisco Tap,50.2%,UPDATE
2026-01-19 04:05:33,Law Tap,23.3%,UPDATE
2026-01-19 04:05:36,Law Tap,23.2%,UPDATE
2026-01-19 04:06:27,Law Tap,23.1%,UPDATE
2026-01-19 04:06:56,Wisco Tap,50.1%,UPDATE
2026-01-19 04:08:09,Nitro Tap,11.0%,UPDATE
2026-01-19 04:08:57,Wisco Tap,50.0%,UPDATE
2026-01-19 04:09:57,Wisco Tap,49.9%,UPDATE
2026-01-19 04:10:58,Wisco Tap,49.8%,UPDATE
2026-01-19 04:12:23,Law Tap,23.0%,UPDATE
2026-01-19 04:12:45,Wisco Tap,49.7%,UPDATE
2026-01-19 04:13:59,Law Tap,2.71 pts,POUR
2026-01-19 04:15:10,Nitro Tap,11.1%,UPDATE
2026-01-19 04:15:26,Wisco Tap,8.52 pts,POUR
2026-01-19 04:16:59,Nitro Tap,11.2%,UPDATE
2026-01-19 04:18:28,Wisco Tap,49.6%,UPDATE
2026-01-19 04:21:11,Nitro Tap,11.3%,UPDATE
2026-01-19 04:21:48,Law Tap,22.9%,UPDATE
2026-01-19 04:26:12,Nitro Tap,11.4%,UPDATE
2026-01-19 04:30:12,Nitro Tap,11.5%,UPDATE
2026-01-19 04:33:07,Wisco Tap,49.7%,UPDATE
2026-01-19 04:35:11,Nitro Tap,11.6%,UPDATE
2026-01-19 04:39:53,Nitro Tap,11.7%,UPDATE
2026-01-19 04:40:08,Wisco Tap,49.8%,UPDATE
2026-01-19 04:43:01,Law Tap,22.8%,UPDATE
2026-01-19 04:45:41,Nitro Tap,11.8%,UPDATE
2026-01-19 04:50:54,Nitro Tap,11.9%,UPDATE
2026-01-19 04:59:20,Wisco Tap,49.9%,UPDATE
2026-01-19 05:00:14,Nitro Tap,12.0%,UPDATE
2026-01-19 05:00:28,Law Tap,22.7%,UPDATE
2026-01-19 05:01:53,Nitro Tap,11.9%,UPDATE
2026-01-19 05:02:08,Nitro Tap,11.8%,UPDATE
2026-01-19 05:02:22,Nitro Tap,11.7%,UPDATE
2026-01-19 05:02:39,Nitro Tap,11.6%,UPDATE
2026-01-19 05:03:04,Nitro Tap,11.5%,UPDATE
2026-01-19 05:05:39,Nitro Tap,11.4%,UPDATE
2026-01-19 05:06:02,Nitro Tap,11.3%,UPDATE
2026-01-19 05:06:56,Nitro Tap,11.2%,UPDATE
2026-01-19 05:07:56,Nitro Tap,11.1%,UPDATE
2026-01-19 05:08:22,Nitro Tap,11.0%,UPDATE
2026-01-19 05:08:45,Wisco Tap,50.0%,UPDATE
2026-01-19 05:10:15,Nitro Tap,10.9%,UPDATE
2026-01-19 05:11:04,Nitro Tap,10.8%,UPDATE
2026-01-19 05:12:02,Nitro Tap,10.7%,UPDATE
2026-01-19 05:13:29,Nitro Tap,10.6%,UPDATE
2026-01-19 05:14:21,Nitro Tap,10.5%,UPDATE
2026-01-19 05:14:47,Nitro Tap,10.4%,UPDATE
2026-01-19 05:15:39,Nitro Tap,10.3%,UPDATE
2026-01-19 05:16:03,Wisco Tap,50.1%,UPDATE
2026-01-19 05:19:30,Nitro Tap,10.01 pts,POUR
2026-01-19 05:21:50,Wisco Tap,50.2%,UPDATE
2026-01-19 05:22:10,Wisco Tap,50.3%,UPDATE
2026-01-19 05:22:24,Wisco Tap,50.4%,UPDATE
2026-01-19 05:22:34,Wisco Tap,50.5%,UPDATE
2026-01-19 05:22:54,Wisco Tap,50.6%,UPDATE
2026-01-19 05:23:16,Wisco Tap,50.7%,UPDATE
2026-01-19 05:23:32,Wisco Tap,50.8%,UPDATE
2026-01-19 05:24:34,Wisco Tap,50.9%,UPDATE
2026-01-19 05:24:48,Law Tap,22.8%,UPDATE
2026-01-19 05:25:00,Wisco Tap,51.0%,UPDATE
2026-01-19 05:26:28,Wisco Tap,51.1%,UPDATE
2026-01-19 05:27:00,Wisco Tap,51.2%,UPDATE
2026-01-19 05:27:13,Nitro Tap,10.2%,UPDATE
2026-01-19 05:27:25,Law Tap,22.9%,UPDATE
2026-01-19 05:29:31,Nitro Tap,10.3%,UPDATE
2026-01-19 05:30:17,Wisco Tap,51.3%,UPDATE
2026-01-19 05:32:23,Law Tap,23.0%,UPDATE
2026-01-19 05:33:00,Nitro Tap,10.4%,UPDATE
2026-01-19 05:35:02,Nitro Tap,10.5%,UPDATE
2026-01-19 05:35:53,Wisco Tap,51.4%,UPDATE
2026-01-19 05:41:32,Nitro Tap,10.6%,UPDATE
2026-01-19 05:47:33,Nitro Tap,10.7%,UPDATE
2026-01-19 05:48:56,Wisco Tap,51.3%,UPDATE
2026-01-19 05:49:42,Nitro Tap,10.8%,UPDATE
2026-01-19 05:55:08,Nitro Tap,10.9%,UPDATE
2026-01-19 05:57:04,Nitro Tap,11.0%,UPDATE
2026-01-19 05:59:11,Wisco Tap,51.2%,UPDATE
2026-01-19 06:01:29,Nitro Tap,11.1%,UPDATE
2026-01-19 06:04:03,Nitro Tap,11.2%,UPDATE
2026-01-19 06:07:11,Wisco Tap,51.1%,UPDATE
2026-01-19 06:09:05,Nitro Tap,11.3%,UPDATE
2026-01-19 06:11:45,Nitro Tap,11.4%,UPDATE
2026-01-19 06:12:10,Law Tap,23.1%,UPDATE
2026-01-19 06:15:04,Wisco Tap,51.0%,UPDATE
2026-01-19 06:15:41,Nitro Tap,11.5%,UPDATE
2026-01-19 06:21:20,Nitro Tap,11.6%,UPDATE
2026-01-19 06:24:08,Wisco Tap,50.9%,UPDATE
2026-01-19 06:25:58,Nitro Tap,11.7%,UPDATE
2026-01-19 06:29:18,Nitro Tap,11.8%,UPDATE
2026-01-19 06:31:07,Wisco Tap,50.8%,UPDATE
2026-01-19 06:34:27,Nitro Tap,11.9%,UPDATE
2026-01-19 06:40:34,Wisco Tap,50.7%,UPDATE
2026-01-19 06:41:47,Nitro Tap,12.0%,UPDATE
2026-01-19 06:43:57,Law Tap,23.2%,UPDATE
2026-01-19 06:54:10,Wisco Tap,50.6%,UPDATE
2026-01-19 06:56:15,Nitro Tap,12.1%,UPDATE
2026-01-19 06:56:49,Nitro Tap,12.0%,UPDATE
2026-01-19 06:56:58,Nitro Tap,11.9%,UPDATE
2026-01-19 06:57:07,Nitro Tap,11.8%,UPDATE
2026-01-19 06:57:19,Nitro Tap,11.7%,UPDATE
2026-01-19 06:57:28,Nitro Tap,11.6%,UPDATE
2026-01-19 06:57:44,Nitro Tap,11.5%,UPDATE
2026-01-19 06:58:08,Nitro Tap,11.4%,UPDATE
2026-01-19 06:59:35,Nitro Tap,11.3%,UPDATE
2026-01-19 06:59:46,Nitro Tap,11.2%,UPDATE
2026-01-19 07:01:29,Wisco Tap,50.5%,UPDATE
2026-01-19 07:01:49,Nitro Tap,11.1%,UPDATE
2026-01-19 07:01:55,Nitro Tap,11.0%,UPDATE
2026-01-19 07:02:49,Nitro Tap,10.9%,UPDATE
2026-01-19 07:03:21,Nitro Tap,10.8%,UPDATE
2026-01-19 07:06:02,Nitro Tap,10.7%,UPDATE
2026-01-19 07:06:30,Nitro Tap,10.6%,UPDATE
2026-01-19 07:07:37,Nitro Tap,10.5%,UPDATE
2026-01-19 07:10:54,Nitro Tap,10.4%,UPDATE
2026-01-19 07:11:18,Nitro Tap,10.3%,UPDATE
2026-01-19 07:11:56,Nitro Tap,10.2%,UPDATE
2026-01-19 07:12:34,Wisco Tap,50.4%,UPDATE
2026-01-19 07:12:52,Nitro Tap,10.1%,UPDATE
2026-01-19 07:13:15,Nitro Tap,10.2%,UPDATE
2026-01-19 07:13:16,Nitro Tap,11.50 pts,POUR
2026-01-19 07:18:16,Nitro Tap,10.1%,UPDATE
2026-01-19 07:18:57,Law Tap,23.3%,UPDATE
2026-01-19 07:28:18,Nitro Tap,10.2%,UPDATE
2026-01-19 07:29:38,Wisco Tap,50.3%,UPDATE
2026-01-19 07:29:52,Nitro Tap,10.3%,UPDATE
2026-01-19 07:31:52,Nitro Tap,10.4%,UPDATE
2026-01-19 07:32:35,Wisco Tap,50.4%,UPDATE
2026-01-19 07:38:17,Nitro Tap,10.5%,UPDATE
2026-01-19 07:44:54,Nitro Tap,10.6%,UPDATE
2026-01-19 07:45:46,Nitro Tap,10.7%,UPDATE
2026-01-19 07:50:10,Wisco Tap,50.5%,UPDATE
2026-01-19 07:50:21,Nitro Tap,10.8%,UPDATE
2026-01-19 07:52:47,Nitro Tap,10.9%,UPDATE
2026-01-19 07:57:17,Nitro Tap,11.0%,UPDATE
2026-01-19 08:00:54,Nitro Tap,11.1%,UPDATE
2026-01-19 08:03:31,Nitro Tap,11.2%,UPDATE
2026-01-19 08:07:18,Nitro Tap,11.3%,UPDATE
2026-01-19 08:11:53,Nitro Tap,11.4%,UPDATE
2026-01-19 08:15:00,Nitro Tap,11.5%,UPDATE
2026-01-19 08:19:55,Nitro Tap,11.6%,UPDATE
2026-01-19 08:25:10,Nitro Tap,11.7%,UPDATE
2026-01-19 08:30:56,Nitro Tap,11.8%,UPDATE
2026-01-19 08:35:42,Nitro Tap,11.9%,UPDATE
2026-01-19 08:38:23,Law Tap,23.4%,UPDATE
2026-01-19 08:44:27,Nitro Tap,12.0%,UPDATE
2026-01-19 08:48:05,Nitro Tap,11.9%,UPDATE
2026-01-19 08:48:25,Nitro Tap,11.8%,UPDATE
2026-01-19 08:48:37,Nitro Tap,11.7%,UPDATE
2026-01-19 08:48:49,Nitro Tap,11.6%,UPDATE
2026-01-19 08:49:04,Nitro Tap,11.5%,UPDATE
2026-01-19 08:49:26,Nitro Tap,11.4%,UPDATE
2026-01-19 08:49:46,Nitro Tap,11.3%,UPDATE
2026-01-19 08:50:17,Nitro Tap,11.2%,UPDATE
2026-01-19 08:51:22,Nitro Tap,11.1%,UPDATE
2026-01-19 08:53:31,Nitro Tap,11.0%,UPDATE
2026-01-19 08:54:55,Nitro Tap,10.9%,UPDATE
2026-01-19 08:56:25,Nitro Tap,10.8%,UPDATE
2026-01-19 08:57:22,Nitro Tap,10.7%,UPDATE
2026-01-19 08:59:41,Nitro Tap,10.6%,UPDATE
2026-01-19 09:00:41,Nitro Tap,10.5%,UPDATE
2026-01-19 09:01:15,Nitro Tap,10.4%,UPDATE
2026-01-19 09:02:56,Nitro Tap,10.3%,UPDATE
2026-01-19 09:03:22,Wisco Tap,50.6%,UPDATE
2026-01-19 09:04:20,Nitro Tap,10.2%,UPDATE
2026-01-19 09:11:03,Nitro Tap,10.1%,UPDATE
2026-01-19 09:13:48,Wisco Tap,50.5%,UPDATE
2026-01-19 09:18:38,Nitro Tap,10.2%,UPDATE
2026-01-19 09:21:02,Nitro Tap,10.3%,UPDATE
2026-01-19 09:23:26,Nitro Tap,10.4%,UPDATE
2026-01-19 09:26:49,Nitro Tap,9.87 pts,POUR
2026-01-19 09:28:13,Nitro Tap,10.5%,UPDATE
2026-01-19 09:31:14,Wisco Tap,50.6%,UPDATE
2026-01-19 09:32:59,Nitro Tap,10.6%,UPDATE
2026-01-19 09:36:28,Nitro Tap,10.7%,UPDATE
2026-01-19 09:41:00,Nitro Tap,10.8%,UPDATE
2026-01-19 09:44:25,Nitro Tap,10.9%,UPDATE
2026-01-19 09:48:25,Nitro Tap,11.0%,UPDATE
2026-01-19 09:51:03,Nitro Tap,11.1%,UPDATE
2026-01-19 09:51:49,Wisco Tap,50.7%,UPDATE
2026-01-19 09:55:04,Nitro Tap,11.2%,UPDATE
2026-01-19 09:58:41,Nitro Tap,11.3%,UPDATE
2026-01-19 10:03:07,Nitro Tap,11.4%,UPDATE
2026-01-19 10:06:33,Nitro Tap,11.5%,UPDATE
2026-01-19 10:08:48,Wisco Tap,50.6%,UPDATE
2026-01-19 10:11:19,Nitro Tap,11.6%,UPDATE
2026-01-19 10:16:29,Nitro Tap,11.7%,UPDATE
2026-01-19 10:20:39,Nitro Tap,11.8%,UPDATE
2026-01-19 10:26:33,Nitro Tap,11.9%,UPDATE
2026-01-19 10:27:19,Law Tap,23.5%,UPDATE
2026-01-19 10:30:19,Wisco Tap,50.5%,UPDATE
2026-01-19 10:30:33,Wisco Tap,50.4%,UPDATE
2026-01-19 10:30:49,Wisco Tap,50.3%,UPDATE
2026-01-19 10:31:11,Wisco Tap,50.2%,UPDATE
2026-01-19 10:31:27,Wisco Tap,50.1%,UPDATE
2026-01-19 10:32:11,Wisco Tap,50.0%,UPDATE
2026-01-19 10:32:43,Wisco Tap,49.9%,UPDATE
2026-01-19 10:33:01,Law Tap,23.4%,UPDATE
2026-01-19 10:33:26,Law Tap,23.3%,UPDATE
2026-01-19 10:33:38,Wisco Tap,49.8%,UPDATE
2026-01-19 10:34:02,Law Tap,23.2%,UPDATE
2026-01-19 10:34:22,Wisco Tap,49.7%,UPDATE
2026-01-19 10:35:17,Wisco Tap,49.6%,UPDATE
2026-01-19 10:35:54,Nitro Tap,12.0%,UPDATE
2026-01-19 10:36:11,Law Tap,23.1%,UPDATE
2026-01-19 10:37:00,Wisco Tap,49.5%,UPDATE
2026-01-19 10:38:06,Law Tap,23.0%,UPDATE
2026-01-19 10:39:24,Wisco Tap,49.4%,UPDATE
2026-01-19 10:39:39,Nitro Tap,11.9%,UPDATE
2026-01-19 10:39:46,Nitro Tap,11.8%,UPDATE
2026-01-19 10:40:01,Nitro Tap,11.7%,UPDATE
2026-01-19 10:40:26,Nitro Tap,11.6%,UPDATE
2026-01-19 10:40:42,Nitro Tap,11.5%,UPDATE
2026-01-19 10:41:06,Nitro Tap,11.4%,UPDATE
2026-01-19 10:42:40,Nitro Tap,11.3%,UPDATE
2026-01-19 10:42:46,Nitro Tap,11.2%,UPDATE
2026-01-19 10:43:53,Nitro Tap,11.1%,UPDATE
2026-01-19 10:44:28,Nitro Tap,11.0%,UPDATE
2026-01-19 10:44:40,Law Tap,22.9%,UPDATE
2026-01-19 10:44:40,Law Tap,3.28 pts,POUR
2026-01-19 10:45:22,Nitro Tap,10.9%,UPDATE
2026-01-19 10:46:25,Wisco Tap,49.3%,UPDATE
2026-01-19 10:47:42,Nitro Tap,10.8%,UPDATE
2026-01-19 10:47:55,Wisco Tap,7.64 pts,POUR
2026-01-19 10:50:02,Nitro Tap,10.7%,UPDATE
2026-01-19 10:50:29,Nitro Tap,10.6%,UPDATE
2026-01-19 10:51:04,Nitro Tap,10.5%,UPDATE
2026-01-19 10:52:05,Nitro Tap,10.4%,UPDATE
2026-01-19 10:52:55,Nitro Tap,10.3%,UPDATE
2026-01-19 10:54:54,Nitro Tap,10.2%,UPDATE
2026-01-19 10:55:48,Nitro Tap,11.30 pts,POUR
2026-01-19 10:58:22,Wisco Tap,49.4%,UPDATE
2026-01-19 11:02:24,Nitro Tap,10.1%,UPDATE
2026-01-19 11:02:47,Nitro Tap,10.2%,UPDATE
2026-01-19 11:03:44,Nitro Tap,10.1%,UPDATE
2026-01-19 11:04:46,Nitro Tap,10.2%,UPDATE
2026-01-19 11:04:52,Nitro Tap,10.1%,UPDATE
2026-01-19 11:07:16,Law Tap,22.8%,UPDATE
2026-01-19 11:08:42,Wisco Tap,49.5%,UPDATE
2026-01-19 11:10:37,Nitro Tap,10.2%,UPDATE
2026-01-19 11:11:51,Nitro Tap,10.3%,UPDATE
2026-01-19 11:13:13,Nitro Tap,10.4%,UPDATE
2026-01-19 11:18:02,Wisco Tap,49.4%,UPDATE
2026-01-19 11:19:34,Nitro Tap,10.5%,UPDATE
2026-01-19 11:24:46,Nitro Tap,10.6%,UPDATE
2026-01-19 11:28:46,Nitro Tap,10.7%,UPDATE
2026-01-19 11:29:55,Law Tap,22.7%,UPDATE
2026-01-19 11:31:30,Wisco Tap,49.3%,UPDATE
2026-01-19 11:32:12,Nitro Tap,10.8%,UPDATE
2026-01-19 11:36:02,Nitro Tap,10.9%,UPDATE
2026-01-19 11:38:52,Nitro Tap,11.0%,UPDATE
2026-01-19 11:41:40,Nitro Tap,11.1%,UPDATE
2026-01-19 11:46:40,Nitro Tap,11.2%,UPDATE
2026-01-19 11:48:19,Wisco Tap,49.4%,UPDATE
2026-01-19 11:52:11,Nitro Tap,11.3%,UPDATE
2026-01-19 11:54:20,Nitro Tap,11.4%,UPDATE
2026-01-19 11:55:01,Law Tap,22.6%,UPDATE
2026-01-19 11:57:50,Nitro Tap,11.5%,UPDATE
2026-01-19 11:59:44,Wisco Tap,49.5%,UPDATE
2026-01-19 12:03:31,Nitro Tap,11.6%,UPDATE
2026-01-19 12:05:14,Wisco Tap,49.6%,UPDATE
2026-01-19 12:05:28,Wisco Tap,49.7%,UPDATE
2026-01-19 12:05:45,Wisco Tap,49.8%,UPDATE
2026-01-19 12:06:08,Wisco Tap,49.9%,UPDATE
2026-01-19 12:06:26,Wisco Tap,50.0%,UPDATE
2026-01-19 12:07:05,Wisco Tap,50.1%,UPDATE
2026-01-19 12:07:48,Wisco Tap,50.2%,UPDATE
2026-01-19 12:08:01,Nitro Tap,11.7%,UPDATE
2026-01-19 12:08:46,Law Tap,22.7%,UPDATE
2026-01-19 12:09:36,Law Tap,22.8%,UPDATE
2026-01-19 12:10:14,Wisco Tap,50.3%,UPDATE
2026-01-19 12:10:25,Law Tap,22.9%,UPDATE
2026-01-19 12:11:11,Wisco Tap,50.4%,UPDATE
2026-01-19 12:13:47,Wisco Tap,50.5%,UPDATE
2026-01-19 12:14:44,Nitro Tap,11.8%,UPDATE
2026-01-19 12:14:57,Law Tap,23.0%,UPDATE
2026-01-19 12:19:47,Nitro Tap,11.9%,UPDATE
2026-01-19 12:27:51,Nitro Tap,12.0%,UPDATE
2026-01-19 12:31:25,Nitro Tap,11.9%,UPDATE
2026-01-19 12:31:35,Nitro Tap,11.8%,UPDATE
2026-01-19 12:31:43,Nitro Tap,11.7%,UPDATE
2026-01-19 12:31:51,Nitro Tap,11.6%,UPDATE
2026-01-19 12:32:05,Nitro Tap,11.5%,UPDATE
2026-01-19 12:32:25,Nitro Tap,11.4%,UPDATE
2026-01-19 12:33:09,Nitro Tap,11.3%,UPDATE
2026-01-19 12:33:13,Nitro Tap,11.2%,UPDATE
2026-01-19 12:34:15,Wisco Tap,50.6%,UPDATE
2026-01-19 12:35:09,Nitro Tap,11.1%,UPDATE
2026-01-19 12:35:35,Nitro Tap,11.0%,UPDATE
2026-01-19 12:36:27,Nitro Tap,10.9%,UPDATE
2026-01-19 12:37:23,Law Tap,23.1%,UPDATE
2026-01-19 12:38:26,Nitro Tap,10.8%,UPDATE
2026-01-19 12:41:19,Nitro Tap,10.7%,UPDATE
2026-01-19 12:44:20,Nitro Tap,10.6%,UPDATE
2026-01-19 12:44:55,Nitro Tap,10.5%,UPDATE
2026-01-19 12:44:57,Nitro Tap,10.4%,UPDATE
2026-01-19 12:45:22,Nitro Tap,10.3%,UPDATE
2026-01-19 12:45:46,Nitro Tap,10.2%,UPDATE
2026-01-19 12:46:35,Nitro Tap,11.40 pts,POUR
2026-01-19 12:53:57,Nitro Tap,10.1%,UPDATE
2026-01-19 13:00:32,Nitro Tap,10.0%,UPDATE
2026-01-19 13:01:06,Nitro Tap,10.1%,UPDATE
2026-01-19 13:02:25,Nitro Tap,10.2%,UPDATE
2026-01-19 13:04:21,Nitro Tap,10.3%,UPDATE
2026-01-19 13:05:40,Wisco Tap,50.5%,UPDATE
2026-01-19 13:10:57,Nitro Tap,10.4%,UPDATE
2026-01-19 13:13:31,Nitro Tap,10.5%,UPDATE
2026-01-19 13:17:37,Nitro Tap,10.6%,UPDATE
2026-01-19 13:21:07,Nitro Tap,10.7%,UPDATE
2026-01-19 13:24:59,Nitro Tap,10.8%,UPDATE
2026-01-19 13:25:22,Wisco Tap,50.4%,UPDATE
2026-01-19 13:29:24,Nitro Tap,10.9%,UPDATE
2026-01-19 13:31:08,Nitro Tap,11.0%,UPDATE
2026-01-19 13:34:35,Nitro Tap,11.1%,UPDATE
2026-01-19 13:38:33,Nitro Tap,11.2%,UPDATE
2026-01-19 13:39:22,Wisco Tap,50.5%,UPDATE
2026-01-19 13:42:02,Nitro Tap,11.3%,UPDATE
2026-01-19 13:46:51,Nitro Tap,11.4%,UPDATE
2026-01-19 13:51:09,Nitro Tap,11.5%,UPDATE
2026-01-19 13:54:40,Law Tap,23.2%,UPDATE
2026-01-19 13:55:00,Nitro Tap,11.6%,UPDATE
2026-01-19 13:58:20,Wisco Tap,50.4%,UPDATE
2026-01-19 14:01:15,Nitro Tap,11.7%,UPDATE
2026-01-19 14:04:42,Nitro Tap,11.8%,UPDATE
2026-01-19 14:11:00,Nitro Tap,11.9%,UPDATE
2026-01-19 14:19:25,Nitro Tap,12.0%,UPDATE
2026-01-19 14:24:54,Nitro Tap,11.9%,UPDATE
2026-01-19 14:24:59,Nitro Tap,11.8%,UPDATE
2026-01-19 14:25:07,Nitro Tap,11.7%,UPDATE
2026-01-19 14:25:12,Nitro Tap,11.6%,UPDATE
2026-01-19 14:25:25,Nitro Tap,11.5%,UPDATE
2026-01-19 14:25:31,Nitro Tap,11.4%,UPDATE
2026-01-19 14:26:00,Nitro Tap,11.3%,UPDATE
2026-01-19 14:26:30,Nitro Tap,11.2%,UPDATE
2026-01-19 14:27:20,Nitro Tap,11.1%,UPDATE
2026-01-19 14:28:15,Law Tap,23.3%,UPDATE
2026-01-19 14:28:28,Nitro Tap,11.0%,UPDATE
2026-01-19 14:29:22,Nitro Tap,10.9%,UPDATE
2026-01-19 14:31:15,Nitro Tap,10.8%,UPDATE
2026-01-19 14:32:53,Nitro Tap,10.7%,UPDATE
2026-01-19 14:34:32,Nitro Tap,10.6%,UPDATE
2026-01-19 14:35:45,Nitro Tap,10.5%,UPDATE
2026-01-19 14:36:47,Nitro Tap,10.4%,UPDATE
2026-01-19 14:37:56,Nitro Tap,10.3%,UPDATE
2026-01-19 14:38:36,Wisco Tap,50.5%,UPDATE
2026-01-19 14:39:42,Nitro Tap,10.2%,UPDATE
2026-01-19 14:40:41,Nitro Tap,10.1%,UPDATE
2026-01-19 14:41:44,Nitro Tap,12.17 pts,POUR
2026-01-19 14:44:35,Nitro Tap,10.2%,UPDATE
2026-01-19 14:44:40,Nitro Tap,10.3%,UPDATE
2026-01-19 14:44:48,Nitro Tap,10.4%,UPDATE
2026-01-19 14:45:10,Nitro Tap,10.3%,UPDATE
2026-01-19 14:45:22,Nitro Tap,10.2%,UPDATE
2026-01-19 14:47:43,Nitro Tap,10.3%,UPDATE
2026-01-19 14:48:35,Nitro Tap,10.4%,UPDATE
2026-01-19 14:50:01,Nitro Tap,10.5%,UPDATE
2026-01-19 14:53:57,Nitro Tap,10.6%,UPDATE
2026-01-19 15:00:47,Nitro Tap,10.7%,UPDATE
2026-01-19 15:04:42,Nitro Tap,10.8%,UPDATE
2026-01-19 15:09:17,Nitro Tap,10.9%,UPDATE
2026-01-19 15:13:34,Nitro Tap,11.0%,UPDATE
2026-01-19 15:16:33,Nitro Tap,11.1%,UPDATE
2026-01-19 15:20:58,Nitro Tap,11.2%,UPDATE
2026-01-19 15:24:45,Nitro Tap,11.3%,UPDATE
2026-01-19 15:25:06,Law Tap,23.4%,UPDATE
2026-01-19 15:28:24,Wisco Tap,50.6%,UPDATE
2026-01-19 15:29:33,Nitro Tap,11.4%,UPDATE
2026-01-19 15:33:55,Nitro Tap,11.5%,UPDATE
2026-01-19 15:38:45,Nitro Tap,11.6%,UPDATE
2026-01-19 15:38:59,Law Tap,23.3%,UPDATE
2026-01-19 15:40:01,Wisco Tap,50.7%,UPDATE
2026-01-19 15:43:22,Nitro Tap,11.7%,UPDATE
2026-01-19 15:45:04,Nitro Tap,11.6%,UPDATE
2026-01-19 15:45:07,Nitro Tap,11.5%,UPDATE
2026-01-19 15:45:07,Nitro Tap,11.6%,UPDATE
2026-01-19 15:45:11,Nitro Tap,11.5%,UPDATE
2026-01-19 15:46:37,Nitro Tap,11.4%,UPDATE
2026-01-19 15:47:49,Law Tap,23.4%,UPDATE
2026-01-19 15:49:37,Nitro Tap,11.5%,UPDATE
2026-01-19 15:50:42,Wisco Tap,50.6%,UPDATE
2026-01-19 15:56:01,Nitro Tap,11.6%,UPDATE
2026-01-19 16:00:40,Nitro Tap,11.5%,UPDATE
2026-01-19 16:01:02,Nitro Tap,11.4%,UPDATE
2026-01-19 16:02:02,Law Tap,23.3%,UPDATE
2026-01-19 16:02:13,Nitro Tap,11.3%,UPDATE
2026-01-19 16:02:38,Nitro Tap,11.2%,UPDATE
2026-01-19 16:02:49,Nitro Tap,11.1%,UPDATE
2026-01-19 16:04:26,Law Tap,23.4%,UPDATE
2026-01-19 16:04:39,Nitro Tap,11.0%,UPDATE
2026-01-19 16:05:05,Nitro Tap,10.9%,UPDATE
2026-01-19 16:07:59,Nitro Tap,10.8%,UPDATE
2026-01-19 16:08:59,Nitro Tap,10.7%,UPDATE
2026-01-19 16:09:50,Nitro Tap,10.6%,UPDATE
2026-01-19 16:11:30,Wisco Tap,50.7%,UPDATE
2026-01-19 16:12:07,Nitro Tap,10.5%,UPDATE
2026-01-19 16:12:59,Nitro Tap,10.4%,UPDATE
2026-01-19 16:14:59,Nitro Tap,10.3%,UPDATE
2026-01-19 16:15:25,Nitro Tap,10.2%,UPDATE
2026-01-19 16:16:25,Nitro Tap,10.1%,UPDATE
2026-01-19 16:16:51,Nitro Tap,9.40 pts,POUR
2026-01-19 16:22:01,Nitro Tap,10.2%,UPDATE
2026-01-19 16:23:09,Wisco Tap,50.6%,UPDATE
2026-01-19 16:23:22,Wisco Tap,50.5%,UPDATE
2026-01-19 16:23:32,Wisco Tap,50.4%,UPDATE
2026-01-19 16:23:44,Wisco Tap,50.3%,UPDATE
2026-01-19 16:23:59,Wisco Tap,50.2%,UPDATE
2026-01-19 16:24:10,Wisco Tap,50.1%,UPDATE
2026-01-19 16:24:32,Wisco Tap,50.0%,UPDATE
2026-01-19 16:25:01,Wisco Tap,49.9%,UPDATE
2026-01-19 16:25:25,Law Tap,23.3%,UPDATE
2026-01-19 16:25:39,Wisco Tap,49.8%,UPDATE
2026-01-19 16:26:04,Nitro Tap,10.3%,UPDATE
2026-01-19 16:26:15,Wisco Tap,49.7%,UPDATE
2026-01-19 16:26:29,Nitro Tap,10.4%,UPDATE
2026-01-19 16:26:42,Wisco Tap,49.6%,UPDATE
2026-01-19 16:27:11,Law Tap,23.2%,UPDATE
2026-01-19 16:27:25,Wisco Tap,49.5%,UPDATE
2026-01-19 16:27:38,Nitro Tap,10.5%,UPDATE
2026-01-19 16:28:45,Wisco Tap,49.4%,UPDATE
2026-01-19 16:29:00,Nitro Tap,10.6%,UPDATE
2026-01-19 16:29:59,Law Tap,23.1%,UPDATE
2026-01-19 16:30:57,Law Tap,23.0%,UPDATE
2026-01-19 16:33:33,Wisco Tap,49.3%,UPDATE
2026-01-19 16:34:01,Nitro Tap,10.7%,UPDATE
2026-01-19 16:35:50,Wisco Tap,8.45 pts,POUR
2026-01-19 16:36:04,Law Tap,22.9%,UPDATE
2026-01-19 16:36:04,Law Tap,2.20 pts,POUR
2026-01-19 16:38:15,Wisco Tap,49.2%,UPDATE
2026-01-19 16:39:11,Nitro Tap,10.8%,UPDATE
2026-01-19 16:40:13,Nitro Tap,10.9%,UPDATE
2026-01-19 16:40:14,Nitro Tap,11.0%,UPDATE
2026-01-19 16:40:14,Nitro Tap,11.1%,UPDATE
2026-01-19 16:40:15,Nitro Tap,11.2%,UPDATE
2026-01-19 16:40:21,Nitro Tap,11.3%,UPDATE
2026-01-19 16:40:27,Nitro Tap,11.4%,UPDATE
2026-01-19 16:41:01,Nitro Tap,11.3%,UPDATE
2026-01-19 16:41:12,Nitro Tap,11.4%,UPDATE
2026-01-19 16:41:13,Nitro Tap,11.5%,UPDATE
2026-01-19 16:41:15,Nitro Tap,11.4%,UPDATE
2026-01-19 16:41:16,Nitro Tap,11.3%,UPDATE
2026-01-19 16:41:17,Nitro Tap,11.2%,UPDATE
2026-01-19 16:41:19,Nitro Tap,11.1%,UPDATE
2026-01-19 16:41:20,Nitro Tap,11.2%,UPDATE
2026-01-19 16:41:21,Nitro Tap,11.3%,UPDATE
2026-01-19 16:42:28,Nitro Tap,11.2%,UPDATE
2026-01-19 16:43:27,Nitro Tap,11.3%,UPDATE
2026-01-19 16:49:18,Wisco Tap,49.3%,UPDATE
2026-01-19 16:50:03,Nitro Tap,11.4%,UPDATE
2026-01-19 16:52:48,Nitro Tap,11.5%,UPDATE
2026-01-19 16:54:36,Wisco Tap,49.4%,UPDATE
2026-01-19 16:56:52,Nitro Tap,11.6%,UPDATE
2026-01-19 17:01:23,Nitro Tap,11.7%,UPDATE
2026-01-19 17:02:44,Law Tap,22.8%,UPDATE
2026-01-19 17:06:50,Nitro Tap,11.8%,UPDATE
2026-01-19 17:09:42,Wisco Tap,49.5%,UPDATE
2026-01-19 17:10:19,Nitro Tap,11.9%,UPDATE
2026-01-19 17:17:33,Wisco Tap,49.4%,UPDATE
2026-01-19 17:18:25,Law Tap,22.7%,UPDATE
2026-01-19 17:26:25,Nitro Tap,12.0%,UPDATE
2026-01-19 17:31:24,Nitro Tap,11.9%,UPDATE
2026-01-19 17:31:39,Nitro Tap,11.8%,UPDATE
2026-01-19 17:31:51,Nitro Tap,11.7%,UPDATE
2026-01-19 17:32:04,Nitro Tap,11.6%,UPDATE
2026-01-19 17:32:22,Nitro Tap,11.5%,UPDATE
2026-01-19 17:32:36,Nitro Tap,11.4%,UPDATE
2026-01-19 17:33:21,Nitro Tap,11.3%,UPDATE
2026-01-19 17:33:37,Nitro Tap,11.2%,UPDATE
2026-01-19 17:34:16,Nitro Tap,11.1%,UPDATE
2026-01-19 17:35:13,Nitro Tap,11.0%,UPDATE
2026-01-19 17:36:57,Nitro Tap,10.9%,UPDATE
2026-01-19 17:38:17,Nitro Tap,10.8%,UPDATE
2026-01-19 17:40:02,Nitro Tap,10.7%,UPDATE
2026-01-19 17:41:25,Wisco Tap,49.5%,UPDATE
2026-01-19 17:42:17,Nitro Tap,10.6%,UPDATE
2026-01-19 17:42:37,Nitro Tap,10.5%,UPDATE
2026-01-19 17:43:29,Nitro Tap,10.4%,UPDATE
2026-01-19 17:44:22,Nitro Tap,10.3%,UPDATE
2026-01-19 17:45:29,Nitro Tap,10.2%,UPDATE
2026-01-19 17:47:01,Nitro Tap,10.82 pts,POUR
2026-01-19 17:48:44,Law Tap,22.6%,UPDATE
2026-01-19 17:52:50,Nitro Tap,10.1%,UPDATE
2026-01-19 17:54:36,Wisco Tap,49.6%,UPDATE
2026-01-19 17:54:55,Wisco Tap,49.7%,UPDATE
2026-01-19 17:55:11,Wisco Tap,49.8%,UPDATE
2026-01-19 17:55:25,Wisco Tap,49.9%,UPDATE
2026-01-19 17:55:48,Wisco Tap,50.0%,UPDATE
2026-01-19 17:56:25,Law Tap,22.7%,UPDATE
2026-01-19 17:57:51,Law Tap,22.8%,UPDATE
2026-01-19 17:58:27,Wisco Tap,50.1%,UPDATE
2026-01-19 17:59:00,Wisco Tap,50.2%,UPDATE
2026-01-19 17:59:06,Wisco Tap,50.3%,UPDATE
2026-01-19 17:59:32,Wisco Tap,50.4%,UPDATE
2026-01-19 18:00:06,Wisco Tap,50.5%,UPDATE
2026-01-19 18:00:54,Nitro Tap,10.2%,UPDATE
2026-01-19 18:01:23,Nitro Tap,10.3%,UPDATE
2026-01-19 18:01:26,Nitro Tap,10.2%,UPDATE
2026-01-19 18:02:30,Law Tap,22.9%,UPDATE
2026-01-19 18:02:43,Nitro Tap,10.1%,UPDATE
2026-01-19 18:03:39,Nitro Tap,10.2%,UPDATE
2026-01-19 18:03:49,Law Tap,23.0%,UPDATE
2026-01-19 18:04:23,Wisco Tap,50.6%,UPDATE
2026-01-19 18:05:00,Nitro Tap,10.3%,UPDATE
2026-01-19 18:08:03,Nitro Tap,10.4%,UPDATE
2026-01-19 18:09:59,Law Tap,23.1%,UPDATE
2026-01-19 18:14:51,Nitro Tap,10.5%,UPDATE
2026-01-19 18:19:52,Nitro Tap,10.6%,UPDATE
2026-01-19 18:22:45,Nitro Tap,10.7%,UPDATE
2026-01-19 18:25:34,Nitro Tap,10.8%,UPDATE
2026-01-19 18:28:45,Nitro Tap,10.9%,UPDATE
2026-01-19 18:32:57,Nitro Tap,11.0%,UPDATE
2026-01-19 18:35:12,Nitro Tap,11.1%,UPDATE
2026-01-19 18:38:30,Nitro Tap,11.2%,UPDATE
2026-01-19 18:41:34,Nitro Tap,11.3%,UPDATE
2026-01-19 18:45:35,Nitro Tap,11.4%,UPDATE
2026-01-19 18:48:37,Wisco Tap,50.5%,UPDATE
2026-01-19 18:48:47,Law Tap,22.9%,UPDATE
2026-01-19 18:48:49,Law Tap,22.7%,UPDATE
2026-01-19 18:49:18,Law Tap,22.5%,UPDATE
2026-01-19 18:49:19,Law Tap,22.3%,UPDATE
2026-01-19 18:49:42,Law Tap,22.1%,UPDATE
2026-01-19 18:49:44,Law Tap,21.9%,UPDATE
2026-01-19 18:50:05,Wisco Tap,50.4%,UPDATE
2026-01-19 18:50:17,Law Tap,21.7%,UPDATE
2026-01-19 18:50:19,Law Tap,21.5%,UPDATE
2026-01-19 18:50:42,Law Tap,21.3%,UPDATE
2026-01-19 18:50:43,Law Tap,21.2%,UPDATE
2026-01-19 18:50:43,Law Tap,12.17 pts,POUR
2026-01-19 18:51:34,Nitro Tap,11.5%,UPDATE
2026-01-19 18:51:47,Wisco Tap,50.5%,UPDATE
2026-01-19 18:55:29,Nitro Tap,11.6%,UPDATE
2026-01-19 18:58:36,Nitro Tap,11.7%,UPDATE
2026-01-19 19:03:50,Nitro Tap,11.8%,UPDATE
2026-01-19 19:04:53,Wisco Tap,50.4%,UPDATE
2026-01-19 19:08:26,Nitro Tap,11.9%,UPDATE
2026-01-19 19:14:42,Law Tap,21.3%,UPDATE
2026-01-19 19:17:58,Nitro Tap,12.0%,UPDATE
2026-01-19 19:20:36,Wisco Tap,50.5%,UPDATE
2026-01-19 19:22:43,Nitro Tap,11.9%,UPDATE
2026-01-19 19:22:50,Nitro Tap,11.8%,UPDATE
2026-01-19 19:23:16,Nitro Tap,11.7%,UPDATE
2026-01-19 19:23:23,Nitro Tap,11.6%,UPDATE
2026-01-19 19:23:39,Nitro Tap,11.5%,UPDATE
2026-01-19 19:23:57,Nitro Tap,11.4%,UPDATE
2026-01-19 19:24:14,Nitro Tap,11.3%,UPDATE
2026-01-19 19:25:15,Nitro Tap,11.2%,UPDATE
2026-01-19 19:26:43,Nitro Tap,11.1%,UPDATE
2026-01-19 19:27:07,Nitro Tap,11.0%,UPDATE
2026-01-19 19:27:36,Nitro Tap,10.9%,UPDATE
2026-01-19 19:28:57,Nitro Tap,10.8%,UPDATE
2026-01-19 19:31:41,Nitro Tap,10.7%,UPDATE
2026-01-19 19:32:47,Nitro Tap,10.6%,UPDATE
2026-01-19 19:33:23,Nitro Tap,10.5%,UPDATE
2026-01-19 19:34:19,Nitro Tap,10.4%,UPDATE
2026-01-19 19:36:58,Nitro Tap,10.3%,UPDATE
2026-01-19 19:37:33,Nitro Tap,10.2%,UPDATE
2026-01-19 19:38:32,Nitro Tap,10.1%,UPDATE
2026-01-19 19:41:48,Nitro Tap,11.90 pts,POUR
2026-01-19 19:46:49,Law Tap,21.4%,UPDATE
2026-01-19 19:49:50,Nitro Tap,10.0%,UPDATE
2026-01-19 19:51:59,Nitro Tap,10.1%,UPDATE
2026-01-19 19:52:07,Nitro Tap,10.2%,UPDATE
2026-01-19 19:52:20,Nitro Tap,10.3%,UPDATE
2026-01-19 19:52:40,Nitro Tap,10.2%,UPDATE
2026-01-19 19:53:07,Nitro Tap,10.1%,UPDATE
2026-01-19 19:55:05,Nitro Tap,10.2%,UPDATE
2026-01-19 19:57:30,Nitro Tap,10.3%,UPDATE
2026-01-19 20:02:50,Wisco Tap,50.4%,UPDATE
2026-01-19 20:02:59,Nitro Tap,10.4%,UPDATE
2026-01-19 20:07:37,Nitro Tap,10.5%,UPDATE
2026-01-19 20:08:27,Wisco Tap,50.5%,UPDATE
2026-01-19 20:11:51,Nitro Tap,10.6%,UPDATE
2026-01-19 20:14:54,Nitro Tap,10.7%,UPDATE
2026-01-19 20:17:50,Nitro Tap,10.8%,UPDATE
2026-01-19 20:20:26,Nitro Tap,10.9%,UPDATE
2026-01-19 20:23:51,Nitro Tap,11.0%,UPDATE
2026-01-19 20:28:00,Nitro Tap,11.1%,UPDATE
2026-01-19 20:31:49,Nitro Tap,11.2%,UPDATE
2026-01-19 20:33:41,Law Tap,21.5%,UPDATE
2026-01-19 20:35:27,Nitro Tap,11.3%,UPDATE
2026-01-19 20:36:18,Law Tap,21.4%,UPDATE
2026-01-19 20:39:36,Nitro Tap,11.4%,UPDATE
2026-01-19 20:43:30,Nitro Tap,11.5%,UPDATE
2026-01-19 20:47:40,Nitro Tap,11.6%,UPDATE
2026-01-19 20:50:56,Law Tap,21.5%,UPDATE
2026-01-19 20:51:42,Nitro Tap,11.7%,UPDATE
2026-01-19 20:57:18,Nitro Tap,11.8%,UPDATE
2026-01-19 21:03:01,Nitro Tap,11.9%,UPDATE
2026-01-19 21:13:22,Nitro Tap,11.8%,UPDATE
2026-01-19 21:13:41,Nitro Tap,11.7%,UPDATE
2026-01-19 21:13:53,Nitro Tap,11.6%,UPDATE
2026-01-19 21:14:11,Nitro Tap,11.5%,UPDATE
2026-01-19 21:14:29,Nitro Tap,11.4%,UPDATE
2026-01-19 21:14:46,Nitro Tap,11.3%,UPDATE
2026-01-19 21:15:23,Nitro Tap,11.2%,UPDATE
2026-01-19 21:15:51,Nitro Tap,11.1%,UPDATE
2026-01-19 21:16:21,Nitro Tap,11.0%,UPDATE
2026-01-19 21:17:42,Nitro Tap,10.9%,UPDATE
2026-01-19 21:18:46,Nitro Tap,10.8%,UPDATE
2026-01-19 21:21:14,Nitro Tap,10.7%,UPDATE
2026-01-19 21:22:53,Nitro Tap,10.6%,UPDATE
2026-01-19 21:23:47,Nitro Tap,10.5%,UPDATE
2026-01-19 21:25:10,Nitro Tap,10.4%,UPDATE
2026-01-19 21:25:52,Nitro Tap,10.3%,UPDATE
2026-01-19 21:26:53,Nitro Tap,10.2%,UPDATE
2026-01-19 21:27:47,Nitro Tap,10.1%,UPDATE
2026-01-19 21:29:48,Nitro Tap,10.0%,UPDATE
2026-01-19 21:32:26,Nitro Tap,10.1%,UPDATE
2026-01-19 21:32:27,Nitro Tap,10.2%,UPDATE
2026-01-19 21:32:34,Nitro Tap,10.3%,UPDATE
2026-01-19 21:32:45,Nitro Tap,10.4%,UPDATE
2026-01-19 21:32:53,Nitro Tap,10.3%,UPDATE
2026-01-19 21:33:02,Nitro Tap,10.2%,UPDATE
2026-01-19 21:35:20,Nitro Tap,10.3%,UPDATE
2026-01-19 21:36:19,Nitro Tap,10.4%,UPDATE
2026-01-19 21:38:50,Nitro Tap,10.5%,UPDATE
2026-01-19 21:41:16,Nitro Tap,8.76 pts,POUR
2026-01-19 21:43:16,Nitro Tap,10.6%,UPDATE
2026-01-19 21:48:48,Nitro Tap,10.7%,UPDATE
2026-01-19 21:52:22,Law Tap,21.6%,UPDATE
2026-01-19 21:53:08,Nitro Tap,10.8%,UPDATE
2026-01-19 21:56:52,Nitro Tap,10.9%,UPDATE
2026-01-19 22:00:52,Nitro Tap,11.0%,UPDATE
2026-01-19 22:04:58,Nitro Tap,11.1%,UPDATE
2026-01-19 22:09:21,Nitro Tap,11.2%,UPDATE
2026-01-19 22:13:46,Nitro Tap,11.3%,UPDATE
2026-01-19 22:18:49,Nitro Tap,11.4%,UPDATE
2026-01-19 22:22:25,Nitro Tap,11.5%,UPDATE
2026-01-19 22:24:08,Law Tap,21.5%,UPDATE
2026-01-19 22:25:37,Law Tap,21.4%,UPDATE
2026-01-19 22:26:39,Law Tap,21.3%,UPDATE
2026-01-19 22:27:49,Nitro Tap,11.6%,UPDATE
2026-01-19 22:28:02,Law Tap,21.2%,UPDATE
2026-01-19 22:31:16,Law Tap,21.1%,UPDATE
2026-01-19 22:33:53,Nitro Tap,11.7%,UPDATE
2026-01-19 22:40:52,Nitro Tap,11.8%,UPDATE
2026-01-19 22:43:04,Nitro Tap,11.7%,UPDATE
2026-01-19 22:43:21,Nitro Tap,11.6%,UPDATE
2026-01-19 22:43:37,Nitro Tap,11.5%,UPDATE
2026-01-19 22:43:58,Nitro Tap,11.4%,UPDATE
2026-01-19 22:44:31,Nitro Tap,11.3%,UPDATE
2026-01-19 22:45:00,Nitro Tap,11.2%,UPDATE
2026-01-19 22:45:55,Nitro Tap,11.1%,UPDATE
2026-01-19 22:46:21,Nitro Tap,11.0%,UPDATE
2026-01-19 22:47:58,Nitro Tap,10.9%,UPDATE
2026-01-19 22:50:02,Nitro Tap,10.8%,UPDATE
2026-01-19 22:52:03,Nitro Tap,10.7%,UPDATE
2026-01-19 22:52:56,Nitro Tap,10.6%,UPDATE
2026-01-19 22:54:06,Nitro Tap,10.5%,UPDATE
2026-01-19 22:54:56,Law Tap,21.0%,UPDATE
2026-01-19 22:55:10,Nitro Tap,10.4%,UPDATE
2026-01-19 22:56:22,Nitro Tap,10.3%,UPDATE
2026-01-19 22:57:09,Nitro Tap,10.2%,UPDATE
2026-01-19 22:58:05,Nitro Tap,10.1%,UPDATE
2026-01-19 22:59:26,Nitro Tap,10.11 pts,POUR
2026-01-19 23:02:06,Nitro Tap,10.2%,UPDATE
2026-01-19 23:02:07,Nitro Tap,10.3%,UPDATE
2026-01-19 23:02:22,Nitro Tap,10.4%,UPDATE
2026-01-19 23:02:43,Nitro Tap,10.3%,UPDATE
2026-01-19 23:03:31,Nitro Tap,10.2%,UPDATE
2026-01-19 23:04:57,Nitro Tap,10.3%,UPDATE
2026-01-19 23:05:40,Nitro Tap,10.4%,UPDATE
2026-01-19 23:06:50,Law Tap,20.9%,UPDATE
2026-01-19 23:07:02,Nitro Tap,10.5%,UPDATE
2026-01-19 23:09:58,Nitro Tap,10.6%,UPDATE
2026-01-19 23:14:58,Nitro Tap,10.7%,UPDATE
2026-01-19 23:19:58,Nitro Tap,10.8%,UPDATE
2026-01-19 23:22:46,Law Tap,20.8%,UPDATE
2026-01-19 23:24:00,Nitro Tap,10.9%,UPDATE
2026-01-19 23:28:03,Nitro Tap,11.0%,UPDATE
2026-01-19 23:32:02,Nitro Tap,11.1%,UPDATE
2026-01-19 23:36:24,Nitro Tap,11.2%,UPDATE
2026-01-19 23:40:28,Nitro Tap,11.3%,UPDATE
2026-01-19 23:44:03,Nitro Tap,11.4%,UPDATE
2026-01-19 23:46:15,Law Tap,20.7%,UPDATE
2026-01-19 23:47:48,Law Tap,20.8%,UPDATE
2026-01-19 23:49:04,Nitro Tap,11.5%,UPDATE
2026-01-19 23:49:17,Law Tap,20.9%,UPDATE
2026-01-19 23:51:17,Law Tap,21.0%,UPDATE
2026-01-19 23:53:35,Nitro Tap,11.6%,UPDATE
2026-01-19 23:54:48,Law Tap,21.1%,UPDATE
2026-01-19 23:58:30,Nitro Tap,11.7%,UPDATE
2026-01-20 00:04:06,Nitro Tap,11.8%,UPDATE
2026-01-20 00:10:31,Nitro Tap,11.9%,UPDATE
2026-01-20 00:11:17,Law Tap,21.2%,UPDATE
2026-01-20 00:14:42,Nitro Tap,11.8%,UPDATE
2026-01-20 00:14:55,Nitro Tap,11.7%,UPDATE
2026-01-20 00:15:09,Nitro Tap,11.6%,UPDATE
2026-01-20 00:15:28,Nitro Tap,11.5%,UPDATE
2026-01-20 00:15:45,Nitro Tap,11.4%,UPDATE
2026-01-20 00:16:24,Nitro Tap,11.3%,UPDATE
2026-01-20 00:17:13,Nitro Tap,11.2%,UPDATE
2026-01-20 00:17:46,Nitro Tap,11.1%,UPDATE
2026-01-20 00:18:21,Nitro Tap,11.0%,UPDATE
2026-01-20 00:20:14,Nitro Tap,10.9%,UPDATE
2026-01-20 00:23:13,Nitro Tap,10.8%,UPDATE
2026-01-20 00:24:13,Nitro Tap,10.7%,UPDATE
2026-01-20 00:25:14,Nitro Tap,10.6%,UPDATE
2026-01-20 00:26:13,Nitro Tap,10.5%,UPDATE
2026-01-20 00:27:15,Nitro Tap,10.4%,UPDATE
2026-01-20 00:28:14,Nitro Tap,10.3%,UPDATE
2026-01-20 00:29:15,Nitro Tap,10.2%,UPDATE
2026-01-20 00:31:15,Nitro Tap,10.75 pts,POUR
2026-01-20 00:33:39,Nitro Tap,10.1%,UPDATE
2026-01-20 00:34:57,Nitro Tap,10.2%,UPDATE
2026-01-20 00:35:08,Nitro Tap,10.3%,UPDATE
2026-01-20 00:36:26,Nitro Tap,10.2%,UPDATE
2026-01-20 00:37:14,Nitro Tap,10.3%,UPDATE
2026-01-20 00:38:18,Nitro Tap,10.4%,UPDATE
2026-01-20 00:39:41,Nitro Tap,10.5%,UPDATE
2026-01-20 00:42:39,Nitro Tap,10.6%,UPDATE
2026-01-20 00:48:41,Nitro Tap,10.7%,UPDATE
2026-01-20 00:53:40,Nitro Tap,10.8%,UPDATE
2026-01-20 00:57:17,Nitro Tap,10.9%,UPDATE
2026-01-20 01:01:18,Nitro Tap,11.0%,UPDATE
2026-01-20 01:05:17,Nitro Tap,11.1%,UPDATE
2026-01-20 01:08:47,Nitro Tap,11.2%,UPDATE
2026-01-20 01:13:17,Nitro Tap,11.3%,UPDATE
2026-01-20 01:17:20,Nitro Tap,11.4%,UPDATE
2026-01-20 01:21:45,Nitro Tap,11.5%,UPDATE
2026-01-20 01:26:20,Nitro Tap,11.6%,UPDATE
2026-01-20 01:30:51,Nitro Tap,11.7%,UPDATE
2026-01-20 01:36:20,Nitro Tap,11.8%,UPDATE
2026-01-20 01:42:24,Nitro Tap,11.9%,UPDATE
2026-01-20 01:48:35,Law Tap,21.3%,UPDATE
2026-01-20 01:49:46,Nitro Tap,12.0%,UPDATE
2026-01-20 01:51:29,Nitro Tap,11.9%,UPDATE
2026-01-20 01:51:39,Nitro Tap,11.8%,UPDATE
2026-01-20 01:52:12,Nitro Tap,11.7%,UPDATE
2026-01-20 01:52:31,Nitro Tap,11.6%,UPDATE
2026-01-20 01:52:51,Nitro Tap,11.5%,UPDATE
2026-01-20 01:53:35,Nitro Tap,11.4%,UPDATE
2026-01-20 01:53:37,Nitro Tap,11.3%,UPDATE
2026-01-20 01:54:35,Nitro Tap,11.2%,UPDATE
2026-01-20 01:55:02,Nitro Tap,11.1%,UPDATE
2026-01-20 01:56:29,Nitro Tap,11.0%,UPDATE
2026-01-20 01:58:18,Nitro Tap,10.9%,UPDATE
2026-01-20 02:00:17,Nitro Tap,10.8%,UPDATE
2026-01-20 02:01:47,Nitro Tap,10.7%,UPDATE
2026-01-20 02:02:41,Nitro Tap,10.6%,UPDATE
2026-01-20 02:03:53,Nitro Tap,10.5%,UPDATE
2026-01-20 02:04:44,Nitro Tap,10.4%,UPDATE
2026-01-20 02:05:59,Nitro Tap,10.3%,UPDATE
2026-01-20 02:07:13,Nitro Tap,10.2%,UPDATE
2026-01-20 02:09:14,Nitro Tap,11.46 pts,POUR
2026-01-20 02:09:41,Nitro Tap,10.3%,UPDATE
2026-01-20 02:09:52,Nitro Tap,10.4%,UPDATE
2026-01-20 02:10:33,Nitro Tap,10.3%,UPDATE
2026-01-20 02:12:04,Nitro Tap,10.4%,UPDATE
2026-01-20 02:13:00,Nitro Tap,10.5%,UPDATE
2026-01-20 02:14:39,Nitro Tap,10.6%,UPDATE
2026-01-20 02:17:02,Nitro Tap,10.7%,UPDATE
2026-01-20 02:23:56,Nitro Tap,10.8%,UPDATE
2026-01-20 02:28:34,Nitro Tap,10.9%,UPDATE
2026-01-20 02:33:02,Nitro Tap,11.0%,UPDATE
2026-01-20 02:37:17,Nitro Tap,11.1%,UPDATE
2026-01-20 02:37:52,Law Tap,21.4%,UPDATE
2026-01-20 02:41:47,Nitro Tap,11.2%,UPDATE
2026-01-20 02:46:05,Nitro Tap,11.3%,UPDATE
2026-01-20 02:49:52,Nitro Tap,11.4%,UPDATE
2026-01-20 02:54:49,Nitro Tap,11.5%,UPDATE
2026-01-20 02:59:58,Nitro Tap,11.6%,UPDATE
2026-01-20 03:05:20,Nitro Tap,11.7%,UPDATE
2026-01-20 03:10:21,Nitro Tap,11.8%,UPDATE
2026-01-20 03:17:01,Nitro Tap,11.9%,UPDATE
2026-01-20 03:24:08,Nitro Tap,12.0%,UPDATE
2026-01-20 03:24:25,Nitro Tap,11.9%,UPDATE
2026-01-20 03:24:44,Nitro Tap,11.8%,UPDATE
2026-01-20 03:24:53,Nitro Tap,11.7%,UPDATE
2026-01-20 03:25:09,Nitro Tap,11.6%,UPDATE
2026-01-20 03:25:32,Nitro Tap,11.5%,UPDATE
2026-01-20 03:26:12,Nitro Tap,11.4%,UPDATE
2026-01-20 03:26:40,Nitro Tap,11.3%,UPDATE
2026-01-20 03:27:23,Nitro Tap,11.2%,UPDATE
2026-01-20 03:28:25,Nitro Tap,11.1%,UPDATE
2026-01-20 03:29:39,Nitro Tap,11.0%,UPDATE
2026-01-20 03:31:45,Nitro Tap,10.9%,UPDATE
2026-01-20 03:33:21,Nitro Tap,10.8%,UPDATE
2026-01-20 03:34:38,Nitro Tap,10.7%,UPDATE
2026-01-20 03:35:39,Nitro Tap,10.6%,UPDATE
2026-01-20 03:36:38,Nitro Tap,10.5%,UPDATE
2026-01-20 03:37:42,Nitro Tap,10.4%,UPDATE
2026-01-20 03:38:48,Nitro Tap,10.3%,UPDATE
2026-01-20 03:40:23,Nitro Tap,10.2%,UPDATE
2026-01-20 03:42:20,Nitro Tap,11.13 pts,POUR
2026-01-20 03:42:50,Nitro Tap,10.3%,UPDATE
2026-01-20 03:42:57,Nitro Tap,10.4%,UPDATE
2026-01-20 03:43:04,Nitro Tap,10.5%,UPDATE
2026-01-20 03:43:25,Nitro Tap,10.4%,UPDATE
2026-01-20 03:44:21,Nitro Tap,10.3%,UPDATE
2026-01-20 03:45:06,Nitro Tap,10.4%,UPDATE
2026-01-20 03:46:06,Nitro Tap,10.5%,UPDATE
2026-01-20 03:47:39,Nitro Tap,10.6%,UPDATE
2026-01-20 03:50:22,Nitro Tap,10.7%,UPDATE
2026-01-20 03:56:58,Nitro Tap,10.8%,UPDATE
2026-01-20 04:01:30,Nitro Tap,10.9%,UPDATE
2026-01-20 04:05:55,Nitro Tap,11.0%,UPDATE
2026-01-20 04:10:13,Nitro Tap,11.1%,UPDATE
2026-01-20 04:14:08,Nitro Tap,11.2%,UPDATE
2026-01-20 04:18:32,Nitro Tap,11.3%,UPDATE
2026-01-20 04:22:56,Nitro Tap,11.4%,UPDATE
2026-01-20 04:27:24,Nitro Tap,11.5%,UPDATE
2026-01-20 04:31:56,Nitro Tap,11.6%,UPDATE
2026-01-20 04:36:57,Nitro Tap,11.7%,UPDATE
2026-01-20 04:42:06,Nitro Tap,11.8%,UPDATE
2026-01-20 04:48:34,Nitro Tap,11.9%,UPDATE
2026-01-20 04:55:50,Nitro Tap,12.0%,UPDATE
2026-01-20 05:01:13,Nitro Tap,11.9%,UPDATE
2026-01-20 05:01:24,Nitro Tap,11.8%,UPDATE
2026-01-20 05:01:38,Nitro Tap,11.7%,UPDATE
2026-01-20 05:01:50,Nitro Tap,11.6%,UPDATE
2026-01-20 05:02:15,Nitro Tap,11.5%,UPDATE
2026-01-20 05:02:52,Nitro Tap,11.4%,UPDATE
2026-01-20 05:03:46,Nitro Tap,11.3%,UPDATE
2026-01-20 05:04:26,Nitro Tap,11.2%,UPDATE
2026-01-20 05:04:55,Nitro Tap,11.1%,UPDATE
2026-01-20 05:06:28,Nitro Tap,11.0%,UPDATE
2026-01-20 05:08:55,Nitro Tap,10.9%,UPDATE
2026-01-20 05:10:48,Nitro Tap,10.8%,UPDATE
2026-01-20 05:11:48,Nitro Tap,10.7%,UPDATE
2026-01-20 05:12:51,Nitro Tap,10.6%,UPDATE
2026-01-20 05:13:27,Nitro Tap,10.5%,UPDATE
2026-01-20 05:14:48,Nitro Tap,10.4%,UPDATE
2026-01-20 05:15:51,Nitro Tap,10.3%,UPDATE
2026-01-20 05:16:49,Nitro Tap,10.2%,UPDATE
2026-01-20 05:17:47,Nitro Tap,11.06 pts,POUR
2026-01-20 05:20:59,Nitro Tap,10.3%,UPDATE
2026-01-20 05:21:04,Nitro Tap,10.4%,UPDATE
2026-01-20 05:21:15,Nitro Tap,10.5%,UPDATE
2026-01-20 05:21:32,Nitro Tap,10.4%,UPDATE
2026-01-20 05:22:04,Nitro Tap,10.3%,UPDATE
2026-01-20 05:23:47,Nitro Tap,10.4%,UPDATE
2026-01-20 05:24:39,Nitro Tap,10.5%,UPDATE
2026-01-20 05:26:18,Nitro Tap,10.6%,UPDATE
2026-01-20 05:30:29,Nitro Tap,10.7%,UPDATE
2026-01-20 05:36:02,Nitro Tap,10.8%,UPDATE
2026-01-20 05:40:15,Nitro Tap,10.9%,UPDATE
2026-01-20 05:43:53,Nitro Tap,11.0%,UPDATE
2026-01-20 05:48:33,Nitro Tap,11.1%,UPDATE
2026-01-20 05:52:39,Nitro Tap,11.2%,UPDATE
2026-01-20 05:56:27,Law Tap,21.3%,UPDATE
2026-01-20 05:56:41,Nitro Tap,11.3%,UPDATE
2026-01-20 06:00:57,Nitro Tap,11.4%,UPDATE
2026-01-20 06:05:31,Nitro Tap,11.5%,UPDATE
2026-01-20 06:10:35,Nitro Tap,11.6%,UPDATE
2026-01-20 06:15:07,Nitro Tap,11.7%,UPDATE
2026-01-20 06:20:06,Nitro Tap,11.8%,UPDATE
2026-01-20 06:26:22,Nitro Tap,11.9%,UPDATE
2026-01-20 06:33:07,Nitro Tap,12.0%,UPDATE
2026-01-20 06:39:20,Nitro Tap,12.1%,UPDATE
2026-01-20 06:42:07,Nitro Tap,12.0%,UPDATE
2026-01-20 06:42:13,Nitro Tap,11.9%,UPDATE
2026-01-20 06:42:31,Nitro Tap,11.8%,UPDATE
2026-01-20 06:42:50,Nitro Tap,11.7%,UPDATE
2026-01-20 06:43:05,Nitro Tap,11.6%,UPDATE
2026-01-20 06:43:24,Nitro Tap,11.5%,UPDATE
2026-01-20 06:43:54,Nitro Tap,11.4%,UPDATE
2026-01-20 06:44:23,Nitro Tap,11.3%,UPDATE
2026-01-20 06:45:12,Nitro Tap,11.2%,UPDATE
2026-01-20 06:45:38,Nitro Tap,11.1%,UPDATE
2026-01-20 06:46:47,Nitro Tap,11.0%,UPDATE
2026-01-20 06:48:36,Nitro Tap,10.9%,UPDATE
2026-01-20 06:50:38,Nitro Tap,10.8%,UPDATE
2026-01-20 06:52:11,Nitro Tap,10.7%,UPDATE
2026-01-20 06:53:07,Nitro Tap,10.6%,UPDATE
2026-01-20 06:53:38,Nitro Tap,10.5%,UPDATE
2026-01-20 06:54:21,Nitro Tap,10.4%,UPDATE
2026-01-20 06:55:12,Nitro Tap,10.3%,UPDATE
2026-01-20 06:56:37,Nitro Tap,10.2%,UPDATE
2026-01-20 07:02:12,Nitro Tap,11.19 pts,POUR
2026-01-20 07:04:41,Nitro Tap,10.1%,UPDATE
2026-01-20 07:09:03,Law Tap,21.2%,UPDATE
2026-01-20 07:11:03,Nitro Tap,10.2%,UPDATE
2026-01-20 07:11:14,Nitro Tap,10.3%,UPDATE
2026-01-20 07:11:40,Nitro Tap,10.2%,UPDATE
2026-01-20 07:12:14,Nitro Tap,10.1%,UPDATE
2026-01-20 07:13:15,Nitro Tap,10.2%,UPDATE
2026-01-20 07:15:10,Nitro Tap,10.3%,UPDATE
2026-01-20 07:17:12,Nitro Tap,10.4%,UPDATE
2026-01-20 07:24:14,Nitro Tap,10.5%,UPDATE
2026-01-20 07:27:45,Nitro Tap,10.6%,UPDATE
2026-01-20 07:31:42,Nitro Tap,10.7%,UPDATE
2026-01-20 07:32:58,Law Tap,21.1%,UPDATE
2026-01-20 07:34:28,Law Tap,21.0%,UPDATE
2026-01-20 07:35:13,Nitro Tap,10.8%,UPDATE
2026-01-20 07:36:03,Law Tap,20.9%,UPDATE
2026-01-20 07:38:42,Nitro Tap,10.9%,UPDATE
2026-01-20 07:39:01,Law Tap,20.8%,UPDATE
2026-01-20 07:42:13,Nitro Tap,11.0%,UPDATE
2026-01-20 07:45:42,Nitro Tap,11.1%,UPDATE
2026-01-20 07:48:39,Law Tap,20.7%,UPDATE
2026-01-20 07:49:16,Nitro Tap,11.2%,UPDATE
2026-01-20 07:52:48,Nitro Tap,11.3%,UPDATE
2026-01-20 07:56:45,Nitro Tap,11.4%,UPDATE
2026-01-20 08:00:44,Nitro Tap,11.5%,UPDATE
2026-01-20 08:04:45,Nitro Tap,11.6%,UPDATE
2026-01-20 08:09:17,Nitro Tap,11.7%,UPDATE
2026-01-20 08:14:43,Nitro Tap,11.8%,UPDATE
2026-01-20 08:18:33,Law Tap,20.6%,UPDATE
2026-01-20 08:20:18,Nitro Tap,11.9%,UPDATE
2026-01-20 08:28:18,Nitro Tap,12.0%,UPDATE
2026-01-20 08:35:17,Nitro Tap,11.9%,UPDATE
2026-01-20 08:35:29,Nitro Tap,11.8%,UPDATE
2026-01-20 08:35:37,Nitro Tap,11.7%,UPDATE
2026-01-20 08:35:45,Nitro Tap,11.6%,UPDATE
2026-01-20 08:36:00,Nitro Tap,11.5%,UPDATE
2026-01-20 08:36:13,Nitro Tap,11.4%,UPDATE
2026-01-20 08:36:57,Nitro Tap,11.3%,UPDATE
2026-01-20 08:37:27,Nitro Tap,11.2%,UPDATE
2026-01-20 08:37:56,Nitro Tap,11.1%,UPDATE
2026-01-20 08:38:50,Nitro Tap,11.0%,UPDATE
2026-01-20 08:39:47,Nitro Tap,10.9%,UPDATE
2026-01-20 08:41:47,Nitro Tap,10.8%,UPDATE
2026-01-20 08:43:20,Law Tap,20.5%,UPDATE
2026-01-20 08:43:37,Nitro Tap,10.7%,UPDATE
2026-01-20 08:44:57,Nitro Tap,10.6%,UPDATE
2026-01-20 08:46:16,Nitro Tap,10.5%,UPDATE
2026-01-20 08:46:57,Nitro Tap,10.4%,UPDATE
2026-01-20 08:47:30,Nitro Tap,10.3%,UPDATE
2026-01-20 08:48:54,Nitro Tap,10.2%,UPDATE
2026-01-20 08:49:47,Nitro Tap,10.1%,UPDATE
2026-01-20 08:50:46,Nitro Tap,11.67 pts,POUR
2026-01-20 09:00:59,Nitro Tap,10.0%,UPDATE
2026-01-20 09:04:16,Nitro Tap,10.1%,UPDATE
2026-01-20 09:04:29,Nitro Tap,10.2%,UPDATE
2026-01-20 09:05:20,Nitro Tap,10.1%,UPDATE
2026-01-20 09:07:48,Nitro Tap,10.2%,UPDATE
2026-01-20 09:08:50,Law Tap,20.6%,UPDATE
2026-01-20 09:09:27,Nitro Tap,10.3%,UPDATE
2026-01-20 09:12:38,Law Tap,20.7%,UPDATE
2026-01-20 09:13:20,Nitro Tap,10.4%,UPDATE
2026-01-20 09:18:49,Nitro Tap,10.5%,UPDATE
2026-01-20 09:22:49,Nitro Tap,10.6%,UPDATE
2026-01-20 09:23:01,Law Tap,20.8%,UPDATE
2026-01-20 09:26:51,Nitro Tap,10.7%,UPDATE
2026-01-20 09:29:39,Nitro Tap,10.8%,UPDATE
2026-01-20 09:29:56,Law Tap,20.7%,UPDATE
2026-01-20 09:32:52,Nitro Tap,10.9%,UPDATE
2026-01-20 09:33:14,Law Tap,20.8%,UPDATE
2026-01-20 09:36:51,Nitro Tap,11.0%,UPDATE
2026-01-20 09:40:21,Nitro Tap,11.1%,UPDATE
2026-01-20 09:43:53,Nitro Tap,11.2%,UPDATE
2026-01-20 09:47:53,Nitro Tap,11.3%,UPDATE
2026-01-20 09:51:52,Nitro Tap,11.4%,UPDATE
2026-01-20 09:55:57,Nitro Tap,11.5%,UPDATE
2026-01-20 10:00:28,Nitro Tap,11.6%,UPDATE
2026-01-20 10:05:30,Nitro Tap,11.7%,UPDATE
2026-01-20 10:10:56,Nitro Tap,11.8%,UPDATE
2026-01-20 10:14:10,Law Tap,20.9%,UPDATE
2026-01-20 10:16:29,Nitro Tap,11.9%,UPDATE
2026-01-20 10:19:10,Law Tap,20.8%,UPDATE
2026-01-20 10:20:09,Law Tap,20.9%,UPDATE
2026-01-20 10:27:31,Nitro Tap,12.0%,UPDATE
2026-01-20 10:29:00,Nitro Tap,11.9%,UPDATE
2026-01-20 10:29:12,Nitro Tap,11.8%,UPDATE
2026-01-20 10:29:19,Nitro Tap,11.7%,UPDATE
2026-01-20 10:29:26,Nitro Tap,11.6%,UPDATE
2026-01-20 10:29:46,Nitro Tap,11.5%,UPDATE
2026-01-20 10:30:00,Nitro Tap,11.4%,UPDATE
2026-01-20 10:30:50,Nitro Tap,11.3%,UPDATE
2026-01-20 10:31:27,Nitro Tap,11.2%,UPDATE
2026-01-20 10:31:40,Nitro Tap,11.1%,UPDATE
2026-01-20 10:32:31,Nitro Tap,11.0%,UPDATE
2026-01-20 10:32:48,Wisco Tap,50.4%,UPDATE
2026-01-20 10:33:43,Nitro Tap,10.9%,UPDATE
2026-01-20 10:37:45,Nitro Tap,10.8%,UPDATE
2026-01-20 10:38:58,Nitro Tap,10.7%,UPDATE
2026-01-20 10:39:24,Nitro Tap,10.6%,UPDATE
2026-01-20 10:40:08,Nitro Tap,10.5%,UPDATE
2026-01-20 10:41:24,Nitro Tap,10.4%,UPDATE
2026-01-20 10:42:27,Wisco Tap,50.3%,UPDATE
2026-01-20 10:43:00,Nitro Tap,10.3%,UPDATE
2026-01-20 10:43:46,Nitro Tap,10.2%,UPDATE
2026-01-20 10:44:24,Nitro Tap,10.1%,UPDATE
2026-01-20 10:45:39,Nitro Tap,10.0%,UPDATE
2026-01-20 10:46:54,Nitro Tap,10.1%,UPDATE
2026-01-20 10:46:58,Nitro Tap,10.2%,UPDATE
2026-01-20 10:47:06,Nitro Tap,10.3%,UPDATE
2026-01-20 10:47:15,Nitro Tap,10.4%,UPDATE
2026-01-20 10:47:23,Nitro Tap,10.3%,UPDATE
2026-01-20 10:47:32,Nitro Tap,10.2%,UPDATE
2026-01-20 10:50:35,Nitro Tap,10.3%,UPDATE
2026-01-20 10:51:45,Nitro Tap,10.4%,UPDATE
2026-01-20 10:52:44,Nitro Tap,10.5%,UPDATE
2026-01-20 10:55:01,Nitro Tap,10.6%,UPDATE
2026-01-20 10:55:51,Nitro Tap,8.45 pts,POUR
2026-01-20 10:57:06,Law Tap,21.0%,UPDATE
2026-01-20 11:02:10,Nitro Tap,10.7%,UPDATE
2026-01-20 11:06:33,Nitro Tap,10.8%,UPDATE
2026-01-20 11:09:23,Law Tap,21.1%,UPDATE
2026-01-20 11:10:53,Nitro Tap,10.9%,UPDATE
2026-01-20 11:15:02,Nitro Tap,11.0%,UPDATE
2026-01-20 11:18:53,Nitro Tap,11.1%,UPDATE
2026-01-20 11:23:04,Nitro Tap,11.2%,UPDATE
2026-01-20 11:27:49,Nitro Tap,11.3%,UPDATE
2026-01-20 11:32:31,Nitro Tap,11.4%,UPDATE
2026-01-20 11:37:36,Nitro Tap,11.5%,UPDATE
2026-01-20 11:41:53,Law Tap,21.2%,UPDATE
2026-01-20 11:42:40,Nitro Tap,11.6%,UPDATE
2026-01-20 11:48:37,Nitro Tap,11.7%,UPDATE
2026-01-20 11:55:46,Nitro Tap,11.8%,UPDATE
2026-01-20 11:59:07,Nitro Tap,11.7%,UPDATE
2026-01-20 11:59:16,Nitro Tap,11.6%,UPDATE
2026-01-20 11:59:32,Nitro Tap,11.5%,UPDATE
2026-01-20 11:59:55,Nitro Tap,11.4%,UPDATE
2026-01-20 12:00:31,Nitro Tap,11.3%,UPDATE
2026-01-20 12:01:11,Nitro Tap,11.2%,UPDATE
2026-01-20 12:01:49,Nitro Tap,11.1%,UPDATE
2026-01-20 12:02:15,Nitro Tap,11.0%,UPDATE
2026-01-20 12:03:49,Nitro Tap,10.9%,UPDATE
2026-01-20 12:05:49,Nitro Tap,10.8%,UPDATE
2026-01-20 12:07:22,Nitro Tap,10.7%,UPDATE
2026-01-20 12:08:39,Nitro Tap,10.6%,UPDATE
2026-01-20 12:09:27,Nitro Tap,10.5%,UPDATE
2026-01-20 12:10:50,Nitro Tap,10.4%,UPDATE
2026-01-20 12:11:51,Nitro Tap,10.3%,UPDATE
2026-01-20 12:12:51,Nitro Tap,10.2%,UPDATE
2026-01-20 12:13:53,Nitro Tap,10.1%,UPDATE
2026-01-20 12:14:53,Nitro Tap,10.59 pts,POUR
2026-01-20 12:25:56,Nitro Tap,10.0%,UPDATE
2026-01-20 12:26:52,Nitro Tap,10.1%,UPDATE
2026-01-20 12:27:10,Nitro Tap,10.2%,UPDATE
2026-01-20 12:28:17,Nitro Tap,10.1%,UPDATE
2026-01-20 12:30:10,Nitro Tap,10.2%,UPDATE
2026-01-20 12:31:39,Nitro Tap,10.3%,UPDATE
2026-01-20 12:35:38,Nitro Tap,10.4%,UPDATE
2026-01-20 12:41:23,Nitro Tap,10.5%,UPDATE
2026-01-20 12:44:55,Nitro Tap,10.6%,UPDATE
2026-01-20 12:48:40,Nitro Tap,10.7%,UPDATE
2026-01-20 12:51:55,Nitro Tap,10.8%,UPDATE
2026-01-20 12:55:23,Nitro Tap,10.9%,UPDATE
2026-01-20 12:57:08,Law Tap,21.3%,UPDATE
2026-01-20 12:58:58,Nitro Tap,11.0%,UPDATE
2026-01-20 13:02:21,Nitro Tap,11.1%,UPDATE
2026-01-20 13:06:11,Nitro Tap,11.2%,UPDATE
2026-01-20 13:09:57,Nitro Tap,11.3%,UPDATE
2026-01-20 13:14:02,Nitro Tap,11.4%,UPDATE
2026-01-20 13:18:03,Nitro Tap,11.5%,UPDATE
2026-01-20 13:21:47,Law Tap,21.2%,UPDATE
2026-01-20 13:22:15,Nitro Tap,11.6%,UPDATE
2026-01-20 13:23:01,Law Tap,21.1%,UPDATE
2026-01-20 13:23:52,Law Tap,21.0%,UPDATE
2026-01-20 13:26:37,Law Tap,20.9%,UPDATE
2026-01-20 13:26:50,Nitro Tap,11.7%,UPDATE
2026-01-20 13:32:00,Nitro Tap,11.8%,UPDATE
2026-01-20 13:32:36,Law Tap,20.8%,UPDATE
2026-01-20 13:38:18,Nitro Tap,11.9%,UPDATE
2026-01-20 13:46:46,Nitro Tap,12.0%,UPDATE
2026-01-20 13:50:20,Nitro Tap,11.9%,UPDATE
2026-01-20 13:50:25,Nitro Tap,11.8%,UPDATE
2026-01-20 13:50:36,Nitro Tap,11.7%,UPDATE
2026-01-20 13:50:54,Nitro Tap,11.6%,UPDATE
2026-01-20 13:51:08,Nitro Tap,11.5%,UPDATE
2026-01-20 13:51:26,Nitro Tap,11.4%,UPDATE
2026-01-20 13:51:54,Nitro Tap,11.3%,UPDATE
2026-01-20 13:52:28,Nitro Tap,11.2%,UPDATE
2026-01-20 13:53:08,Nitro Tap,11.1%,UPDATE
2026-01-20 13:53:43,Nitro Tap,11.0%,UPDATE
2026-01-20 13:54:47,Nitro Tap,10.9%,UPDATE
2026-01-20 13:56:18,Nitro Tap,10.8%,UPDATE
2026-01-20 13:58:52,Nitro Tap,10.7%,UPDATE
2026-01-20 13:59:09,Law Tap,20.7%,UPDATE
2026-01-20 14:00:29,Nitro Tap,10.6%,UPDATE
2026-01-20 14:01:30,Nitro Tap,10.5%,UPDATE
2026-01-20 14:02:20,Nitro Tap,10.4%,UPDATE
2026-01-20 14:02:57,Nitro Tap,10.3%,UPDATE
2026-01-20 14:04:02,Nitro Tap,10.2%,UPDATE
2026-01-20 14:05:24,Nitro Tap,10.1%,UPDATE
2026-01-20 14:06:42,Nitro Tap,10.0%,UPDATE
2026-01-20 14:07:33,Nitro Tap,12.85 pts,POUR
2026-01-20 14:09:19,Nitro Tap,10.1%,UPDATE
2026-01-20 14:09:24,Nitro Tap,10.2%,UPDATE
2026-01-20 14:09:36,Nitro Tap,10.3%,UPDATE
2026-01-20 14:09:44,Nitro Tap,10.2%,UPDATE
2026-01-20 14:10:19,Nitro Tap,10.1%,UPDATE
2026-01-20 14:11:29,Nitro Tap,10.2%,UPDATE
2026-01-20 14:11:59,Nitro Tap,10.3%,UPDATE
2026-01-20 14:13:20,Nitro Tap,10.4%,UPDATE
2026-01-20 14:14:43,Law Tap,20.6%,UPDATE
2026-01-20 14:15:24,Nitro Tap,10.5%,UPDATE
2026-01-20 14:21:33,Nitro Tap,10.6%,UPDATE
2026-01-20 14:26:33,Nitro Tap,10.7%,UPDATE
2026-01-20 14:30:32,Nitro Tap,10.8%,UPDATE
2026-01-20 14:34:34,Nitro Tap,10.9%,UPDATE
2026-01-20 14:38:58,Nitro Tap,11.0%,UPDATE
2026-01-20 14:42:09,Law Tap,20.5%,UPDATE
2026-01-20 14:43:09,Nitro Tap,11.1%,UPDATE
2026-01-20 14:46:59,Nitro Tap,11.2%,UPDATE
2026-01-20 14:51:24,Nitro Tap,11.3%,UPDATE
2026-01-20 14:54:38,Law Tap,20.6%,UPDATE
2026-01-20 14:55:58,Nitro Tap,11.4%,UPDATE
2026-01-20 14:57:11,Law Tap,20.7%,UPDATE
2026-01-20 14:59:49,Law Tap,20.8%,UPDATE
2026-01-20 15:00:27,Nitro Tap,11.5%,UPDATE
2026-01-20 15:06:26,Nitro Tap,11.6%,UPDATE
2026-01-20 15:07:41,Law Tap,20.9%,UPDATE
2026-01-20 15:11:38,Nitro Tap,11.7%,UPDATE
2026-01-20 15:17:56,Nitro Tap,11.8%,UPDATE
2026-01-20 15:22:27,Nitro Tap,11.7%,UPDATE
2026-01-20 15:22:40,Nitro Tap,11.6%,UPDATE
2026-01-20 15:22:54,Nitro Tap,11.5%,UPDATE
2026-01-20 15:23:15,Nitro Tap,11.4%,UPDATE
2026-01-20 15:23:58,Nitro Tap,11.3%,UPDATE
2026-01-20 15:24:27,Nitro Tap,11.2%,UPDATE
2026-01-20 15:25:00,Nitro Tap,11.1%,UPDATE
2026-01-20 15:25:50,Nitro Tap,11.0%,UPDATE
2026-01-20 15:26:58,Nitro Tap,10.9%,UPDATE
2026-01-20 15:28:56,Nitro Tap,10.8%,UPDATE
2026-01-20 15:30:49,Nitro Tap,10.7%,UPDATE
2026-01-20 15:32:10,Nitro Tap,10.6%,UPDATE
2026-01-20 15:33:08,Nitro Tap,10.5%,UPDATE
2026-01-20 15:34:20,Nitro Tap,10.4%,UPDATE
2026-01-20 15:34:57,Nitro Tap,10.3%,UPDATE
2026-01-20 15:35:50,Nitro Tap,10.2%,UPDATE
2026-01-20 15:36:44,Nitro Tap,10.1%,UPDATE
2026-01-20 15:37:35,Nitro Tap,10.52 pts,POUR
2026-01-20 15:39:32,Law Tap,21.0%,UPDATE
2026-01-20 15:49:06,Nitro Tap,10.0%,UPDATE
2026-01-20 15:51:10,Nitro Tap,10.1%,UPDATE
2026-01-20 15:54:23,Nitro Tap,10.2%,UPDATE
2026-01-20 15:56:12,Nitro Tap,10.3%,UPDATE
2026-01-20 15:59:21,Law Tap,21.1%,UPDATE
2026-01-20 16:01:59,Nitro Tap,10.4%,UPDATE
2026-01-20 16:06:24,Nitro Tap,10.5%,UPDATE
2026-01-20 16:09:35,Nitro Tap,10.6%,UPDATE
2026-01-20 16:12:55,Nitro Tap,10.7%,UPDATE
2026-01-20 16:16:56,Nitro Tap,10.8%,UPDATE
2026-01-20 16:19:33,Nitro Tap,10.9%,UPDATE
2026-01-20 16:23:23,Nitro Tap,11.0%,UPDATE
2026-01-20 16:26:35,Nitro Tap,11.1%,UPDATE
2026-01-20 16:30:37,Nitro Tap,11.2%,UPDATE
2026-01-20 16:34:05,Nitro Tap,11.3%,UPDATE
2026-01-20 16:37:37,Nitro Tap,11.4%,UPDATE
2026-01-20 16:41:36,Nitro Tap,11.5%,UPDATE
2026-01-20 16:44:51,Law Tap,21.2%,UPDATE
2026-01-20 16:46:01,Nitro Tap,11.6%,UPDATE
2026-01-20 16:51:03,Nitro Tap,11.7%,UPDATE
2026-01-20 16:56:02,Nitro Tap,11.8%,UPDATE
2026-01-20 17:02:06,Nitro Tap,11.9%,UPDATE
2026-01-20 17:13:52,Nitro Tap,11.8%,UPDATE
2026-01-20 17:13:58,Nitro Tap,11.7%,UPDATE
2026-01-20 17:14:11,Nitro Tap,11.6%,UPDATE
2026-01-20 17:14:41,Nitro Tap,11.5%,UPDATE
2026-01-20 17:14:59,Nitro Tap,11.4%,UPDATE
2026-01-20 17:15:23,Nitro Tap,11.3%,UPDATE
2026-01-20 17:15:50,Nitro Tap,11.2%,UPDATE
2026-01-20 17:16:06,Law Tap,21.3%,UPDATE
2026-01-20 17:16:19,Nitro Tap,11.1%,UPDATE
2026-01-20 17:17:12,Nitro Tap,11.0%,UPDATE
2026-01-20 17:18:12,Nitro Tap,10.9%,UPDATE
2026-01-20 17:19:48,Nitro Tap,10.8%,UPDATE
2026-01-20 17:21:14,Nitro Tap,10.7%,UPDATE
2026-01-20 17:23:18,Nitro Tap,10.6%,UPDATE
2026-01-20 17:23:51,Nitro Tap,10.5%,UPDATE
2026-01-20 17:24:57,Nitro Tap,10.4%,UPDATE
2026-01-20 17:25:53,Nitro Tap,10.3%,UPDATE
2026-01-20 17:26:55,Nitro Tap,10.2%,UPDATE
2026-01-20 17:27:52,Nitro Tap,10.1%,UPDATE
2026-01-20 17:29:18,Nitro Tap,12.01 pts,POUR
2026-01-20 17:35:53,Nitro Tap,10.0%,UPDATE
2026-01-20 17:43:27,Nitro Tap,10.1%,UPDATE
2026-01-20 17:45:01,Nitro Tap,10.0%,UPDATE
2026-01-20 17:45:36,Nitro Tap,10.1%,UPDATE
2026-01-20 17:47:01,Nitro Tap,10.2%,UPDATE
2026-01-20 17:49:55,Nitro Tap,10.3%,UPDATE
2026-01-20 17:55:56,Nitro Tap,10.4%,UPDATE
2026-01-20 17:56:37,Law Tap,21.4%,UPDATE
2026-01-20 17:58:38,Law Tap,21.3%,UPDATE
2026-01-20 18:00:19,Nitro Tap,10.5%,UPDATE
2026-01-20 18:03:55,Nitro Tap,10.6%,UPDATE
2026-01-20 18:06:27,Nitro Tap,10.7%,UPDATE
2026-01-20 18:10:10,Law Tap,21.4%,UPDATE
2026-01-20 18:10:21,Nitro Tap,10.8%,UPDATE
2026-01-20 18:13:22,Nitro Tap,10.9%,UPDATE
2026-01-20 18:17:02,Nitro Tap,11.0%,UPDATE
2026-01-20 18:20:31,Nitro Tap,11.1%,UPDATE
2026-01-20 18:24:23,Nitro Tap,11.2%,UPDATE
2026-01-20 18:27:35,Nitro Tap,11.3%,UPDATE
2026-01-20 18:32:00,Nitro Tap,11.4%,UPDATE
2026-01-20 18:36:25,Nitro Tap,11.5%,UPDATE
2026-01-20 18:40:37,Nitro Tap,11.6%,UPDATE
2026-01-20 18:45:28,Nitro Tap,11.7%,UPDATE
2026-01-20 18:51:03,Nitro Tap,11.8%,UPDATE
2026-01-20 18:55:50,Law Tap,21.5%,UPDATE
2026-01-20 18:57:04,Nitro Tap,11.9%,UPDATE
2026-01-20 19:06:16,Nitro Tap,11.8%,UPDATE
2026-01-20 19:06:24,Nitro Tap,11.7%,UPDATE
2026-01-20 19:06:41,Nitro Tap,11.6%,UPDATE
2026-01-20 19:07:06,Nitro Tap,11.5%,UPDATE
2026-01-20 19:07:24,Nitro Tap,11.4%,UPDATE
2026-01-20 19:07:39,Nitro Tap,11.3%,UPDATE
2026-01-20 19:08:38,Nitro Tap,11.2%,UPDATE
2026-01-20 19:08:48,Nitro Tap,11.1%,UPDATE
2026-01-20 19:09:15,Nitro Tap,11.0%,UPDATE
2026-01-20 19:10:12,Nitro Tap,10.9%,UPDATE
2026-01-20 19:11:44,Nitro Tap,10.8%,UPDATE
2026-01-20 19:13:24,Law Tap,21.4%,UPDATE
2026-01-20 19:14:14,Nitro Tap,10.7%,UPDATE
2026-01-20 19:14:50,Law Tap,21.3%,UPDATE
2026-01-20 19:15:45,Nitro Tap,10.6%,UPDATE
2026-01-20 19:15:57,Law Tap,21.2%,UPDATE
2026-01-20 19:16:44,Nitro Tap,10.5%,UPDATE
2026-01-20 19:17:20,Nitro Tap,10.4%,UPDATE
2026-01-20 19:17:32,Law Tap,21.1%,UPDATE
2026-01-20 19:18:13,Nitro Tap,10.3%,UPDATE
2026-01-20 19:18:45,Nitro Tap,10.2%,UPDATE
2026-01-20 19:19:44,Nitro Tap,10.1%,UPDATE
2026-01-20 19:21:37,Nitro Tap,10.0%,UPDATE
2026-01-20 19:23:13,Nitro Tap,10.1%,UPDATE
2026-01-20 19:23:13,Nitro Tap,11.90 pts,POUR
2026-01-20 19:23:24,Law Tap,21.0%,UPDATE
2026-01-20 19:27:14,Nitro Tap,10.0%,UPDATE
2026-01-20 19:34:51,Nitro Tap,10.1%,UPDATE
2026-01-20 19:35:13,Nitro Tap,10.2%,UPDATE
2026-01-20 19:35:44,Nitro Tap,10.1%,UPDATE
2026-01-20 19:38:41,Nitro Tap,10.2%,UPDATE
2026-01-20 19:41:16,Nitro Tap,10.3%,UPDATE
2026-01-20 19:48:42,Nitro Tap,10.4%,UPDATE
2026-01-20 19:50:27,Law Tap,20.9%,UPDATE
2026-01-20 19:52:14,Nitro Tap,10.5%,UPDATE
2026-01-20 19:55:46,Nitro Tap,10.6%,UPDATE
2026-01-20 19:58:41,Nitro Tap,10.7%,UPDATE
2026-01-20 20:02:39,Nitro Tap,10.8%,UPDATE
2026-01-20 20:05:41,Nitro Tap,10.9%,UPDATE
2026-01-20 20:06:28,Law Tap,20.8%,UPDATE
2026-01-20 20:09:17,Nitro Tap,11.0%,UPDATE
2026-01-20 20:12:47,Nitro Tap,11.1%,UPDATE
2026-01-20 20:16:40,Nitro Tap,11.2%,UPDATE
2026-01-20 20:20:42,Nitro Tap,11.3%,UPDATE
2026-01-20 20:24:41,Nitro Tap,11.4%,UPDATE
2026-01-20 20:28:43,Nitro Tap,11.5%,UPDATE
2026-01-20 20:30:02,Law Tap,20.7%,UPDATE
2026-01-20 20:33:20,Nitro Tap,11.6%,UPDATE
2026-01-20 20:38:45,Nitro Tap,11.7%,UPDATE
2026-01-20 20:41:34,Law Tap,20.8%,UPDATE
2026-01-20 20:43:06,Law Tap,20.9%,UPDATE
2026-01-20 20:44:34,Law Tap,21.0%,UPDATE
2026-01-20 20:44:44,Nitro Tap,11.8%,UPDATE
2026-01-20 20:48:06,Law Tap,21.1%,UPDATE
2026-01-20 20:51:47,Nitro Tap,11.9%,UPDATE
2026-01-20 20:56:07,Law Tap,21.2%,UPDATE
2026-01-20 20:57:29,Nitro Tap,11.8%,UPDATE
2026-01-20 20:57:43,Nitro Tap,11.7%,UPDATE
2026-01-20 20:57:51,Nitro Tap,11.6%,UPDATE
2026-01-20 20:57:59,Nitro Tap,11.5%,UPDATE
2026-01-20 20:58:15,Nitro Tap,11.4%,UPDATE
2026-01-20 20:58:39,Nitro Tap,11.3%,UPDATE
2026-01-20 20:59:05,Nitro Tap,11.2%,UPDATE
2026-01-20 20:59:35,Nitro Tap,11.1%,UPDATE
2026-01-20 21:00:24,Nitro Tap,11.0%,UPDATE
2026-01-20 21:01:21,Nitro Tap,10.9%,UPDATE
2026-01-20 21:02:29,Nitro Tap,10.8%,UPDATE
2026-01-20 21:04:51,Nitro Tap,10.7%,UPDATE
2026-01-20 21:06:51,Nitro Tap,10.6%,UPDATE
2026-01-20 21:07:52,Nitro Tap,10.5%,UPDATE
2026-01-20 21:08:52,Nitro Tap,10.4%,UPDATE
2026-01-20 21:09:56,Nitro Tap,10.3%,UPDATE
2026-01-20 21:10:48,Nitro Tap,10.2%,UPDATE
2026-01-20 21:11:52,Nitro Tap,10.1%,UPDATE
2026-01-20 21:13:00,Nitro Tap,10.0%,UPDATE
2026-01-20 21:14:51,Nitro Tap,9.9%,UPDATE
2026-01-20 21:14:51,Nitro Tap,12.04 pts,POUR
2026-01-20 21:14:59,Nitro Tap,10.0%,UPDATE
2026-01-20 21:15:00,Nitro Tap,10.1%,UPDATE
2026-01-20 21:15:00,Nitro Tap,10.2%,UPDATE
2026-01-20 21:15:11,Nitro Tap,10.3%,UPDATE
2026-01-20 21:15:21,Nitro Tap,10.4%,UPDATE
2026-01-20 21:15:26,Nitro Tap,10.3%,UPDATE
2026-01-20 21:15:36,Nitro Tap,10.2%,UPDATE
2026-01-20 21:15:49,Nitro Tap,10.1%,UPDATE
2026-01-20 21:17:31,Nitro Tap,10.2%,UPDATE
2026-01-20 21:18:29,Nitro Tap,10.3%,UPDATE
2026-01-20 21:19:30,Nitro Tap,10.4%,UPDATE
2026-01-20 21:21:31,Nitro Tap,10.5%,UPDATE
2026-01-20 21:25:54,Nitro Tap,10.6%,UPDATE
2026-01-20 21:31:44,Nitro Tap,10.7%,UPDATE
2026-01-20 21:36:32,Nitro Tap,10.8%,UPDATE
2026-01-20 21:40:32,Nitro Tap,10.9%,UPDATE
2026-01-20 21:44:56,Nitro Tap,11.0%,UPDATE
2026-01-20 21:49:01,Nitro Tap,11.1%,UPDATE
2026-01-20 21:53:32,Nitro Tap,11.2%,UPDATE
2026-01-20 21:58:01,Nitro Tap,11.3%,UPDATE
2026-01-20 21:59:45,Law Tap,21.3%,UPDATE
2026-01-20 22:02:57,Nitro Tap,11.4%,UPDATE
2026-01-20 22:07:34,Nitro Tap,11.5%,UPDATE
2026-01-20 22:13:02,Nitro Tap,11.6%,UPDATE
2026-01-20 22:19:34,Nitro Tap,11.7%,UPDATE
2026-01-20 22:24:46,Nitro Tap,11.8%,UPDATE
2026-01-20 22:25:06,Nitro Tap,11.7%,UPDATE
2026-01-20 22:25:22,Nitro Tap,11.6%,UPDATE
2026-01-20 22:25:38,Nitro Tap,11.5%,UPDATE
2026-01-20 22:25:51,Nitro Tap,11.4%,UPDATE
2026-01-20 22:26:17,Nitro Tap,11.3%,UPDATE
2026-01-20 22:26:47,Nitro Tap,11.2%,UPDATE
2026-01-20 22:27:22,Nitro Tap,11.1%,UPDATE
2026-01-20 22:28:14,Nitro Tap,11.0%,UPDATE
2026-01-20 22:29:19,Nitro Tap,10.9%,UPDATE
2026-01-20 22:31:41,Nitro Tap,10.8%,UPDATE
2026-01-20 22:33:22,Nitro Tap,10.7%,UPDATE
2026-01-20 22:34:51,Nitro Tap,10.6%,UPDATE
2026-01-20 22:36:12,Nitro Tap,10.5%,UPDATE
2026-01-20 22:37:17,Nitro Tap,10.4%,UPDATE
2026-01-20 22:37:57,Nitro Tap,10.3%,UPDATE
2026-01-20 22:39:00,Nitro Tap,10.2%,UPDATE
2026-01-20 22:40:19,Nitro Tap,10.1%,UPDATE
2026-01-20 22:41:40,Nitro Tap,10.0%,UPDATE
2026-01-20 22:43:46,Nitro Tap,10.1%,UPDATE
2026-01-20 22:43:47,Nitro Tap,10.2%,UPDATE
2026-01-20 22:43:55,Nitro Tap,10.3%,UPDATE
2026-01-20 22:44:02,Nitro Tap,10.4%,UPDATE
2026-01-20 22:44:22,Nitro Tap,10.3%,UPDATE
2026-01-20 22:44:28,Nitro Tap,10.2%,UPDATE
2026-01-20 22:46:22,Law Tap,21.4%,UPDATE
2026-01-20 22:46:41,Nitro Tap,10.3%,UPDATE
2026-01-20 22:48:04,Nitro Tap,10.4%,UPDATE
2026-01-20 22:49:45,Nitro Tap,10.5%,UPDATE
2026-01-20 22:53:05,Nitro Tap,10.6%,UPDATE
2026-01-20 22:54:06,Nitro Tap,7.20 pts,POUR
2026-01-20 22:59:40,Nitro Tap,10.7%,UPDATE
2026-01-20 23:04:05,Nitro Tap,10.8%,UPDATE
2026-01-20 23:07:42,Nitro Tap,10.9%,UPDATE
2026-01-20 23:11:47,Nitro Tap,11.0%,UPDATE
2026-01-20 23:15:43,Nitro Tap,11.1%,UPDATE
2026-01-20 23:19:45,Nitro Tap,11.2%,UPDATE
2026-01-20 23:23:46,Nitro Tap,11.3%,UPDATE
2026-01-20 23:28:44,Nitro Tap,11.4%,UPDATE
2026-01-20 23:33:17,Nitro Tap,11.5%,UPDATE
2026-01-20 23:38:10,Nitro Tap,11.6%,UPDATE
2026-01-20 23:43:12,Nitro Tap,11.7%,UPDATE
2026-01-20 23:49:16,Nitro Tap,11.8%,UPDATE
2026-01-20 23:56:02,Nitro Tap,11.9%,UPDATE
2026-01-20 23:56:20,Nitro Tap,11.8%,UPDATE
2026-01-20 23:56:38,Nitro Tap,11.7%,UPDATE
2026-01-20 23:56:47,Nitro Tap,11.6%,UPDATE
2026-01-20 23:57:04,Nitro Tap,11.5%,UPDATE
2026-01-20 23:57:28,Nitro Tap,11.4%,UPDATE
2026-01-20 23:58:02,Nitro Tap,11.3%,UPDATE
2026-01-20 23:58:30,Nitro Tap,11.2%,UPDATE
2026-01-20 23:59:05,Nitro Tap,11.1%,UPDATE
2026-01-20 23:59:59,Nitro Tap,11.0%,UPDATE
2026-01-21 00:01:24,Nitro Tap,10.9%,UPDATE
2026-01-21 00:03:26,Nitro Tap,10.8%,UPDATE
2026-01-21 00:05:20,Nitro Tap,10.7%,UPDATE
2026-01-21 00:06:27,Nitro Tap,10.6%,UPDATE
2026-01-21 00:07:24,Nitro Tap,10.5%,UPDATE
2026-01-21 00:07:58,Nitro Tap,10.4%,UPDATE
2026-01-21 00:08:58,Nitro Tap,10.3%,UPDATE
2026-01-21 00:09:36,Nitro Tap,10.2%,UPDATE
2026-01-21 00:10:57,Nitro Tap,10.1%,UPDATE
2026-01-21 00:11:09,Law Tap,21.5%,UPDATE
2026-01-21 00:11:58,Nitro Tap,10.82 pts,POUR
2026-01-21 00:23:26,Nitro Tap,10.0%,UPDATE
2026-01-21 00:24:59,Nitro Tap,10.1%,UPDATE
2026-01-21 00:25:13,Nitro Tap,10.2%,UPDATE
2026-01-21 00:26:00,Nitro Tap,10.1%,UPDATE
2026-01-21 00:28:01,Nitro Tap,10.2%,UPDATE
2026-01-21 00:29:36,Nitro Tap,10.3%,UPDATE
2026-01-21 00:34:24,Nitro Tap,10.4%,UPDATE
2026-01-21 00:40:02,Nitro Tap,10.5%,UPDATE
2026-01-21 00:43:25,Nitro Tap,10.6%,UPDATE
2026-01-21 00:46:27,Nitro Tap,10.7%,UPDATE
2026-01-21 00:50:03,Nitro Tap,10.8%,UPDATE
2026-01-21 00:53:27,Nitro Tap,10.9%,UPDATE
2026-01-21 00:55:19,Law Tap,21.6%,UPDATE
2026-01-21 00:57:04,Nitro Tap,11.0%,UPDATE
2026-01-21 01:01:02,Nitro Tap,11.1%,UPDATE
2026-01-21 01:04:08,Nitro Tap,11.2%,UPDATE
2026-01-21 01:07:27,Nitro Tap,11.3%,UPDATE
2026-01-21 01:12:02,Nitro Tap,11.4%,UPDATE
2026-01-21 01:16:03,Nitro Tap,11.5%,UPDATE
2026-01-21 01:20:27,Nitro Tap,11.6%,UPDATE
2026-01-21 01:24:35,Nitro Tap,11.7%,UPDATE
2026-01-21 01:30:04,Nitro Tap,11.8%,UPDATE
2026-01-21 01:35:47,Nitro Tap,11.9%,UPDATE
2026-01-21 01:43:31,Nitro Tap,12.0%,UPDATE
2026-01-21 01:46:22,Law Tap,21.5%,UPDATE
2026-01-21 01:47:27,Law Tap,21.4%,UPDATE
2026-01-21 01:48:28,Law Tap,21.3%,UPDATE
2026-01-21 01:50:14,Nitro Tap,11.9%,UPDATE
2026-01-21 01:50:28,Law Tap,21.2%,UPDATE
2026-01-21 01:50:42,Nitro Tap,11.8%,UPDATE
2026-01-21 01:50:45,Nitro Tap,11.7%,UPDATE
2026-01-21 01:50:53,Nitro Tap,11.6%,UPDATE
2026-01-21 01:51:08,Nitro Tap,11.5%,UPDATE
2026-01-21 01:51:27,Nitro Tap,11.4%,UPDATE
2026-01-21 01:51:57,Nitro Tap,11.3%,UPDATE
2026-01-21 01:52:26,Nitro Tap,11.2%,UPDATE
2026-01-21 01:53:20,Nitro Tap,11.1%,UPDATE
2026-01-21 01:53:47,Nitro Tap,11.0%,UPDATE
2026-01-21 01:54:27,Law Tap,21.1%,UPDATE
2026-01-21 01:54:42,Nitro Tap,10.9%,UPDATE
2026-01-21 01:57:10,Nitro Tap,10.8%,UPDATE
2026-01-21 01:59:10,Nitro Tap,10.7%,UPDATE
2026-01-21 02:00:38,Nitro Tap,10.6%,UPDATE
2026-01-21 02:01:17,Nitro Tap,10.5%,UPDATE
2026-01-21 02:02:11,Nitro Tap,10.4%,UPDATE
2026-01-21 02:02:40,Nitro Tap,10.3%,UPDATE
2026-01-21 02:03:44,Nitro Tap,10.2%,UPDATE
2026-01-21 02:04:36,Nitro Tap,10.1%,UPDATE
2026-01-21 02:08:13,Nitro Tap,11.53 pts,POUR
2026-01-21 02:13:41,Nitro Tap,10.0%,UPDATE
2026-01-21 02:18:26,Law Tap,21.0%,UPDATE
2026-01-21 02:18:40,Nitro Tap,10.1%,UPDATE
2026-01-21 02:18:54,Nitro Tap,10.2%,UPDATE
2026-01-21 02:19:33,Nitro Tap,10.1%,UPDATE
2026-01-21 02:21:48,Nitro Tap,10.2%,UPDATE
2026-01-21 02:23:39,Nitro Tap,10.3%,UPDATE
2026-01-21 02:28:27,Law Tap,20.9%,UPDATE
2026-01-21 02:28:37,Nitro Tap,10.4%,UPDATE
2026-01-21 02:33:53,Nitro Tap,10.5%,UPDATE
2026-01-21 02:37:44,Nitro Tap,10.6%,UPDATE
2026-01-21 02:41:13,Nitro Tap,10.7%,UPDATE
2026-01-21 02:43:03,Law Tap,20.8%,UPDATE
2026-01-21 02:44:42,Nitro Tap,10.8%,UPDATE
2026-01-21 02:48:13,Nitro Tap,10.9%,UPDATE
2026-01-21 02:49:52,Wisco Tap,50.2%,UPDATE
2026-01-21 02:50:18,Wisco Tap,50.1%,UPDATE
2026-01-21 02:50:19,Wisco Tap,50.0%,UPDATE
2026-01-21 02:51:38,Wisco Tap,49.9%,UPDATE
2026-01-21 02:52:12,Wisco Tap,49.8%,UPDATE
2026-01-21 02:52:12,Wisco Tap,49.7%,UPDATE
2026-01-21 02:52:36,Nitro Tap,11.0%,UPDATE
2026-01-21 02:54:01,Wisco Tap,49.6%,UPDATE
2026-01-21 02:54:01,Wisco Tap,4.87 pts,POUR
2026-01-21 02:55:47,Nitro Tap,11.1%,UPDATE
2026-01-21 02:59:45,Wisco Tap,49.7%,UPDATE
2026-01-21 02:59:57,Law Tap,20.7%,UPDATE
2026-01-21 03:00:16,Nitro Tap,11.2%,UPDATE
2026-01-21 03:03:55,Nitro Tap,11.3%,UPDATE
2026-01-21 03:06:28,Law Tap,20.8%,UPDATE
2026-01-21 03:07:41,Nitro Tap,11.4%,UPDATE
2026-01-21 03:08:02,Law Tap,20.9%,UPDATE
2026-01-21 03:08:17,Wisco Tap,49.8%,UPDATE
2026-01-21 03:08:24,Wisco Tap,49.9%,UPDATE
2026-01-21 03:09:39,Wisco Tap,50.0%,UPDATE
2026-01-21 03:09:40,Wisco Tap,50.1%,UPDATE
2026-01-21 03:10:03,Wisco Tap,50.2%,UPDATE
2026-01-21 03:10:05,Wisco Tap,50.4%,UPDATE
2026-01-21 03:10:28,Wisco Tap,50.5%,UPDATE
2026-01-21 03:10:30,Wisco Tap,50.6%,UPDATE
2026-01-21 03:11:43,Nitro Tap,11.5%,UPDATE
2026-01-21 03:12:17,Wisco Tap,50.7%,UPDATE
2026-01-21 03:12:46,Wisco Tap,50.8%,UPDATE
2026-01-21 03:13:31,Law Tap,21.0%,UPDATE
2026-01-21 03:14:30,Wisco Tap,50.9%,UPDATE
2026-01-21 03:16:57,Nitro Tap,11.6%,UPDATE
2026-01-21 03:19:33,Law Tap,21.1%,UPDATE
2026-01-21 03:23:21,Nitro Tap,11.7%,UPDATE
2026-01-21 03:27:09,Nitro Tap,11.8%,UPDATE
2026-01-21 03:34:59,Nitro Tap,11.9%,UPDATE
2026-01-21 03:43:41,Nitro Tap,12.0%,UPDATE
2026-01-21 03:45:58,Nitro Tap,11.9%,UPDATE
2026-01-21 03:46:19,Nitro Tap,11.8%,UPDATE
2026-01-21 03:46:30,Nitro Tap,11.7%,UPDATE
2026-01-21 03:46:38,Nitro Tap,11.6%,UPDATE
2026-01-21 03:46:54,Nitro Tap,11.5%,UPDATE
2026-01-21 03:47:14,Nitro Tap,11.4%,UPDATE
2026-01-21 03:47:34,Nitro Tap,11.3%,UPDATE
2026-01-21 03:48:24,Nitro Tap,11.2%,UPDATE
2026-01-21 03:49:05,Nitro Tap,11.1%,UPDATE
2026-01-21 03:49:54,Nitro Tap,11.0%,UPDATE
2026-01-21 03:51:36,Nitro Tap,10.9%,UPDATE
2026-01-21 03:53:22,Nitro Tap,10.8%,UPDATE
2026-01-21 03:55:02,Nitro Tap,10.7%,UPDATE
2026-01-21 03:56:22,Nitro Tap,10.6%,UPDATE
2026-01-21 03:57:01,Nitro Tap,10.5%,UPDATE
2026-01-21 03:58:18,Nitro Tap,10.4%,UPDATE
2026-01-21 03:59:15,Nitro Tap,10.3%,UPDATE
2026-01-21 04:00:24,Nitro Tap,10.2%,UPDATE
2026-01-21 04:01:45,Nitro Tap,10.1%,UPDATE
2026-01-21 04:08:33,Nitro Tap,11.90 pts,POUR
2026-01-21 04:09:24,Nitro Tap,10.0%,UPDATE
2026-01-21 04:17:07,Nitro Tap,10.1%,UPDATE
2026-01-21 04:18:08,Nitro Tap,10.2%,UPDATE
2026-01-21 04:19:07,Nitro Tap,10.3%,UPDATE
2026-01-21 04:24:04,Nitro Tap,10.4%,UPDATE
2026-01-21 04:29:51,Nitro Tap,10.5%,UPDATE
2026-01-21 04:31:10,Law Tap,21.2%,UPDATE
2026-01-21 04:31:38,Law Tap,21.1%,UPDATE
2026-01-21 04:32:09,Law Tap,21.2%,UPDATE
2026-01-21 04:34:15,Nitro Tap,10.6%,UPDATE
2026-01-21 04:37:25,Nitro Tap,10.7%,UPDATE
2026-01-21 04:40:49,Nitro Tap,10.8%,UPDATE
2026-01-21 04:43:57,Nitro Tap,10.9%,UPDATE
2026-01-21 04:45:10,Wisco Tap,50.8%,UPDATE
2026-01-21 04:47:52,Nitro Tap,11.0%,UPDATE
2026-01-21 04:52:39,Nitro Tap,11.1%,UPDATE
2026-01-21 04:56:11,Nitro Tap,11.2%,UPDATE
2026-01-21 04:59:36,Nitro Tap,11.3%,UPDATE
2026-01-21 05:04:27,Nitro Tap,11.4%,UPDATE
2026-01-21 05:09:56,Nitro Tap,11.5%,UPDATE
2026-01-21 05:13:28,Nitro Tap,11.6%,UPDATE
2026-01-21 05:18:53,Law Tap,21.3%,UPDATE
2026-01-21 05:19:50,Nitro Tap,11.7%,UPDATE
2026-01-21 05:24:51,Nitro Tap,11.8%,UPDATE
2026-01-21 05:31:19,Nitro Tap,11.9%,UPDATE
2026-01-21 05:40:59,Nitro Tap,12.0%,UPDATE
2026-01-21 05:43:49,Nitro Tap,11.9%,UPDATE
2026-01-21 05:44:03,Nitro Tap,11.8%,UPDATE
2026-01-21 05:44:10,Nitro Tap,11.7%,UPDATE
2026-01-21 05:44:18,Nitro Tap,11.6%,UPDATE
2026-01-21 05:44:33,Nitro Tap,11.5%,UPDATE
2026-01-21 05:44:55,Nitro Tap,11.4%,UPDATE
2026-01-21 05:46:19,Nitro Tap,11.3%,UPDATE
2026-01-21 05:46:24,Nitro Tap,11.2%,UPDATE
2026-01-21 05:46:50,Nitro Tap,11.1%,UPDATE
2026-01-21 05:47:59,Nitro Tap,11.0%,UPDATE
2026-01-21 05:49:47,Wisco Tap,50.7%,UPDATE
2026-01-21 05:51:00,Nitro Tap,10.9%,UPDATE
2026-01-21 05:51:30,Nitro Tap,10.8%,UPDATE
2026-01-21 05:52:30,Nitro Tap,10.7%,UPDATE
2026-01-21 05:54:04,Nitro Tap,10.6%,UPDATE
2026-01-21 05:54:55,Nitro Tap,10.5%,UPDATE
2026-01-21 05:55:35,Nitro Tap,10.4%,UPDATE
2026-01-21 05:56:30,Nitro Tap,10.3%,UPDATE
2026-01-21 05:57:04,Nitro Tap,10.2%,UPDATE
2026-01-21 05:58:06,Nitro Tap,10.1%,UPDATE
2026-01-21 05:59:55,Nitro Tap,11.97 pts,POUR
2026-01-21 06:00:08,Law Tap,21.4%,UPDATE
2026-01-21 06:05:21,Nitro Tap,10.0%,UPDATE
2026-01-21 06:12:08,Nitro Tap,10.1%,UPDATE
2026-01-21 06:12:20,Nitro Tap,10.2%,UPDATE
2026-01-21 06:12:40,Nitro Tap,10.1%,UPDATE
2026-01-21 06:15:35,Nitro Tap,10.2%,UPDATE
2026-01-21 06:17:25,Nitro Tap,10.3%,UPDATE
2026-01-21 06:24:10,Nitro Tap,10.4%,UPDATE
2026-01-21 06:28:52,Nitro Tap,10.5%,UPDATE
2026-01-21 06:32:16,Nitro Tap,10.6%,UPDATE
2026-01-21 06:35:38,Nitro Tap,10.7%,UPDATE
2026-01-21 06:39:05,Nitro Tap,10.8%,UPDATE
2026-01-21 06:42:36,Nitro Tap,10.9%,UPDATE
2026-01-21 06:46:24,Nitro Tap,11.0%,UPDATE
2026-01-21 06:49:39,Nitro Tap,11.1%,UPDATE
2026-01-21 06:53:10,Nitro Tap,11.2%,UPDATE
2026-01-21 06:57:26,Nitro Tap,11.3%,UPDATE
2026-01-21 07:01:25,Nitro Tap,11.4%,UPDATE
2026-01-21 07:01:37,Law Tap,21.5%,UPDATE
2026-01-21 07:05:53,Nitro Tap,11.5%,UPDATE
2026-01-21 07:10:07,Nitro Tap,11.6%,UPDATE
2026-01-21 07:10:53,Law Tap,21.4%,UPDATE
2026-01-21 07:14:39,Nitro Tap,11.7%,UPDATE
2026-01-21 07:20:43,Nitro Tap,11.8%,UPDATE
2026-01-21 07:21:51,Law Tap,21.5%,UPDATE
2026-01-21 07:27:58,Nitro Tap,11.9%,UPDATE
2026-01-21 07:38:06,Nitro Tap,11.8%,UPDATE
2026-01-21 07:38:22,Nitro Tap,11.7%,UPDATE
2026-01-21 07:38:32,Nitro Tap,11.6%,UPDATE
2026-01-21 07:38:49,Nitro Tap,11.5%,UPDATE
2026-01-21 07:39:05,Nitro Tap,11.4%,UPDATE
2026-01-21 07:39:19,Nitro Tap,11.3%,UPDATE
2026-01-21 07:40:05,Nitro Tap,11.2%,UPDATE
2026-01-21 07:40:23,Nitro Tap,11.1%,UPDATE
2026-01-21 07:41:12,Nitro Tap,11.0%,UPDATE
2026-01-21 07:41:53,Nitro Tap,10.9%,UPDATE
2026-01-21 07:42:50,Nitro Tap,10.8%,UPDATE
2026-01-21 07:45:16,Nitro Tap,10.7%,UPDATE
2026-01-21 07:46:33,Law Tap,21.6%,UPDATE
2026-01-21 07:46:46,Nitro Tap,10.6%,UPDATE
2026-01-21 07:48:16,Nitro Tap,10.5%,UPDATE
2026-01-21 07:49:32,Nitro Tap,10.4%,UPDATE
2026-01-21 07:50:31,Nitro Tap,10.3%,UPDATE
2026-01-21 07:51:43,Nitro Tap,10.2%,UPDATE
2026-01-21 07:52:45,Nitro Tap,10.1%,UPDATE
2026-01-21 07:53:19,Nitro Tap,10.0%,UPDATE
2026-01-21 07:54:11,Nitro Tap,9.9%,UPDATE
2026-01-21 07:57:06,Nitro Tap,10.0%,UPDATE
2026-01-21 07:57:06,Nitro Tap,10.1%,UPDATE
2026-01-21 07:57:18,Nitro Tap,10.2%,UPDATE
2026-01-21 07:57:25,Nitro Tap,10.3%,UPDATE
2026-01-21 07:57:36,Nitro Tap,10.2%,UPDATE
2026-01-21 07:57:46,Nitro Tap,10.1%,UPDATE
2026-01-21 07:58:01,Nitro Tap,10.0%,UPDATE
2026-01-21 07:59:04,Nitro Tap,10.1%,UPDATE
2026-01-21 07:59:55,Nitro Tap,10.2%,UPDATE
2026-01-21 08:00:53,Nitro Tap,10.3%,UPDATE
2026-01-21 08:03:05,Nitro Tap,10.4%,UPDATE
2026-01-21 08:04:55,Nitro Tap,9.40 pts,POUR
2026-01-21 08:06:47,Nitro Tap,10.5%,UPDATE
2026-01-21 08:12:06,Nitro Tap,10.6%,UPDATE
2026-01-21 08:17:16,Nitro Tap,10.7%,UPDATE
2026-01-21 08:17:34,Law Tap,21.5%,UPDATE
2026-01-21 08:18:23,Law Tap,21.4%,UPDATE
2026-01-21 08:20:17,Law Tap,21.3%,UPDATE
2026-01-21 08:20:29,Nitro Tap,10.8%,UPDATE
2026-01-21 08:22:09,Law Tap,21.2%,UPDATE
2026-01-21 08:24:53,Nitro Tap,10.9%,UPDATE
2026-01-21 08:28:52,Nitro Tap,11.0%,UPDATE
2026-01-21 08:29:36,Law Tap,21.1%,UPDATE
2026-01-21 08:33:12,Nitro Tap,11.1%,UPDATE
2026-01-21 08:37:20,Nitro Tap,11.2%,UPDATE
2026-01-21 08:41:55,Nitro Tap,11.3%,UPDATE
2026-01-21 08:47:19,Nitro Tap,11.4%,UPDATE
2026-01-21 08:51:53,Nitro Tap,11.5%,UPDATE
2026-01-21 08:56:27,Law Tap,21.0%,UPDATE
2026-01-21 08:57:09,Nitro Tap,11.6%,UPDATE
2026-01-21 09:04:09,Nitro Tap,11.7%,UPDATE
2026-01-21 09:04:46,Law Tap,20.9%,UPDATE
2026-01-21 09:08:11,Nitro Tap,11.6%,UPDATE
2026-01-21 09:08:24,Nitro Tap,11.5%,UPDATE
2026-01-21 09:08:42,Nitro Tap,11.4%,UPDATE
2026-01-21 09:08:58,Nitro Tap,11.3%,UPDATE
2026-01-21 09:09:32,Nitro Tap,11.2%,UPDATE
2026-01-21 09:10:07,Nitro Tap,11.1%,UPDATE
2026-01-21 09:11:07,Nitro Tap,11.0%,UPDATE
2026-01-21 09:12:02,Nitro Tap,10.9%,UPDATE
2026-01-21 09:13:23,Nitro Tap,10.8%,UPDATE
2026-01-21 09:15:53,Nitro Tap,10.7%,UPDATE
2026-01-21 09:17:05,Nitro Tap,10.6%,UPDATE
2026-01-21 09:18:08,Nitro Tap,10.5%,UPDATE
2026-01-21 09:19:23,Nitro Tap,10.4%,UPDATE
2026-01-21 09:19:57,Nitro Tap,10.3%,UPDATE
2026-01-21 09:21:04,Nitro Tap,10.2%,UPDATE
2026-01-21 09:22:23,Nitro Tap,10.1%,UPDATE
2026-01-21 09:22:57,Nitro Tap,10.0%,UPDATE
2026-01-21 09:25:23,Nitro Tap,9.9%,UPDATE
2026-01-21 09:25:23,Nitro Tap,10.92 oz,POUR
2026-01-21 09:26:07,Law Tap,20.8%,UPDATE
2026-01-21 09:26:47,Nitro Tap,10.0%,UPDATE
2026-01-21 09:26:48,Nitro Tap,10.1%,UPDATE
2026-01-21 09:26:53,Nitro Tap,10.2%,UPDATE
2026-01-21 09:27:02,Nitro Tap,10.3%,UPDATE
2026-01-21 09:27:22,Nitro Tap,10.2%,UPDATE
2026-01-21 09:27:27,Nitro Tap,10.1%,UPDATE
2026-01-21 09:29:26,Nitro Tap,10.2%,UPDATE
2026-01-21 09:29:47,Nitro Tap,10.3%,UPDATE
2026-01-21 09:30:58,Nitro Tap,10.4%,UPDATE
2026-01-21 09:32:19,Nitro Tap,10.4%,UPDATE
2026-01-21 09:34:52,Nitro Tap,10.5%,UPDATE
2026-01-21 09:41:54,Nitro Tap,10.6%,UPDATE
2026-01-21 09:46:04,Nitro Tap,10.7%,UPDATE
2026-01-21 09:49:17,Law Tap,20.7%,UPDATE
2026-01-21 09:49:55,Nitro Tap,10.8%,UPDATE
2026-01-21 09:51:46,Law Tap,20.8%,UPDATE
2026-01-21 09:53:09,Law Tap,20.9%,UPDATE
2026-01-21 09:53:29,Nitro Tap,10.9%,UPDATE
2026-01-21 09:54:52,Law Tap,21.0%,UPDATE
2026-01-21 09:56:20,Law Tap,21.1%,UPDATE
2026-01-21 09:57:28,Nitro Tap,11.0%,UPDATE
2026-01-21 10:00:44,Law Tap,21.2%,UPDATE
2026-01-21 10:01:29,Nitro Tap,11.1%,UPDATE
2026-01-21 10:05:57,Nitro Tap,11.2%,UPDATE
2026-01-21 10:10:03,Nitro Tap,11.3%,UPDATE
2026-01-21 10:14:33,Nitro Tap,11.4%,UPDATE
2026-01-21 10:19:01,Nitro Tap,11.5%,UPDATE
2026-01-21 10:24:33,Nitro Tap,11.6%,UPDATE
2026-01-21 10:28:50,Law Tap,21.3%,UPDATE
2026-01-21 10:30:02,Nitro Tap,11.7%,UPDATE
2026-01-21 10:32:50,Law Tap,21.2%,UPDATE
2026-01-21 10:35:50,Law Tap,21.3%,UPDATE
2026-01-21 10:36:13,Law Tap,21.2%,UPDATE
2026-01-21 10:37:30,Nitro Tap,11.6%,UPDATE
2026-01-21 10:37:44,Nitro Tap,11.5%,UPDATE
2026-01-21 10:38:03,Nitro Tap,11.4%,UPDATE
2026-01-21 10:38:40,Nitro Tap,11.3%,UPDATE
2026-01-21 10:39:06,Nitro Tap,11.2%,UPDATE
2026-01-21 10:39:38,Nitro Tap,11.1%,UPDATE
2026-01-21 10:40:16,Nitro Tap,11.0%,UPDATE
2026-01-21 10:41:12,Nitro Tap,10.9%,UPDATE
2026-01-21 10:42:40,Nitro Tap,10.8%,UPDATE
2026-01-21 10:45:14,Nitro Tap,10.7%,UPDATE
2026-01-21 10:46:09,Nitro Tap,10.6%,UPDATE
2026-01-21 10:47:39,Nitro Tap,10.5%,UPDATE
2026-01-21 10:48:39,Nitro Tap,10.4%,UPDATE
2026-01-21 10:49:46,Nitro Tap,10.3%,UPDATE
2026-01-21 10:50:43,Nitro Tap,10.2%,UPDATE
2026-01-21 10:51:42,Nitro Tap,10.1%,UPDATE
2026-01-21 10:52:39,Nitro Tap,10.0%,UPDATE
2026-01-21 10:57:40,Nitro Tap,10.1%,UPDATE
2026-01-21 10:57:46,Nitro Tap,10.2%,UPDATE
2026-01-21 10:57:54,Nitro Tap,10.3%,UPDATE
2026-01-21 10:58:03,Nitro Tap,10.2%,UPDATE
2026-01-21 10:58:14,Nitro Tap,10.1%,UPDATE
2026-01-21 10:59:38,Law Tap,21.3%,UPDATE
2026-01-21 10:59:52,Nitro Tap,10.2%,UPDATE
2026-01-21 11:00:51,Nitro Tap,10.3%,UPDATE
2026-01-21 11:02:47,Nitro Tap,10.4%,UPDATE
2026-01-21 11:04:41,Nitro Tap,8.01 oz,POUR
2026-01-21 11:06:41,Nitro Tap,10.5%,UPDATE
2026-01-21 11:13:41,Nitro Tap,10.6%,UPDATE
2026-01-21 11:17:11,Nitro Tap,10.7%,UPDATE
2026-01-21 11:21:09,Nitro Tap,10.8%,UPDATE
2026-01-21 11:24:45,Nitro Tap,10.9%,UPDATE
2026-01-21 11:28:45,Nitro Tap,11.0%,UPDATE
2026-01-21 11:32:43,Nitro Tap,11.1%,UPDATE
2026-01-21 11:36:16,Nitro Tap,11.2%,UPDATE
2026-01-21 11:40:46,Nitro Tap,11.3%,UPDATE
2026-01-21 11:45:12,Nitro Tap,11.4%,UPDATE
2026-01-21 11:48:08,Law Tap,21.4%,UPDATE
2026-01-21 11:49:46,Nitro Tap,11.5%,UPDATE
2026-01-21 11:54:46,Nitro Tap,11.6%,UPDATE
2026-01-21 11:59:48,Nitro Tap,11.7%,UPDATE
2026-01-21 12:05:46,Nitro Tap,11.8%,UPDATE
2026-01-21 12:10:42,Nitro Tap,11.7%,UPDATE
2026-01-21 12:10:55,Nitro Tap,11.6%,UPDATE
2026-01-21 12:11:05,Nitro Tap,11.5%,UPDATE
2026-01-21 12:11:23,Nitro Tap,11.4%,UPDATE
2026-01-21 12:11:51,Nitro Tap,11.3%,UPDATE
2026-01-21 12:12:20,Nitro Tap,11.2%,UPDATE
2026-01-21 12:12:46,Nitro Tap,11.1%,UPDATE
2026-01-21 12:13:19,Nitro Tap,11.0%,UPDATE
2026-01-21 12:14:39,Nitro Tap,10.9%,UPDATE
2026-01-21 12:16:14,Nitro Tap,10.8%,UPDATE
2026-01-21 12:18:18,Nitro Tap,10.7%,UPDATE
2026-01-21 12:19:24,Nitro Tap,10.6%,UPDATE
2026-01-21 12:20:21,Nitro Tap,10.5%,UPDATE
2026-01-21 12:21:41,Nitro Tap,10.4%,UPDATE
2026-01-21 12:23:00,Nitro Tap,10.3%,UPDATE
2026-01-21 12:23:50,Nitro Tap,10.2%,UPDATE
2026-01-21 12:24:38,Law Tap,21.5%,UPDATE
2026-01-21 12:24:52,Nitro Tap,10.1%,UPDATE
2026-01-21 12:26:05,Nitro Tap,10.0%,UPDATE
2026-01-21 12:28:53,Law Tap,21.4%,UPDATE
2026-01-21 12:30:03,Nitro Tap,10.1%,UPDATE
2026-01-21 12:30:17,Nitro Tap,10.2%,UPDATE
2026-01-21 12:31:30,Nitro Tap,10.1%,UPDATE
2026-01-21 12:32:39,Nitro Tap,10.2%,UPDATE
2026-01-21 12:33:47,Nitro Tap,10.3%,UPDATE
2026-01-21 12:35:21,Nitro Tap,10.4%,UPDATE
2026-01-21 12:38:21,Nitro Tap,10.5%,UPDATE
2026-01-21 12:39:21,Nitro Tap,8.08 oz,POUR
2026-01-21 12:44:47,Nitro Tap,10.6%,UPDATE
2026-01-21 12:49:17,Nitro Tap,10.7%,UPDATE
2026-01-21 12:53:18,Nitro Tap,10.8%,UPDATE
2026-01-21 12:55:34,Law Tap,21.5%,UPDATE
2026-01-21 12:56:50,Nitro Tap,10.9%,UPDATE
2026-01-21 12:57:35,Law Tap,21.4%,UPDATE
2026-01-21 12:59:07,Law Tap,21.5%,UPDATE
2026-01-21 13:00:57,Nitro Tap,11.0%,UPDATE
2026-01-21 13:04:34,Nitro Tap,11.1%,UPDATE
2026-01-21 13:08:35,Nitro Tap,11.2%,UPDATE
2026-01-21 13:12:36,Nitro Tap,11.3%,UPDATE
2026-01-21 13:16:52,Nitro Tap,11.4%,UPDATE
2026-01-21 13:21:33,Nitro Tap,11.5%,UPDATE
2026-01-21 13:26:24,Nitro Tap,11.6%,UPDATE
2026-01-21 13:31:47,Nitro Tap,11.7%,UPDATE
2026-01-21 13:37:10,Law Tap,21.6%,UPDATE
2026-01-21 13:38:42,Nitro Tap,11.8%,UPDATE
2026-01-21 13:42:46,Nitro Tap,11.7%,UPDATE
2026-01-21 13:42:58,Nitro Tap,11.6%,UPDATE
2026-01-21 13:43:13,Nitro Tap,11.5%,UPDATE
2026-01-21 13:43:32,Nitro Tap,11.4%,UPDATE
2026-01-21 13:44:01,Nitro Tap,11.3%,UPDATE
2026-01-21 13:44:56,Nitro Tap,11.2%,UPDATE
2026-01-21 13:45:05,Nitro Tap,11.1%,UPDATE
2026-01-21 13:46:01,Nitro Tap,11.0%,UPDATE
2026-01-21 13:46:54,Nitro Tap,10.9%,UPDATE
2026-01-21 13:48:26,Nitro Tap,10.8%,UPDATE
2026-01-21 13:50:51,Nitro Tap,10.7%,UPDATE
2026-01-21 13:52:23,Nitro Tap,10.6%,UPDATE
2026-01-21 13:53:24,Nitro Tap,10.5%,UPDATE
2026-01-21 13:54:27,Nitro Tap,10.4%,UPDATE
2026-01-21 13:55:00,Nitro Tap,10.3%,UPDATE
2026-01-21 13:56:07,Nitro Tap,10.2%,UPDATE
2026-01-21 13:57:07,Nitro Tap,10.1%,UPDATE
2026-01-21 13:57:59,Nitro Tap,10.0%,UPDATE
2026-01-21 13:59:01,Nitro Tap,11.36 oz,POUR
2026-01-21 14:02:27,Nitro Tap,10.1%,UPDATE
2026-01-21 14:02:41,Nitro Tap,10.2%,UPDATE
2026-01-21 14:03:35,Nitro Tap,10.1%,UPDATE
2026-01-21 14:04:53,Nitro Tap,10.2%,UPDATE
2026-01-21 14:06:05,Nitro Tap,10.3%,UPDATE
2026-01-21 14:06:20,Law Tap,21.5%,UPDATE
2026-01-21 14:07:36,Nitro Tap,10.4%,UPDATE
2026-01-21 14:07:48,Law Tap,21.4%,UPDATE
2026-01-21 14:09:14,Law Tap,21.3%,UPDATE
2026-01-21 14:10:33,Nitro Tap,10.5%,UPDATE
2026-01-21 14:11:16,Law Tap,21.2%,UPDATE
2026-01-21 14:17:07,Nitro Tap,10.6%,UPDATE
2026-01-21 14:21:30,Nitro Tap,10.7%,UPDATE
2026-01-21 14:25:12,Nitro Tap,10.8%,UPDATE
2026-01-21 14:28:53,Nitro Tap,10.9%,UPDATE
2026-01-21 14:33:01,Nitro Tap,11.0%,UPDATE
2026-01-21 14:37:02,Law Tap,21.1%,UPDATE
2026-01-21 14:37:13,Nitro Tap,11.1%,UPDATE
2026-01-21 14:41:24,Nitro Tap,11.2%,UPDATE
2026-01-21 14:45:04,Nitro Tap,11.3%,UPDATE
2026-01-21 14:50:01,Nitro Tap,11.4%,UPDATE
2026-01-21 14:51:47,Law Tap,21.0%,UPDATE
2026-01-21 14:54:35,Nitro Tap,11.5%,UPDATE
2026-01-21 14:58:28,Nitro Tap,11.6%,UPDATE
2026-01-21 15:03:54,Nitro Tap,11.7%,UPDATE
2026-01-21 15:05:38,Law Tap,20.9%,UPDATE
2026-01-21 15:10:02,Nitro Tap,11.8%,UPDATE
2026-01-21 15:16:09,Nitro Tap,11.7%,UPDATE
2026-01-21 15:16:48,Nitro Tap,11.6%,UPDATE
2026-01-21 15:17:03,Nitro Tap,11.5%,UPDATE
2026-01-21 15:17:21,Nitro Tap,11.4%,UPDATE
2026-01-21 15:17:49,Nitro Tap,11.3%,UPDATE
2026-01-21 15:18:39,Nitro Tap,11.2%,UPDATE
2026-01-21 15:18:50,Nitro Tap,11.1%,UPDATE
2026-01-21 15:19:55,Nitro Tap,11.0%,UPDATE
2026-01-21 15:20:39,Nitro Tap,10.9%,UPDATE
2026-01-21 15:22:13,Nitro Tap,10.8%,UPDATE
2026-01-21 15:22:24,Wisco Tap,49.3%,UPDATE
2026-01-21 15:24:12,Nitro Tap,10.7%,UPDATE
2026-01-21 15:26:04,Nitro Tap,10.6%,UPDATE
2026-01-21 15:26:42,Wisco Tap,49.4%,UPDATE
2026-01-21 15:27:08,Nitro Tap,10.5%,UPDATE
2026-01-21 15:28:08,Nitro Tap,10.4%,UPDATE
2026-01-21 15:28:44,Nitro Tap,10.3%,UPDATE
2026-01-21 15:29:10,Nitro Tap,10.2%,UPDATE
2026-01-21 15:30:04,Nitro Tap,10.1%,UPDATE
2026-01-21 15:37:36,Wisco Tap,49.5%,UPDATE
2026-01-21 15:37:56,Wisco Tap,49.6%,UPDATE
2026-01-21 15:38:11,Wisco Tap,49.7%,UPDATE
2026-01-21 15:38:28,Wisco Tap,49.8%,UPDATE
2026-01-21 15:38:51,Wisco Tap,49.9%,UPDATE
2026-01-21 15:39:09,Wisco Tap,50.0%,UPDATE
2026-01-21 15:40:01,Wisco Tap,50.1%,UPDATE
2026-01-21 15:40:20,Nitro Tap,10.0%,UPDATE
2026-01-21 15:41:06,Law Tap,21.0%,UPDATE
2026-01-21 15:41:41,Law Tap,21.1%,UPDATE
2026-01-21 15:42:11,Wisco Tap,50.2%,UPDATE
2026-01-21 15:42:41,Wisco Tap,50.3%,UPDATE
2026-01-21 15:43:17,Law Tap,21.2%,UPDATE
2026-01-21 15:43:31,Wisco Tap,50.4%,UPDATE
2026-01-21 15:45:10,Nitro Tap,10.1%,UPDATE
2026-01-21 15:46:42,Law Tap,21.3%,UPDATE
2026-01-21 15:48:26,Wisco Tap,50.5%,UPDATE
2026-01-21 15:49:49,Wisco Tap,50.4%,UPDATE
2026-01-21 15:50:03,Nitro Tap,10.2%,UPDATE
2026-01-21 15:53:25,Nitro Tap,10.3%,UPDATE
2026-01-21 15:56:49,Law Tap,21.4%,UPDATE
2026-01-21 15:57:02,Nitro Tap,10.4%,UPDATE
2026-01-21 16:02:25,Nitro Tap,10.5%,UPDATE
2026-01-21 16:04:27,Nitro Tap,10.6%,UPDATE
2026-01-21 16:07:41,Nitro Tap,10.7%,UPDATE
2026-01-21 16:11:26,Nitro Tap,10.8%,UPDATE
2026-01-21 16:14:58,Nitro Tap,10.9%,UPDATE
2026-01-21 16:17:29,Nitro Tap,11.0%,UPDATE
2026-01-21 16:21:21,Nitro Tap,11.1%,UPDATE
2026-01-21 16:24:46,Nitro Tap,11.2%,UPDATE
2026-01-21 16:29:11,Nitro Tap,11.3%,UPDATE
2026-01-21 16:33:14,Nitro Tap,11.4%,UPDATE
2026-01-21 16:36:16,Nitro Tap,11.5%,UPDATE
2026-01-21 16:41:32,Nitro Tap,11.6%,UPDATE
2026-01-21 16:46:15,Nitro Tap,11.7%,UPDATE
2026-01-21 16:51:28,Nitro Tap,11.8%,UPDATE
2026-01-21 16:54:18,Law Tap,21.5%,UPDATE
2026-01-21 16:58:04,Nitro Tap,11.9%,UPDATE
2026-01-21 17:07:28,Nitro Tap,11.8%,UPDATE
2026-01-21 17:07:30,Nitro Tap,11.7%,UPDATE
2026-01-21 17:07:37,Nitro Tap,11.6%,UPDATE
2026-01-21 17:07:46,Nitro Tap,11.5%,UPDATE
2026-01-21 17:08:02,Nitro Tap,11.4%,UPDATE
2026-01-21 17:08:24,Nitro Tap,11.3%,UPDATE
2026-01-21 17:08:46,Nitro Tap,11.2%,UPDATE
2026-01-21 17:09:28,Nitro Tap,11.1%,UPDATE
2026-01-21 17:10:06,Nitro Tap,11.0%,UPDATE
2026-01-21 17:11:05,Nitro Tap,10.9%,UPDATE
2026-01-21 17:12:07,Nitro Tap,10.8%,UPDATE
2026-01-21 17:14:16,Nitro Tap,10.7%,UPDATE
2026-01-21 17:16:05,Nitro Tap,10.6%,UPDATE
2026-01-21 17:17:19,Nitro Tap,10.5%,UPDATE
2026-01-21 17:18:06,Nitro Tap,10.4%,UPDATE
2026-01-21 17:18:40,Nitro Tap,10.3%,UPDATE
2026-01-21 17:19:41,Nitro Tap,10.2%,UPDATE
2026-01-21 17:20:21,Nitro Tap,10.1%,UPDATE
2026-01-21 17:21:33,Nitro Tap,10.0%,UPDATE
2026-01-21 17:22:58,Nitro Tap,11.90 oz,POUR
2026-01-21 17:29:19,Law Tap,21.6%,UPDATE
2026-01-21 17:33:33,Nitro Tap,9.9%,UPDATE
2026-01-21 17:36:31,Nitro Tap,10.0%,UPDATE
2026-01-21 17:36:45,Nitro Tap,10.1%,UPDATE
2026-01-21 17:37:48,Nitro Tap,10.0%,UPDATE
2026-01-21 17:39:26,Nitro Tap,10.1%,UPDATE
2026-01-21 17:41:03,Nitro Tap,10.2%,UPDATE
2026-01-21 17:44:51,Nitro Tap,10.3%,UPDATE
2026-01-21 17:51:05,Nitro Tap,10.4%,UPDATE
2026-01-21 17:54:47,Nitro Tap,10.5%,UPDATE
2026-01-21 17:58:33,Nitro Tap,10.6%,UPDATE
2026-01-21 18:01:49,Nitro Tap,10.7%,UPDATE
2026-01-21 18:04:54,Nitro Tap,10.8%,UPDATE
2026-01-21 18:08:21,Nitro Tap,10.9%,UPDATE
2026-01-21 18:12:00,Nitro Tap,11.0%,UPDATE
2026-01-21 18:15:49,Nitro Tap,11.1%,UPDATE
2026-01-21 18:19:21,Nitro Tap,11.2%,UPDATE
2026-01-21 18:23:16,Nitro Tap,11.3%,UPDATE
2026-01-21 18:27:27,Nitro Tap,11.4%,UPDATE
2026-01-21 18:31:27,Nitro Tap,11.5%,UPDATE
2026-01-21 18:36:09,Nitro Tap,11.6%,UPDATE
2026-01-21 18:41:15,Nitro Tap,11.7%,UPDATE
2026-01-21 18:46:54,Nitro Tap,11.8%,UPDATE
2026-01-21 18:52:12,Law Tap,21.7%,UPDATE
2026-01-21 18:54:24,Nitro Tap,11.9%,UPDATE
2026-01-21 18:58:48,Nitro Tap,11.8%,UPDATE
2026-01-21 18:59:12,Nitro Tap,11.7%,UPDATE
2026-01-21 18:59:20,Nitro Tap,11.6%,UPDATE
2026-01-21 18:59:37,Nitro Tap,11.5%,UPDATE
2026-01-21 18:59:47,Nitro Tap,11.4%,UPDATE
2026-01-21 19:00:09,Nitro Tap,11.3%,UPDATE
2026-01-21 19:00:54,Nitro Tap,11.2%,UPDATE
2026-01-21 19:01:24,Nitro Tap,11.1%,UPDATE
2026-01-21 19:02:10,Nitro Tap,11.0%,UPDATE
2026-01-21 19:02:40,Nitro Tap,10.9%,UPDATE
2026-01-21 19:04:07,Nitro Tap,10.8%,UPDATE
2026-01-21 19:05:51,Nitro Tap,10.7%,UPDATE
2026-01-21 19:07:39,Nitro Tap,10.6%,UPDATE
2026-01-21 19:09:11,Nitro Tap,10.5%,UPDATE
2026-01-21 19:09:44,Nitro Tap,10.4%,UPDATE
2026-01-21 19:10:42,Nitro Tap,10.3%,UPDATE
2026-01-21 19:11:19,Nitro Tap,10.2%,UPDATE
2026-01-21 19:12:18,Nitro Tap,10.1%,UPDATE
2026-01-21 19:13:14,Nitro Tap,10.0%,UPDATE
2026-01-21 19:16:13,Nitro Tap,11.26 oz,POUR
2026-01-21 19:22:12,Nitro Tap,9.9%,UPDATE
2026-01-21 19:28:25,Nitro Tap,10.0%,UPDATE
2026-01-21 19:28:50,Nitro Tap,10.1%,UPDATE
2026-01-21 19:29:28,Nitro Tap,10.0%,UPDATE
2026-01-21 19:31:15,Nitro Tap,10.1%,UPDATE
2026-01-21 19:33:42,Nitro Tap,10.2%,UPDATE
2026-01-21 19:37:45,Nitro Tap,10.3%,UPDATE
2026-01-21 19:43:45,Nitro Tap,10.4%,UPDATE
2026-01-21 19:47:44,Nitro Tap,10.5%,UPDATE
2026-01-21 19:50:45,Nitro Tap,10.6%,UPDATE
2026-01-21 19:54:22,Nitro Tap,10.7%,UPDATE
2026-01-21 19:57:45,Nitro Tap,10.8%,UPDATE
2026-01-21 19:59:48,Law Tap,21.6%,UPDATE
2026-01-21 20:00:38,Law Tap,21.5%,UPDATE
2026-01-21 20:01:16,Nitro Tap,10.9%,UPDATE
2026-01-21 20:01:42,Law Tap,21.4%,UPDATE
2026-01-21 20:04:05,Law Tap,21.3%,UPDATE
2026-01-21 20:04:49,Nitro Tap,11.0%,UPDATE
2026-01-21 20:08:46,Nitro Tap,11.1%,UPDATE
2026-01-21 20:12:46,Nitro Tap,11.2%,UPDATE
2026-01-21 20:16:48,Nitro Tap,11.3%,UPDATE
2026-01-21 20:20:47,Nitro Tap,11.4%,UPDATE
2026-01-21 20:24:51,Nitro Tap,11.5%,UPDATE
2026-01-21 20:29:32,Law Tap,21.2%,UPDATE
2026-01-21 20:29:48,Nitro Tap,11.6%,UPDATE
2026-01-21 20:34:21,Nitro Tap,11.7%,UPDATE
2026-01-21 20:40:49,Nitro Tap,11.8%,UPDATE
2026-01-21 20:46:33,Law Tap,21.1%,UPDATE
2026-01-21 20:47:52,Nitro Tap,11.9%,UPDATE
2026-01-21 20:50:53,Nitro Tap,11.8%,UPDATE
2026-01-21 20:51:09,Nitro Tap,11.7%,UPDATE
2026-01-21 20:51:21,Nitro Tap,11.6%,UPDATE
2026-01-21 20:51:33,Nitro Tap,11.5%,UPDATE
2026-01-21 20:51:48,Nitro Tap,11.4%,UPDATE
2026-01-21 20:52:02,Nitro Tap,11.3%,UPDATE
2026-01-21 20:52:50,Nitro Tap,11.2%,UPDATE
2026-01-21 20:53:30,Nitro Tap,11.1%,UPDATE
2026-01-21 20:53:59,Nitro Tap,11.0%,UPDATE
2026-01-21 20:54:32,Nitro Tap,10.9%,UPDATE
2026-01-21 20:55:31,Nitro Tap,10.8%,UPDATE
2026-01-21 20:57:50,Nitro Tap,10.7%,UPDATE
2026-01-21 20:59:28,Nitro Tap,10.6%,UPDATE
2026-01-21 21:01:02,Nitro Tap,10.5%,UPDATE
2026-01-21 21:02:03,Nitro Tap,10.4%,UPDATE
2026-01-21 21:02:58,Nitro Tap,10.3%,UPDATE
2026-01-21 21:03:56,Nitro Tap,10.2%,UPDATE
2026-01-21 21:04:53,Nitro Tap,10.1%,UPDATE
2026-01-21 21:05:23,Nitro Tap,10.0%,UPDATE
2026-01-21 21:08:13,Nitro Tap,11.40 oz,POUR
2026-01-21 21:13:13,Law Tap,21.0%,UPDATE
2026-01-21 21:15:04,Nitro Tap,9.9%,UPDATE
2026-01-21 21:20:48,Nitro Tap,10.0%,UPDATE
2026-01-21 21:23:28,Nitro Tap,10.1%,UPDATE
2026-01-21 21:25:27,Nitro Tap,10.2%,UPDATE
2026-01-21 21:30:26,Nitro Tap,10.3%,UPDATE
2026-01-21 21:33:15,Law Tap,21.1%,UPDATE
2026-01-21 21:34:16,Law Tap,21.2%,UPDATE
2026-01-21 21:35:56,Nitro Tap,10.4%,UPDATE
2026-01-21 21:36:42,Law Tap,21.3%,UPDATE
2026-01-21 21:38:58,Nitro Tap,10.5%,UPDATE
2026-01-21 21:40:38,Law Tap,21.4%,UPDATE
2026-01-21 21:42:26,Nitro Tap,10.6%,UPDATE
2026-01-21 21:45:58,Nitro Tap,10.7%,UPDATE
2026-01-21 21:48:58,Nitro Tap,10.8%,UPDATE
2026-01-21 21:52:29,Nitro Tap,10.9%,UPDATE
2026-01-21 21:56:02,Nitro Tap,11.0%,UPDATE
2026-01-21 21:56:41,Law Tap,21.5%,UPDATE
2026-01-21 21:57:40,Law Tap,21.4%,UPDATE
2026-01-21 21:59:28,Nitro Tap,11.1%,UPDATE
2026-01-21 21:59:41,Law Tap,21.5%,UPDATE
2026-01-21 22:02:58,Nitro Tap,11.2%,UPDATE
2026-01-21 22:05:17,Law Tap,21.4%,UPDATE
2026-01-21 22:07:01,Nitro Tap,11.3%,UPDATE
2026-01-21 22:11:29,Nitro Tap,11.4%,UPDATE
2026-01-21 22:15:30,Nitro Tap,11.5%,UPDATE
2026-01-21 22:19:33,Nitro Tap,11.6%,UPDATE
2026-01-21 22:24:20,Law Tap,21.5%,UPDATE
2026-01-21 22:24:32,Nitro Tap,11.7%,UPDATE
2026-01-21 22:31:01,Nitro Tap,11.8%,UPDATE
2026-01-21 22:38:33,Nitro Tap,11.9%,UPDATE
2026-01-21 22:43:20,Nitro Tap,11.8%,UPDATE
2026-01-21 22:43:34,Nitro Tap,11.7%,UPDATE
2026-01-21 22:43:42,Nitro Tap,11.6%,UPDATE
2026-01-21 22:43:50,Nitro Tap,11.5%,UPDATE
2026-01-21 22:44:05,Nitro Tap,11.4%,UPDATE
2026-01-21 22:44:26,Nitro Tap,11.3%,UPDATE
2026-01-21 22:45:02,Nitro Tap,11.2%,UPDATE
2026-01-21 22:45:41,Nitro Tap,11.1%,UPDATE
2026-01-21 22:46:22,Nitro Tap,11.0%,UPDATE
2026-01-21 22:46:48,Nitro Tap,10.9%,UPDATE
2026-01-21 22:47:39,Nitro Tap,10.8%,UPDATE
2026-01-21 22:50:02,Nitro Tap,10.7%,UPDATE
2026-01-21 22:52:03,Nitro Tap,10.6%,UPDATE
2026-01-21 22:53:15,Nitro Tap,10.5%,UPDATE
2026-01-21 22:54:18,Nitro Tap,10.4%,UPDATE
2026-01-21 22:55:03,Nitro Tap,10.3%,UPDATE
2026-01-21 22:56:13,Nitro Tap,10.2%,UPDATE
2026-01-21 22:56:46,Nitro Tap,10.1%,UPDATE
2026-01-21 22:57:41,Nitro Tap,10.0%,UPDATE
2026-01-21 22:59:04,Nitro Tap,9.9%,UPDATE
2026-01-21 23:05:10,Nitro Tap,10.0%,UPDATE
2026-01-21 23:05:22,Nitro Tap,10.1%,UPDATE
2026-01-21 23:06:15,Nitro Tap,10.0%,UPDATE
2026-01-21 23:07:09,Nitro Tap,10.1%,UPDATE
2026-01-21 23:08:10,Nitro Tap,10.2%,UPDATE
2026-01-21 23:10:05,Nitro Tap,10.3%,UPDATE
2026-01-21 23:12:36,Nitro Tap,10.4%,UPDATE
2026-01-21 23:13:05,Nitro Tap,9.30 oz,POUR
2026-01-21 23:14:53,Law Tap,21.6%,UPDATE
2026-01-21 23:19:07,Nitro Tap,10.5%,UPDATE
2026-01-21 23:24:07,Nitro Tap,10.6%,UPDATE
2026-01-21 23:27:51,Nitro Tap,10.7%,UPDATE
2026-01-21 23:31:24,Nitro Tap,10.8%,UPDATE
2026-01-21 23:35:39,Nitro Tap,10.9%,UPDATE
2026-01-21 23:39:39,Nitro Tap,11.0%,UPDATE
2026-01-21 23:43:38,Nitro Tap,11.1%,UPDATE
2026-01-21 23:47:40,Nitro Tap,11.2%,UPDATE
2026-01-21 23:50:26,Law Tap,21.7%,UPDATE
2026-01-21 23:52:10,Nitro Tap,11.3%,UPDATE
2026-01-21 23:56:24,Nitro Tap,11.4%,UPDATE
2026-01-22 00:01:41,Nitro Tap,11.5%,UPDATE
2026-01-22 00:06:14,Nitro Tap,11.6%,UPDATE
2026-01-22 00:12:12,Nitro Tap,11.7%,UPDATE
2026-01-22 00:20:10,Nitro Tap,11.8%,UPDATE
2026-01-22 00:21:52,Nitro Tap,11.7%,UPDATE
2026-01-22 00:22:08,Nitro Tap,11.6%,UPDATE
2026-01-22 00:22:22,Nitro Tap,11.5%,UPDATE
2026-01-22 00:22:40,Nitro Tap,11.4%,UPDATE
2026-01-22 00:23:06,Nitro Tap,11.3%,UPDATE
2026-01-22 00:23:46,Nitro Tap,11.2%,UPDATE
2026-01-22 00:24:13,Nitro Tap,11.1%,UPDATE
2026-01-22 00:25:05,Nitro Tap,11.0%,UPDATE
2026-01-22 00:26:06,Nitro Tap,10.9%,UPDATE
2026-01-22 00:27:54,Nitro Tap,10.8%,UPDATE
2026-01-22 00:29:54,Nitro Tap,10.7%,UPDATE
2026-01-22 00:31:23,Nitro Tap,10.6%,UPDATE
2026-01-22 00:32:14,Nitro Tap,10.5%,UPDATE
2026-01-22 00:32:44,Nitro Tap,10.4%,UPDATE
2026-01-22 00:33:41,Nitro Tap,10.3%,UPDATE
2026-01-22 00:34:17,Nitro Tap,10.2%,UPDATE
2026-01-22 00:35:29,Nitro Tap,10.1%,UPDATE
2026-01-22 00:37:08,Nitro Tap,10.55 oz,POUR
2026-01-22 00:38:53,Nitro Tap,10.0%,UPDATE
2026-01-22 00:39:53,Nitro Tap,10.1%,UPDATE
2026-01-22 00:40:44,Nitro Tap,10.0%,UPDATE
2026-01-22 00:40:54,Nitro Tap,10.1%,UPDATE
2026-01-22 00:41:30,Nitro Tap,10.0%,UPDATE
2026-01-22 00:49:54,Nitro Tap,9.9%,UPDATE
2026-01-22 00:50:29,Nitro Tap,10.0%,UPDATE
2026-01-22 00:50:38,Nitro Tap,10.1%,UPDATE
2026-01-22 00:50:53,Nitro Tap,10.2%,UPDATE
2026-01-22 00:51:03,Nitro Tap,10.1%,UPDATE
2026-01-22 00:52:00,Nitro Tap,10.0%,UPDATE
2026-01-22 00:53:29,Nitro Tap,10.1%,UPDATE
2026-01-22 00:54:31,Nitro Tap,10.2%,UPDATE
2026-01-22 00:57:19,Nitro Tap,10.3%,UPDATE
2026-01-22 01:03:11,Nitro Tap,10.4%,UPDATE
2026-01-22 01:07:32,Nitro Tap,10.5%,UPDATE
2026-01-22 01:10:57,Nitro Tap,10.6%,UPDATE
2026-01-22 01:14:15,Law Tap,21.8%,UPDATE
2026-01-22 01:14:34,Nitro Tap,10.7%,UPDATE
2026-01-22 01:18:01,Nitro Tap,10.8%,UPDATE
2026-01-22 01:20:58,Nitro Tap,10.9%,UPDATE
2026-01-22 01:25:00,Nitro Tap,11.0%,UPDATE
2026-01-22 01:28:22,Nitro Tap,11.1%,UPDATE
2026-01-22 01:32:16,Nitro Tap,11.2%,UPDATE
2026-01-22 01:35:58,Nitro Tap,11.3%,UPDATE
2026-01-22 01:40:04,Nitro Tap,11.4%,UPDATE
2026-01-22 01:44:26,Nitro Tap,11.5%,UPDATE
2026-01-22 01:48:37,Nitro Tap,11.6%,UPDATE
2026-01-22 01:54:00,Nitro Tap,11.7%,UPDATE
2026-01-22 01:59:40,Nitro Tap,11.8%,UPDATE
2026-01-22 02:06:27,Nitro Tap,11.9%,UPDATE
2026-01-22 02:16:13,Nitro Tap,11.8%,UPDATE
2026-01-22 02:16:32,Nitro Tap,11.7%,UPDATE
2026-01-22 02:16:47,Nitro Tap,11.6%,UPDATE
2026-01-22 02:17:01,Nitro Tap,11.5%,UPDATE
2026-01-22 02:17:20,Nitro Tap,11.4%,UPDATE
2026-01-22 02:17:50,Nitro Tap,11.3%,UPDATE
2026-01-22 02:18:16,Nitro Tap,11.2%,UPDATE
2026-01-22 02:19:02,Nitro Tap,11.1%,UPDATE
2026-01-22 02:19:52,Nitro Tap,11.0%,UPDATE
2026-01-22 02:20:46,Nitro Tap,10.9%,UPDATE
2026-01-22 02:22:09,Nitro Tap,10.8%,UPDATE
2026-01-22 02:24:22,Nitro Tap,10.7%,UPDATE
2026-01-22 02:25:44,Nitro Tap,10.6%,UPDATE
2026-01-22 02:26:43,Nitro Tap,10.5%,UPDATE
2026-01-22 02:27:44,Nitro Tap,10.4%,UPDATE
2026-01-22 02:28:19,Nitro Tap,10.3%,UPDATE
2026-01-22 02:28:59,Nitro Tap,10.2%,UPDATE
2026-01-22 02:29:57,Nitro Tap,10.1%,UPDATE
2026-01-22 02:31:10,Nitro Tap,10.0%,UPDATE
2026-01-22 02:32:01,Nitro Tap,11.40 oz,POUR
2026-01-22 02:42:42,Nitro Tap,9.9%,UPDATE
2026-01-22 02:42:42,Nitro Tap,10.0%,UPDATE
2026-01-22 02:44:54,Nitro Tap,10.1%,UPDATE
2026-01-22 02:46:13,Nitro Tap,10.0%,UPDATE
2026-01-22 02:47:12,Nitro Tap,10.1%,UPDATE
2026-01-22 02:48:18,Nitro Tap,10.2%,UPDATE
2026-01-22 02:50:36,Nitro Tap,10.3%,UPDATE
2026-01-22 02:57:07,Nitro Tap,10.4%,UPDATE
2026-01-22 03:01:30,Nitro Tap,10.5%,UPDATE
2026-01-22 03:05:06,Nitro Tap,10.6%,UPDATE
2026-01-22 03:08:26,Nitro Tap,10.7%,UPDATE
2026-01-22 03:11:42,Nitro Tap,10.8%,UPDATE
2026-01-22 03:13:04,Law Tap,21.7%,UPDATE
2026-01-22 03:14:13,Law Tap,21.6%,UPDATE
2026-01-22 03:15:15,Law Tap,21.5%,UPDATE
2026-01-22 03:15:37,Nitro Tap,10.9%,UPDATE
2026-01-22 03:17:15,Law Tap,21.4%,UPDATE
2026-01-22 03:19:27,Nitro Tap,11.0%,UPDATE
2026-01-22 03:20:05,Law Tap,21.3%,UPDATE
2026-01-22 03:23:12,Nitro Tap,11.1%,UPDATE
2026-01-22 03:26:54,Nitro Tap,11.2%,UPDATE
2026-01-22 03:30:08,Law Tap,21.2%,UPDATE
2026-01-22 03:30:45,Nitro Tap,11.3%,UPDATE
2026-01-22 03:35:39,Nitro Tap,11.4%,UPDATE
2026-01-22 03:38:42,Wisco Tap,50.3%,UPDATE
2026-01-22 03:38:44,Wisco Tap,50.2%,UPDATE
2026-01-22 03:39:07,Wisco Tap,50.1%,UPDATE
2026-01-22 03:39:08,Wisco Tap,50.0%,UPDATE
2026-01-22 03:39:20,Nitro Tap,11.5%,UPDATE
2026-01-22 03:39:33,Wisco Tap,49.9%,UPDATE
2026-01-22 03:40:00,Wisco Tap,49.8%,UPDATE
2026-01-22 03:40:02,Wisco Tap,49.7%,UPDATE
2026-01-22 03:42:07,Wisco Tap,49.6%,UPDATE
2026-01-22 03:42:09,Wisco Tap,49.5%,UPDATE
2026-01-22 03:44:42,Wisco Tap,49.6%,UPDATE
2026-01-22 03:44:55,Nitro Tap,11.6%,UPDATE
2026-01-22 03:49:57,Wisco Tap,49.7%,UPDATE
2026-01-22 03:50:33,Law Tap,21.1%,UPDATE
2026-01-22 03:51:22,Wisco Tap,4.46 oz,POUR
2026-01-22 03:53:17,Nitro Tap,11.7%,UPDATE
2026-01-22 03:57:12,Nitro Tap,11.8%,UPDATE
2026-01-22 04:04:11,Nitro Tap,11.9%,UPDATE
2026-01-22 04:08:46,Law Tap,21.0%,UPDATE
2026-01-22 04:12:47,Nitro Tap,12.0%,UPDATE
2026-01-22 04:12:49,Nitro Tap,11.9%,UPDATE
2026-01-22 04:13:04,Nitro Tap,11.8%,UPDATE
2026-01-22 04:13:16,Nitro Tap,11.7%,UPDATE
2026-01-22 04:13:28,Nitro Tap,11.6%,UPDATE
2026-01-22 04:13:42,Nitro Tap,11.5%,UPDATE
2026-01-22 04:14:03,Nitro Tap,11.4%,UPDATE
2026-01-22 04:14:22,Nitro Tap,11.3%,UPDATE
2026-01-22 04:15:22,Nitro Tap,11.2%,UPDATE
2026-01-22 04:17:13,Nitro Tap,11.1%,UPDATE
2026-01-22 04:17:50,Nitro Tap,11.0%,UPDATE
2026-01-22 04:18:38,Nitro Tap,10.9%,UPDATE
2026-01-22 04:20:16,Nitro Tap,10.8%,UPDATE
2026-01-22 04:21:16,Nitro Tap,10.7%,UPDATE
2026-01-22 04:21:40,Wisco Tap,49.8%,UPDATE
2026-01-22 04:21:53,Law Tap,20.9%,UPDATE
2026-01-22 04:22:58,Nitro Tap,10.6%,UPDATE
2026-01-22 04:23:47,Nitro Tap,10.5%,UPDATE
2026-01-22 04:26:47,Nitro Tap,10.4%,UPDATE
2026-01-22 04:26:55,Nitro Tap,10.3%,UPDATE
2026-01-22 04:28:28,Nitro Tap,10.2%,UPDATE
2026-01-22 04:29:00,Nitro Tap,10.1%,UPDATE
2026-01-22 04:30:00,Nitro Tap,10.0%,UPDATE
2026-01-22 04:30:24,Wisco Tap,49.9%,UPDATE
2026-01-22 04:31:51,Nitro Tap,10.1%,UPDATE
2026-01-22 04:31:51,Nitro Tap,11.53 oz,POUR
2026-01-22 04:33:59,Nitro Tap,10.0%,UPDATE
2026-01-22 04:40:29,Wisco Tap,50.0%,UPDATE
2026-01-22 04:40:43,Wisco Tap,50.1%,UPDATE
2026-01-22 04:40:58,Wisco Tap,50.2%,UPDATE
2026-01-22 04:41:13,Wisco Tap,50.3%,UPDATE
2026-01-22 04:41:32,Wisco Tap,50.4%,UPDATE
2026-01-22 04:41:56,Wisco Tap,50.5%,UPDATE
2026-01-22 04:42:14,Wisco Tap,50.6%,UPDATE
2026-01-22 04:42:41,Wisco Tap,50.7%,UPDATE
2026-01-22 04:43:37,Law Tap,21.0%,UPDATE
2026-01-22 04:43:51,Nitro Tap,10.1%,UPDATE
2026-01-22 04:44:07,Law Tap,21.1%,UPDATE
2026-01-22 04:44:20,Wisco Tap,50.8%,UPDATE
2026-01-22 04:45:06,Law Tap,21.2%,UPDATE
2026-01-22 04:45:49,Nitro Tap,10.2%,UPDATE
2026-01-22 04:46:02,Law Tap,21.3%,UPDATE
2026-01-22 04:46:20,Wisco Tap,50.9%,UPDATE
2026-01-22 04:47:11,Wisco Tap,51.0%,UPDATE
2026-01-22 04:49:10,Nitro Tap,10.3%,UPDATE
2026-01-22 04:52:27,Wisco Tap,51.1%,UPDATE
2026-01-22 04:54:57,Nitro Tap,10.4%,UPDATE
2026-01-22 04:58:45,Nitro Tap,10.5%,UPDATE
2026-01-22 05:01:50,Nitro Tap,10.6%,UPDATE
2026-01-22 05:05:30,Nitro Tap,10.7%,UPDATE
2026-01-22 05:09:19,Nitro Tap,10.8%,UPDATE
2026-01-22 05:14:11,Nitro Tap,10.9%,UPDATE
2026-01-22 05:17:21,Nitro Tap,11.0%,UPDATE
2026-01-22 05:21:52,Nitro Tap,11.1%,UPDATE
2026-01-22 05:25:34,Nitro Tap,11.2%,UPDATE
2026-01-22 05:27:53,Nitro Tap,11.3%,UPDATE
2026-01-22 05:33:07,Nitro Tap,11.4%,UPDATE
2026-01-22 05:34:53,Law Tap,21.4%,UPDATE
2026-01-22 05:36:58,Nitro Tap,11.5%,UPDATE
2026-01-22 05:44:23,Nitro Tap,11.6%,UPDATE
2026-01-22 05:49:25,Nitro Tap,11.7%,UPDATE
2026-01-22 05:49:52,Wisco Tap,51.0%,UPDATE
2026-01-22 05:52:54,Nitro Tap,11.8%,UPDATE
2026-01-22 05:58:20,Nitro Tap,11.9%,UPDATE
2026-01-22 05:59:07,Wisco Tap,50.9%,UPDATE
2026-01-22 06:05:41,Wisco Tap,50.8%,UPDATE
2026-01-22 06:08:19,Nitro Tap,12.0%,UPDATE
2026-01-22 06:13:24,Wisco Tap,50.7%,UPDATE
2026-01-22 06:14:36,Nitro Tap,11.9%,UPDATE
2026-01-22 06:14:38,Nitro Tap,11.8%,UPDATE
2026-01-22 06:14:42,Nitro Tap,11.7%,UPDATE
2026-01-22 06:14:56,Nitro Tap,11.6%,UPDATE
2026-01-22 06:15:04,Nitro Tap,11.5%,UPDATE
2026-01-22 06:15:15,Nitro Tap,11.4%,UPDATE
2026-01-22 06:16:08,Nitro Tap,11.3%,UPDATE
2026-01-22 06:16:14,Nitro Tap,11.2%,UPDATE
2026-01-22 06:17:35,Nitro Tap,11.1%,UPDATE
2026-01-22 06:19:09,Wisco Tap,50.6%,UPDATE
2026-01-22 06:19:21,Law Tap,21.5%,UPDATE
2026-01-22 06:19:57,Nitro Tap,11.0%,UPDATE
2026-01-22 06:20:40,Nitro Tap,10.9%,UPDATE
2026-01-22 06:21:34,Nitro Tap,10.8%,UPDATE
2026-01-22 06:23:57,Nitro Tap,10.7%,UPDATE
2026-01-22 06:25:34,Nitro Tap,10.6%,UPDATE
2026-01-22 06:26:07,Nitro Tap,10.5%,UPDATE
2026-01-22 06:26:31,Nitro Tap,10.4%,UPDATE
2026-01-22 06:26:56,Wisco Tap,50.5%,UPDATE
2026-01-22 06:27:07,Nitro Tap,10.3%,UPDATE
2026-01-22 06:27:33,Nitro Tap,10.2%,UPDATE
2026-01-22 06:28:35,Nitro Tap,10.1%,UPDATE
2026-01-22 06:30:58,Nitro Tap,10.0%,UPDATE
2026-01-22 06:32:00,Nitro Tap,9.9%,UPDATE
2026-01-22 06:34:02,Nitro Tap,10.0%,UPDATE
2026-01-22 06:34:02,Nitro Tap,10.1%,UPDATE
2026-01-22 06:34:12,Nitro Tap,10.2%,UPDATE
2026-01-22 06:34:22,Nitro Tap,10.3%,UPDATE
2026-01-22 06:34:33,Nitro Tap,10.2%,UPDATE
2026-01-22 06:35:03,Nitro Tap,10.1%,UPDATE
2026-01-22 06:37:12,Nitro Tap,10.2%,UPDATE
2026-01-22 06:37:44,Nitro Tap,10.3%,UPDATE
2026-01-22 06:37:57,Wisco Tap,50.4%,UPDATE
2026-01-22 06:41:29,Nitro Tap,10.4%,UPDATE
2026-01-22 06:42:30,Nitro Tap,10.15 oz,POUR
2026-01-22 06:44:35,Law Tap,21.6%,UPDATE
2026-01-22 06:45:30,Nitro Tap,10.5%,UPDATE
2026-01-22 06:47:46,Wisco Tap,50.3%,UPDATE
2026-01-22 06:51:05,Nitro Tap,10.6%,UPDATE
2026-01-22 06:56:26,Nitro Tap,10.7%,UPDATE
2026-01-22 06:58:33,Nitro Tap,10.8%,UPDATE
2026-01-22 07:03:29,Nitro Tap,10.9%,UPDATE
2026-01-22 07:04:52,Wisco Tap,50.2%,UPDATE
2026-01-22 07:08:28,Nitro Tap,11.0%,UPDATE
2026-01-22 07:10:46,Nitro Tap,11.1%,UPDATE
2026-01-22 07:15:37,Wisco Tap,50.3%,UPDATE
2026-01-22 07:15:52,Nitro Tap,11.2%,UPDATE
2026-01-22 07:19:37,Nitro Tap,11.3%,UPDATE
2026-01-22 07:24:13,Nitro Tap,11.4%,UPDATE
2026-01-22 07:25:23,Wisco Tap,50.2%,UPDATE
2026-01-22 07:29:39,Nitro Tap,11.5%,UPDATE
2026-01-22 07:33:57,Nitro Tap,11.6%,UPDATE
2026-01-22 07:40:52,Law Tap,21.7%,UPDATE
2026-01-22 07:41:15,Nitro Tap,11.7%,UPDATE
2026-01-22 07:45:12,Wisco Tap,50.3%,UPDATE
2026-01-22 07:46:38,Nitro Tap,11.8%,UPDATE
2026-01-22 07:50:47,Nitro Tap,11.7%,UPDATE
2026-01-22 07:50:59,Nitro Tap,11.6%,UPDATE
2026-01-22 07:51:17,Nitro Tap,11.5%,UPDATE
2026-01-22 07:51:30,Nitro Tap,11.4%,UPDATE
2026-01-22 07:51:54,Nitro Tap,11.3%,UPDATE
2026-01-22 07:52:32,Nitro Tap,11.2%,UPDATE
2026-01-22 07:52:51,Nitro Tap,11.1%,UPDATE
2026-01-22 07:54:28,Nitro Tap,10.9%,UPDATE
2026-01-22 07:55:25,Nitro Tap,10.8%,UPDATE
2026-01-22 07:56:35,Nitro Tap,10.8%,UPDATE
2026-01-22 07:58:14,Nitro Tap,10.7%,UPDATE
2026-01-22 07:59:28,Nitro Tap,10.6%,UPDATE
2026-01-22 08:00:09,Nitro Tap,10.5%,UPDATE
2026-01-22 08:01:55,Nitro Tap,10.3%,UPDATE
2026-01-22 08:03:23,Nitro Tap,10.2%,UPDATE
2026-01-22 08:03:53,Nitro Tap,10.1%,UPDATE
2026-01-22 08:04:53,Nitro Tap,10.0%,UPDATE
2026-01-22 08:19:35,Nitro Tap,9.9%,UPDATE
2026-01-22 08:19:56,Nitro Tap,10.0%,UPDATE
2026-01-22 08:20:06,Nitro Tap,10.1%,UPDATE
2026-01-22 08:21:20,Nitro Tap,10.0%,UPDATE
2026-01-22 08:22:22,Nitro Tap,10.1%,UPDATE
2026-01-22 08:23:54,Wisco Tap,50.4%,UPDATE
2026-01-22 08:25:18,Nitro Tap,10.2%,UPDATE
2026-01-22 08:31:20,Nitro Tap,10.3%,UPDATE
2026-01-22 08:36:43,Nitro Tap,10.4%,UPDATE
2026-01-22 08:38:55,Nitro Tap,10.5%,UPDATE
2026-01-22 08:39:33,Wisco Tap,50.5%,UPDATE
2026-01-22 08:41:20,Nitro Tap,10.6%,UPDATE
2026-01-22 08:43:44,Law Tap,21.8%,UPDATE
2026-01-22 08:45:18,Nitro Tap,10.7%,UPDATE
2026-01-22 08:47:57,Nitro Tap,10.8%,UPDATE
2026-01-22 08:51:26,Nitro Tap,10.9%,UPDATE
2026-01-22 08:55:25,Nitro Tap,11.0%,UPDATE
2026-01-22 08:58:58,Nitro Tap,11.1%,UPDATE
2026-01-22 08:59:37,Law Tap,21.7%,UPDATE
2026-01-22 09:01:56,Nitro Tap,11.2%,UPDATE
2026-01-22 09:06:28,Nitro Tap,11.3%,UPDATE
2026-01-22 09:08:41,Wisco Tap,50.6%,UPDATE
2026-01-22 09:11:04,Nitro Tap,11.4%,UPDATE
2026-01-22 09:14:21,Nitro Tap,11.5%,UPDATE
2026-01-22 09:19:14,Nitro Tap,11.6%,UPDATE
2026-01-22 09:25:23,Nitro Tap,11.7%,UPDATE
2026-01-22 09:29:01,Nitro Tap,11.8%,UPDATE
2026-01-22 09:32:15,Wisco Tap,50.5%,UPDATE
2026-01-22 09:33:26,Law Tap,21.6%,UPDATE
2026-01-22 09:34:15,Wisco Tap,50.4%,UPDATE
2026-01-22 09:34:16,Wisco Tap,50.3%,UPDATE
2026-01-22 09:34:24,Wisco Tap,50.2%,UPDATE
2026-01-22 09:34:38,Law Tap,21.5%,UPDATE
2026-01-22 09:36:04,Wisco Tap,50.1%,UPDATE
2026-01-22 09:36:06,Wisco Tap,50.0%,UPDATE
2026-01-22 09:36:26,Law Tap,21.4%,UPDATE
2026-01-22 09:36:39,Wisco Tap,49.9%,UPDATE
2026-01-22 09:36:42,Wisco Tap,49.8%,UPDATE
2026-01-22 09:36:49,Wisco Tap,49.7%,UPDATE
2026-01-22 09:37:13,Nitro Tap,11.9%,UPDATE
2026-01-22 09:38:18,Wisco Tap,49.6%,UPDATE
2026-01-22 09:38:18,Wisco Tap,49.5%,UPDATE
2026-01-22 09:39:18,Wisco Tap,49.4%,UPDATE
2026-01-22 09:40:05,Law Tap,21.3%,UPDATE
2026-01-22 09:41:04,Wisco Tap,49.3%,UPDATE
2026-01-22 09:42:38,Nitro Tap,11.8%,UPDATE
2026-01-22 09:42:46,Nitro Tap,11.7%,UPDATE
2026-01-22 09:43:02,Nitro Tap,11.6%,UPDATE
2026-01-22 09:43:27,Nitro Tap,11.5%,UPDATE
2026-01-22 09:43:42,Nitro Tap,11.4%,UPDATE
2026-01-22 09:43:57,Nitro Tap,11.3%,UPDATE
2026-01-22 09:45:35,Nitro Tap,11.2%,UPDATE
2026-01-22 09:45:41,Nitro Tap,11.1%,UPDATE
2026-01-22 09:46:45,Nitro Tap,11.0%,UPDATE
2026-01-22 09:47:24,Nitro Tap,10.9%,UPDATE
2026-01-22 09:48:20,Nitro Tap,10.8%,UPDATE
2026-01-22 09:50:42,Nitro Tap,10.7%,UPDATE
2026-01-22 09:51:35,Wisco Tap,49.2%,UPDATE
2026-01-22 09:51:46,Nitro Tap,10.6%,UPDATE
2026-01-22 09:52:27,Nitro Tap,10.5%,UPDATE
2026-01-22 09:54:08,Nitro Tap,10.4%,UPDATE
2026-01-22 09:55:13,Nitro Tap,10.3%,UPDATE
2026-01-22 09:55:29,Wisco Tap,49.1%,UPDATE
2026-01-22 09:56:05,Wisco Tap,8.69 oz,POUR
2026-01-22 09:56:33,Nitro Tap,10.2%,UPDATE
2026-01-22 09:57:25,Nitro Tap,10.1%,UPDATE
2026-01-22 09:57:50,Nitro Tap,10.0%,UPDATE
2026-01-22 10:07:45,Nitro Tap,9.9%,UPDATE
2026-01-22 10:08:06,Law Tap,21.2%,UPDATE
2026-01-22 10:12:14,Nitro Tap,10.0%,UPDATE
2026-01-22 10:15:02,Nitro Tap,10.1%,UPDATE
2026-01-22 10:17:19,Nitro Tap,10.2%,UPDATE
2026-01-22 10:19:04,Nitro Tap,10.65 oz,POUR
2026-01-22 10:21:28,Law Tap,21.1%,UPDATE
2026-01-22 10:22:05,Nitro Tap,10.3%,UPDATE
2026-01-22 10:28:03,Nitro Tap,10.4%,UPDATE
2026-01-22 10:30:47,Nitro Tap,10.5%,UPDATE
2026-01-22 10:34:03,Nitro Tap,10.6%,UPDATE
2026-01-22 10:37:26,Nitro Tap,10.7%,UPDATE
2026-01-22 10:39:58,Law Tap,21.0%,UPDATE
2026-01-22 10:41:23,Nitro Tap,10.8%,UPDATE
2026-01-22 10:44:31,Nitro Tap,10.9%,UPDATE
2026-01-22 10:48:06,Nitro Tap,11.0%,UPDATE
2026-01-22 10:51:53,Nitro Tap,11.1%,UPDATE
2026-01-22 10:54:57,Nitro Tap,11.2%,UPDATE
2026-01-22 10:55:12,Law Tap,20.9%,UPDATE
2026-01-22 10:58:30,Law Tap,21.0%,UPDATE
2026-01-22 10:59:17,Nitro Tap,11.3%,UPDATE
2026-01-22 11:02:56,Nitro Tap,11.4%,UPDATE
2026-01-22 11:07:28,Nitro Tap,11.5%,UPDATE
2026-01-22 11:11:47,Law Tap,21.1%,UPDATE
2026-01-22 11:12:29,Nitro Tap,11.6%,UPDATE
2026-01-22 11:13:14,Law Tap,21.2%,UPDATE
2026-01-22 11:16:17,Law Tap,21.3%,UPDATE
2026-01-22 11:17:27,Nitro Tap,11.7%,UPDATE
2026-01-22 11:21:30,Law Tap,21.4%,UPDATE
2026-01-22 11:23:29,Nitro Tap,11.8%,UPDATE
2026-01-22 11:30:43,Nitro Tap,11.9%,UPDATE
2026-01-22 11:35:58,Nitro Tap,11.8%,UPDATE
2026-01-22 11:36:12,Nitro Tap,11.7%,UPDATE
2026-01-22 11:36:19,Nitro Tap,11.6%,UPDATE
2026-01-22 11:36:32,Nitro Tap,11.5%,UPDATE
2026-01-22 11:36:43,Nitro Tap,11.4%,UPDATE
2026-01-22 11:37:05,Nitro Tap,11.3%,UPDATE
2026-01-22 11:37:38,Nitro Tap,11.2%,UPDATE
2026-01-22 11:38:08,Nitro Tap,11.1%,UPDATE
2026-01-22 11:38:41,Nitro Tap,11.0%,UPDATE
2026-01-22 11:39:37,Nitro Tap,10.9%,UPDATE
2026-01-22 11:40:30,Nitro Tap,10.8%,UPDATE
2026-01-22 11:43:08,Nitro Tap,10.7%,UPDATE
2026-01-22 11:45:00,Nitro Tap,10.6%,UPDATE
2026-01-22 11:45:57,Nitro Tap,10.5%,UPDATE
2026-01-22 11:47:00,Nitro Tap,10.4%,UPDATE
2026-01-22 11:48:05,Nitro Tap,10.3%,UPDATE
2026-01-22 11:48:34,Nitro Tap,10.2%,UPDATE
2026-01-22 11:49:30,Nitro Tap,10.1%,UPDATE
2026-01-22 11:50:28,Nitro Tap,10.0%,UPDATE
2026-01-22 11:51:28,Nitro Tap,11.50 oz,POUR
2026-01-22 12:02:32,Nitro Tap,9.9%,UPDATE
2026-01-22 12:03:44,Nitro Tap,10.0%,UPDATE
2026-01-22 12:05:31,Nitro Tap,10.1%,UPDATE
2026-01-22 12:06:31,Nitro Tap,10.0%,UPDATE
2026-01-22 12:08:04,Nitro Tap,10.1%,UPDATE
2026-01-22 12:09:35,Nitro Tap,10.2%,UPDATE
2026-01-22 12:12:53,Nitro Tap,10.3%,UPDATE
2026-01-22 12:19:58,Nitro Tap,10.4%,UPDATE
2026-01-22 12:23:34,Nitro Tap,10.5%,UPDATE
2026-01-22 12:27:07,Nitro Tap,10.6%,UPDATE
2026-01-22 12:30:19,Nitro Tap,10.7%,UPDATE
2026-01-22 12:33:53,Nitro Tap,10.8%,UPDATE
2026-01-22 12:37:32,Nitro Tap,10.9%,UPDATE
2026-01-22 12:40:32,Law Tap,21.5%,UPDATE
2026-01-22 12:41:07,Nitro Tap,11.0%,UPDATE
2026-01-22 12:44:44,Nitro Tap,11.1%,UPDATE
2026-01-22 12:48:37,Nitro Tap,11.2%,UPDATE
2026-01-22 12:53:00,Nitro Tap,11.3%,UPDATE
2026-01-22 12:56:56,Nitro Tap,11.4%,UPDATE
2026-01-22 13:01:20,Nitro Tap,11.5%,UPDATE
2026-01-22 13:06:01,Nitro Tap,11.6%,UPDATE
2026-01-22 13:08:26,Law Tap,21.6%,UPDATE
2026-01-22 13:11:31,Nitro Tap,11.7%,UPDATE
2026-01-22 13:17:38,Nitro Tap,11.8%,UPDATE
2026-01-22 13:25:05,Nitro Tap,11.9%,UPDATE
2026-01-22 13:31:37,Nitro Tap,11.8%,UPDATE
2026-01-22 13:31:47,Nitro Tap,11.7%,UPDATE
2026-01-22 13:31:58,Nitro Tap,11.6%,UPDATE
2026-01-22 13:32:07,Nitro Tap,11.5%,UPDATE
2026-01-22 13:32:23,Nitro Tap,11.4%,UPDATE
2026-01-22 13:32:48,Nitro Tap,11.3%,UPDATE
2026-01-22 13:33:26,Nitro Tap,11.2%,UPDATE
2026-01-22 13:33:53,Nitro Tap,11.1%,UPDATE
2026-01-22 13:34:43,Nitro Tap,11.0%,UPDATE
2026-01-22 13:35:23,Nitro Tap,10.9%,UPDATE
2026-01-22 13:36:40,Nitro Tap,10.8%,UPDATE
2026-01-22 13:39:05,Nitro Tap,10.7%,UPDATE
2026-01-22 13:40:10,Nitro Tap,10.6%,UPDATE
2026-01-22 13:41:53,Nitro Tap,10.5%,UPDATE
2026-01-22 13:43:06,Nitro Tap,10.4%,UPDATE
2026-01-22 13:44:06,Nitro Tap,10.3%,UPDATE
2026-01-22 13:44:43,Nitro Tap,10.2%,UPDATE
2026-01-22 13:45:53,Nitro Tap,10.1%,UPDATE
2026-01-22 13:46:43,Nitro Tap,10.0%,UPDATE
2026-01-22 13:48:40,Nitro Tap,9.9%,UPDATE
2026-01-22 13:48:40,Nitro Tap,11.97 oz,POUR
2026-01-22 13:51:50,Nitro Tap,10.0%,UPDATE
2026-01-22 13:51:51,Nitro Tap,10.1%,UPDATE
2026-01-22 13:52:03,Nitro Tap,10.2%,UPDATE
2026-01-22 13:52:47,Nitro Tap,10.1%,UPDATE
2026-01-22 13:54:55,Nitro Tap,10.2%,UPDATE
2026-01-22 13:55:52,Nitro Tap,10.3%,UPDATE
2026-01-22 13:58:07,Nitro Tap,10.4%,UPDATE
2026-01-22 13:59:16,Law Tap,21.7%,UPDATE
2026-01-22 14:01:53,Nitro Tap,10.5%,UPDATE
2026-01-22 14:08:14,Nitro Tap,10.6%,UPDATE
2026-01-22 14:12:16,Nitro Tap,10.7%,UPDATE
2026-01-22 14:16:11,Nitro Tap,10.8%,UPDATE
2026-01-22 14:20:19,Nitro Tap,10.9%,UPDATE
2026-01-22 14:24:53,Nitro Tap,11.0%,UPDATE
2026-01-22 14:28:30,Nitro Tap,11.1%,UPDATE
2026-01-22 14:32:30,Nitro Tap,11.2%,UPDATE
2026-01-22 14:37:10,Nitro Tap,11.3%,UPDATE
2026-01-22 14:42:10,Nitro Tap,11.4%,UPDATE
2026-01-22 14:47:06,Nitro Tap,11.5%,UPDATE
2026-01-22 14:52:11,Nitro Tap,11.6%,UPDATE
2026-01-22 14:58:19,Nitro Tap,11.7%,UPDATE
2026-01-22 15:05:41,Nitro Tap,11.8%,UPDATE
2026-01-22 15:09:59,Nitro Tap,11.7%,UPDATE
2026-01-22 15:10:12,Nitro Tap,11.6%,UPDATE
2026-01-22 15:10:22,Nitro Tap,11.5%,UPDATE
2026-01-22 15:10:41,Nitro Tap,11.4%,UPDATE
2026-01-22 15:11:08,Nitro Tap,11.3%,UPDATE
2026-01-22 15:11:43,Nitro Tap,11.2%,UPDATE
2026-01-22 15:12:13,Nitro Tap,11.1%,UPDATE
2026-01-22 15:13:18,Nitro Tap,11.0%,UPDATE
2026-01-22 15:14:21,Nitro Tap,10.9%,UPDATE
2026-01-22 15:15:52,Nitro Tap,10.8%,UPDATE
2026-01-22 15:18:20,Nitro Tap,10.7%,UPDATE
2026-01-22 15:19:49,Nitro Tap,10.6%,UPDATE
2026-01-22 15:20:54,Nitro Tap,10.5%,UPDATE
2026-01-22 15:21:32,Nitro Tap,10.4%,UPDATE
2026-01-22 15:22:28,Nitro Tap,10.3%,UPDATE
2026-01-22 15:23:32,Nitro Tap,10.2%,UPDATE
2026-01-22 15:24:32,Nitro Tap,10.1%,UPDATE
2026-01-22 15:25:27,Nitro Tap,10.0%,UPDATE
2026-01-22 15:29:04,Law Tap,21.8%,UPDATE
2026-01-22 15:29:26,Nitro Tap,10.1%,UPDATE
2026-01-22 15:29:27,Nitro Tap,10.2%,UPDATE
2026-01-22 15:29:36,Nitro Tap,10.3%,UPDATE
2026-01-22 15:29:43,Nitro Tap,10.4%,UPDATE
2026-01-22 15:29:58,Nitro Tap,10.3%,UPDATE
2026-01-22 15:30:06,Nitro Tap,10.2%,UPDATE
2026-01-22 15:30:26,Nitro Tap,10.1%,UPDATE
2026-01-22 15:31:51,Nitro Tap,10.2%,UPDATE
2026-01-22 15:32:52,Nitro Tap,10.3%,UPDATE
2026-01-22 15:34:16,Nitro Tap,10.4%,UPDATE
2026-01-22 15:36:48,Nitro Tap,10.5%,UPDATE
2026-01-22 15:37:37,Nitro Tap,8.08 oz,POUR
2026-01-23 07:35:00,Nitro Tap,11.8%,UPDATE
2026-01-23 07:35:13,Law Tap,21.6%,UPDATE
2026-01-23 07:38:14,Nitro Tap,11.8%,UPDATE
2026-01-23 07:38:26,Law Tap,21.6%,UPDATE
2026-01-23 07:38:38,Nitro Tap,11.9%,UPDATE
2026-01-23 07:44:44,Nitro Tap,11.8%,UPDATE
2026-01-23 07:44:59,Nitro Tap,11.7%,UPDATE
2026-01-23 07:45:12,Nitro Tap,11.6%,UPDATE
2026-01-23 07:45:22,Nitro Tap,11.5%,UPDATE
2026-01-23 07:45:44,Nitro Tap,11.4%,UPDATE
2026-01-23 07:46:15,Nitro Tap,11.3%,UPDATE
2026-01-23 07:46:50,Nitro Tap,11.2%,UPDATE
2026-01-23 07:47:40,Nitro Tap,11.1%,UPDATE
2026-01-23 07:48:29,Nitro Tap,11.0%,UPDATE
2026-01-23 07:48:50,Law Tap,21.5%,UPDATE
2026-01-23 07:49:37,Nitro Tap,10.9%,UPDATE
2026-01-23 07:51:31,Nitro Tap,10.8%,UPDATE
2026-01-23 07:53:34,Nitro Tap,10.7%,UPDATE
2026-01-23 07:55:04,Nitro Tap,10.6%,UPDATE
2026-01-23 07:55:56,Nitro Tap,10.5%,UPDATE
2026-01-23 07:56:15,Nitro Tap,10.4%,UPDATE
2026-01-23 07:56:28,Law Tap,21.5%,UPDATE
2026-01-23 07:57:41,Nitro Tap,10.3%,UPDATE
2026-01-23 07:58:57,Nitro Tap,10.2%,UPDATE
2026-01-23 08:00:04,Wisco Tap,50.8%,UPDATE
2026-01-23 08:00:42,Nitro Tap,10.1%,UPDATE
2026-01-23 08:02:45,Nitro Tap,10.0%,UPDATE
2026-01-23 08:04:49,Law Tap,21.4%,UPDATE
2026-01-23 08:05:04,Wisco Tap,50.7%,UPDATE
2026-01-23 08:05:06,Wisco Tap,50.6%,UPDATE
2026-01-23 08:05:07,Wisco Tap,50.5%,UPDATE
2026-01-23 08:05:59,Nitro Tap,10.1%,UPDATE
2026-01-23 08:06:18,Wisco Tap,50.4%,UPDATE
2026-01-23 08:06:20,Wisco Tap,50.3%,UPDATE
2026-01-23 08:06:31,Law Tap,21.3%,UPDATE
2026-01-23 08:06:43,Wisco Tap,50.2%,UPDATE
2026-01-23 08:06:45,Wisco Tap,50.1%,UPDATE
2026-01-23 08:07:26,Wisco Tap,49.7%,UPDATE
2026-01-23 08:07:44,Law Tap,21.2%,UPDATE
2026-01-23 08:07:56,Nitro Tap,10.3%,UPDATE
2026-01-23 08:08:57,Nitro Tap,10.4%,UPDATE
2026-01-23 08:12:10,Law Tap,21.1%,UPDATE
2026-01-23 08:12:25,Nitro Tap,10.5%,UPDATE
2026-01-23 08:18:50,Law Tap,21.1%,UPDATE
2026-01-23 08:19:04,Nitro Tap,10.6%,UPDATE
2026-01-23 08:20:24,Law Tap,21.1%,UPDATE
2026-01-23 08:20:36,Nitro Tap,10.6%,UPDATE
2026-01-23 08:22:06,Law Tap,21.1%,UPDATE
2026-01-23 08:22:19,Nitro Tap,10.6%,UPDATE
2026-01-23 08:23:34,Nitro Tap,10.7%,UPDATE
2026-01-23 08:26:19,Law Tap,21.1%,UPDATE
2026-01-23 08:26:26,Nitro Tap,10.7%,UPDATE
2026-01-23 08:26:40,Law Tap,21.1%,UPDATE
2026-01-23 08:27:11,Nitro Tap,10.8%,UPDATE
2026-01-23 08:27:24,Law Tap,21.1%,UPDATE
2026-01-23 08:29:09,Nitro Tap,10.8%,UPDATE
2026-01-23 08:29:25,Law Tap,21.1%,UPDATE
2026-01-23 08:30:10,Nitro Tap,10.8%,UPDATE
2026-01-23 08:30:22,Law Tap,21.1%,UPDATE
2026-01-23 08:31:37,Nitro Tap,10.9%,UPDATE
2026-01-23 08:35:24,Nitro Tap,11.0%,UPDATE
2026-01-23 08:39:36,Nitro Tap,11.1%,UPDATE
2026-01-23 08:43:49,Nitro Tap,11.2%,UPDATE
2026-01-23 08:45:07,Nitro Tap,11.2%,UPDATE
2026-01-23 08:45:31,Law Tap,21.0%,UPDATE
2026-01-23 08:48:07,Nitro Tap,11.3%,UPDATE
2026-01-23 08:49:24,Wisco Tap,49.2%,UPDATE
2026-01-23 08:51:51,Nitro Tap,11.4%,UPDATE
